"Path in reciprocal space";"up";"up";"up";"up";"up";"up";"up";"up";"up";"up";"up";"up";"up";"up";"up";"up";"up";"up";"up";"up";"up";"up";"up";"up";"up";"up";"up";"up";"up";"up";"up";"up";"up";"up";"up";"up";"up";"up";"up";"up";"up";"up";"up";"up";"up";"up";"up";"up";"up";"up";"up";"up";"up";"up";"up";"up";"up";"up";"up";"up";"up";"up";"up";"up";"up";"up";"up";"up";"up";"up";"up";"up";"up";"up";"up";"up";"up";"up";"up";"up";"up";"up";"up";"up";"up";"up";"up";"up";"up";"up";"up";"up";"up";"up";"up";"up";"up";"up";"up";"up";"up";"up";"up";"up"
0;-40,769428452751136;-40,76914484833615;-40,623606699279456;-40,62359067644375;-40,62350586411535;-40,623489841804904;-27,126708005141303;-17,421756807015758;-17,414823020940823;-16,944160853775138;-16,944102460344027;-16,943367895763128;-16,943309217157022;-16,89907981932451;-16,885885042625105;-16,73380751686693;-16,733690285565732;-16,732638552223246;-16,732521313265263;-16,36347306794891;-16,363309987591524;-16,263158064737034;-16,26310085550052;-16,262361201238367;-16,26230371548577;-7,195093292135234;-7,163751238563449;-7,1637166168473;-5,860535783002212;-5,836257112952756;-5,8362480336262434;-5,818135095471023;-5,81813121635875;-5,800438797884896;-5,800432386350834;-5,790240319059334;-5,7379513889542135;-5,737948697704966;-5,627867915351562;-5,548980119777223;-5,543494550748605;-5,543486408090695;-5,541199327826082;-5,541192535233183;-5,516450334020521;-5,5164463925266105;-5,510946041284235;-5,486090922194224;-5,486090711204591;-5,484365260554934;-5,479726467688482;-5,479724304655842;-5,461635253870295;-5,461633237760461;-5,454748237382152;-5,454744169711546;-5,395319049652998;-5,395316364779725;5,117120396060813;6,372462185332208;7,340809239013822;7,975364008115171;8,253773930351429;9,600002281437895;9,888176674630651;10,575099345454143;11,002270366692244;11,109600408410724;11,109682192185165;12,028765509535628;12,028869527900419;12,39093145422318;12,391001187255533;12,74001139446255;12,74002140043794;12,841588983841426;13,09352202548067;13,09361256607408;13,210645831078642;13,320764331668677;13,320904767388084;13,412277072163441;13,721475618605888;13,721579222207291;14,37340223429515;14,373467246068243;14,410887862725438;15,359589737278295;15,359736989859416;16,419741763309375;16,46526827673511;16,465338985441072;16,555187083870415;16,555264105289357;16,567908523705007;16,576125639405042;16,57619799684841;16,75941927910147;16,759510501322232;16,95833459043455;16,986474721557947;17,194141530991292;18,838666854191324;18,8387823644127
0,05;-40,76864737798605;-40,76836294494517;-40,62438657442149;-40,62437509115639;-40,62352808035818;-40,62351266633516;-27,126706722837678;-17,416591402794076;-17,409687172026388;-16,94352264044371;-16,94274131353889;-16,940552772498133;-16,93976890002626;-16,898199658020143;-16,885068300738443;-16,734614903538738;-16,733715314810958;-16,733528498576067;-16,732544076771326;-16,365980519681354;-16,36582203393828;-16,26975851682811;-16,269019700176873;-16,26456813968468;-16,263768347602575;-7,195109831477415;-7,163647118872961;-7,163560616905465;-5,859958991579487;-5,836330008338517;-5,8360792915180655;-5,819017758172171;-5,818586888702903;-5,800552233203998;-5,800342843266508;-5,789378474454882;-5,7387692726212896;-5,7377425851304;-5,627828985890064;-5,550435074483599;-5,5435762931749775;-5,541934597771935;-5,541053134993531;-5,54071795489577;-5,517323052195443;-5,516479320617542;-5,510097280489941;-5,487277214112298;-5,485893141098804;-5,483998233912858;-5,480292906852964;-5,480016303406081;-5,461508196392422;-5,461216511808537;-5,455510617444923;-5,454261761644098;-5,395047750866435;-5,394364933586919;5,133970035915942;6,383558619183475;7,357447922561133;7,978618371986683;8,24222313732643;9,615576193159788;9,789349211575862;10,586200870998082;11,022173594245325;11,105691651484124;11,199116965647478;11,95981291810049;12,021879391459729;12,379872096945597;12,400420790888418;12,752934612102932;12,759395604033287;12,850050420235831;13,07980457413869;13,10771472514408;13,198364532634576;13,324942566183621;13,334282916591667;13,474888934632594;13,716442851907459;13,733792580820657;14,32529788936713;14,348101999764898;14,353567550126252;15,361443755980577;15,3909297561676;16,411225643131232;16,430897641017395;16,46482037291921;16,523025685049888;16,545446525954375;16,549679468230313;16,581871496786967;16,608801185094688;16,74352921302217;16,75129526417742;16,93546783830893;17,01538735340512;17,274318726418073;18,738536862760913;18,774921079216437
0,1;-40,766313481762964;-40,766042536610634;-40,6267897653698;-40,62678211950014;-40,6235324472632;-40,623516313357214;-27,126703136121503;-17,401346499366152;-17,394558528102923;-16,94165520828942;-16,94089262262719;-16,929875999826173;-16,929104957196582;-16,89552940343004;-16,882611651864067;-16,737107448555918;-16,736274049100135;-16,73370486696194;-16,732534540557037;-16,373853201634848;-16,373704792734173;-16,2894206834688;-16,288789715271744;-16,26848440652691;-16,26766346842193;-7,195155101724761;-7,163403073607569;-7,163043149398246;-5,858325273267644;-5,83655251094392;-5,835575129122564;-5,821538750115631;-5,819896920930291;-5,800887265567541;-5,800074237075847;-5,7870643402355;-5,740985658905059;-5,7371795674927615;-5,627702614157694;-5,552919227654207;-5,543817121107727;-5,540673730833859;-5,539403987437836;-5,539132012632042;-5,5188571097166035;-5,516493612809708;-5,508527069786986;-5,490313738812064;-5,485341113888078;-5,483243348471292;-5,4818716748833225;-5,480834158604819;-5,461245932261154;-5,4600707046370385;-5,457610476206186;-5,453014676650004;-5,394269592230846;-5,391745136574164;5,184301062757316;6,416596780390433;7,406781451160241;7,98667480677452;8,207854548449593;9,556177603608827;9,66119137825829;10,619253712844639;11,079896750116465;11,093770854535737;11,39432598921496;11,806941330984426;12,003752959612836;12,342965451838776;12,427179106258444;12,784643892045047;12,814990249605335;12,873164715049167;13,036961253077369;13,150204452660217;13,167927861908591;13,33978519847676;13,361167849570979;13,562074854751641;13,766475000699351;13,779781846683397;14,169258197759241;14,222744261322296;14,30258344327239;15,364850916402924;15,451539480058345;16,328881041557345;16,38248185499205;16,429778897535183;16,46256438691059;16,470225718476485;16,538992916025858;16,57746073571801;16,694443748144103;16,736413320089717;16,74027182440194;16,873484799399716;17,10212080959277;17,477524974466824;18,585366075124387;18,651022294207717
0,15;-40,76251616835351;-40,76224513850998;-40,630703943678576;-40,63069700134274;-40,62354287559256;-40,623533833380186;-27,126697517685184;-17,376795155852157;-17,37019252597357;-16,938147464814755;-16,937439206912906;-16,912327366693322;-16,911593500080112;-16,89117622947763;-16,878619050517354;-16,74118211919061;-16,740745705178977;-16,733703941856824;-16,732532925201514;-16,38789755355422;-16,387770829651757;-16,321409893643057;-16,32100038832719;-16,27367222631665;-16,27284726505617;-7,195228460841298;-7,162983761158158;-7,162233179750097;-5,855918567442105;-5,836903392914333;-5,834761608009128;-5,825461282099859;-5,821876429793196;-5,801462135953091;-5,799654495909398;-5,78398771699202;-5,743802131005211;-5,736345476118146;-5,627498825050823;-5,55521374864094;-5,5441763957745325;-5,540184441341068;-5,537647740906141;-5,536225251273348;-5,5198384285858175;-5,516320435355368;-5,5071068588491485;-5,49469534568688;-5,484503006478707;-5,484214303853387;-5,482251433951973;-5,482090315088468;-5,461077525786956;-5,460565046190369;-5,458383690085339;-5,45139440642229;-5,393017013376511;-5,387952878013982;5,267439404920715;6,4707911928426345;7,487034005670413;7,993800702989689;8,151365359324435;9,272789654956178;9,733302118486346;10,673458925547646;11,074136374599583;11,16902300844182;11,513309028534836;11,729403392889823;11,980218559019207;12,271473700462947;12,466373873103455;12,829427189887484;12,897537654631998;12,900766585851889;12,967959028332864;13,137924840235561;13,220816607062508;13,370449671877536;13,37204037388885;13,579143384268182;13,810337610995612;13,953675817247735;13,983196089868583;14,078281459574967;14,240553839142132;15,366635392456796;15,48891202394378;16,16961973738414;16,28885478150397;16,32681738128833;16,33653843455329;16,4572808427983;16,53614353263044;16,54530589315824;16,73053072112039;16,76872250035183;16,790737898086274;16,81711348213994;17,242216231104727;17,74963777244369;18,42186445595923;18,495700549945497
0,2;-40,75737938004195;-40,75711783647732;-40,63599058956038;-40,63597598056375;-40,62355539656263;-40,623545886540406;-27,126690438943214;-17,344295929650613;-17,337990184862274;-16,932327639876693;-16,931708463215045;-16,888310571776437;-16,887597633678826;-16,885297891657586;-16,87321390369435;-16,746780442105116;-16,7466783533265;-16,7337022970952;-16,732531455421615;-16,40882684539195;-16,408758992715125;-16,36461829993313;-16,36449361385746;-16,27888985775647;-16,278057160318966;-7,195320891037102;-7,1623831730777345;-7,161211182301316;-5,853123436818029;-5,837335494303147;-5,8336299369172435;-5,830597667124746;-5,824304057141092;-5,802294677688706;-5,799136265925716;-5,781137382762951;-5,745974243396154;-5,735368703828657;-5,627230592984408;-5,5569459761287945;-5,544608412587364;-5,539740635797391;-5,5360626712406695;-5,533489667238945;-5,519406829433332;-5,5157446101861325;-5,506169377711893;-5,500018352631434;-5,486960191571613;-5,483713792524676;-5,483486379396596;-5,481184392673383;-5,46388734463264;-5,461263751175773;-5,456404690951791;-5,449681182095062;-5,391391230163205;-5,383565606794561;5,382244575580315;6,544742768572751;7,595001511328336;7,98781192535228;8,073347936385385;8,987313596446668;9,825154296992952;10,747401861764542;11,04780852400682;11,254035454702704;11,42890763997262;11,862443680316632;11,956797140769941;12,159422306224421;12,510515969295708;12,837216465602063;12,879714614262102;12,943936196429041;13,009306558851355;13,13370082280362;13,318777650154557;13,359220094813688;13,41985870212053;13,638526814776645;13,717223646710385;13,857032383157119;13,946710700926383;14,189361705568443;14,198903021471134;15,36475294182991;15,471491696647375;15,983314952267499;16,121196376549612;16,15618532905896;16,243304600705006;16,448614117039412;16,5072847533734;16,54772192240319;16,707363854842697;16,735274141304547;16,81711612113607;16,925842490588508;17,423768311237566;18,045715368245574;18,22525351454429;18,305439629359746
0,25;-40,751107520825336;-40,7508534848867;-40,642428932612326;-40,642400245141616;-40,62356925147742;-40,623560326742265;-27,126682595118922;-17,306038027739763;-17,300129307662612;-16,923013512993226;-16,922554381737193;-16,878116412000818;-16,86661682028927;-16,858354616025427;-16,857678045544453;-16,754129494468796;-16,75337459307345;-16,733695822934607;-16,732530161682142;-16,436732036592225;-16,436727402234787;-16,417744392570185;-16,41753214703473;-16,283270668031193;-16,28245152340476;-7,195424064497163;-7,161623714245208;-7,160076802541625;-5,850325140775181;-5,837804872436974;-5,836648535620011;-5,832219124300542;-5,826907025533381;-5,803379061824962;-5,798577838705766;-5,7795769408043;-5,746188050547914;-5,734377329808232;-5,6269105681617555;-5,557896390390653;-5,545062901743878;-5,539496775106011;-5,535124245844381;-5,531035120421187;-5,5171760652189175;-5,514597237176951;-5,505944034263575;-5,505868449028246;-5,489670746770581;-5,48564383724192;-5,482423419342576;-5,480218761816639;-5,467160996533359;-5,461986792207927;-5,454349718262385;-5,447958198320264;-5,389556676521044;-5,379081007838343;5,527042767179135;6,63623893346919;7,725638832477834;7,9405202642006385;7,978132814775193;8,738775837093657;9,925404441805483;10,838796031871658;11,01696966337208;11,200166566736787;11,49301376406252;11,936951943878698;11,964892829597693;12,017173587378455;12,551099233173698;12,708810407509928;12,914686465804602;12,93856809145164;13,132029126969433;13,162439947020609;13,38503495639995;13,441833605395226;13,482924872342787;13,486373152572467;13,732137538219186;13,855312000449494;13,902853218434224;14,166695072822643;14,366443703641767;15,358441793400399;15,389835754349175;15,797047386184214;15,945946767444042;15,959726683193894;16,138347538976085;16,4376583762627;16,478284210523285;16,570127271563642;16,63955790489496;16,743935380248267;16,86091354914217;16,983976420258255;17,630577999684345;18,01111451049073;18,075575544911754;18,319544762056818
0,3;-40,743980252446235;-40,74373898659317;-40,64972089169892;-40,649671136493325;-40,623577712111576;-40,62357389570811;-27,12667469427581;-17,265223626702035;-17,25982192550791;-16,90834777722833;-16,90815511799122;-16,869975900109992;-16,859125611896502;-16,823132525524006;-16,822517203897707;-16,762454231234877;-16,76097717660118;-16,73368589441723;-16,73253146785054;-16,478760660055578;-16,47821057768687;-16,471021088707563;-16,470937066326815;-16,286572777583313;-16,285782107725318;-7,195529988595653;-7,160762592882117;-7,158939717191178;-5,848153750866809;-5,842834212358076;-5,838258009828598;-5,830603635139276;-5,829419321059294;-5,8046818633826485;-5,79803814302303;-5,7796663811702755;-5,744077002397227;-5,7334512257964985;-5,626567619710147;-5,557966709818604;-5,54549353230645;-5,539486410931113;-5,534669009553463;-5,528939937001197;-5,513824505992656;-5,512832110898558;-5,512157558657458;-5,506063580927349;-5,491897422792269;-5,487845850275928;-5,481406223441619;-5,479490586288584;-5,4700840303039175;-5,463347411837039;-5,452403613937115;-5,446254016561324;-5,387723411541727;-5,374879437831389;5,699446300127216;6,741713611852098;7,801488384645488;7,871263488097302;7,883899273403673;8,568152736124132;10,016611023609727;10,944037156924505;10,98481355795451;11,10918944966531;11,628656324596008;11,877144099836844;11,922018851265955;12,007393726210797;12,562967933416719;12,581348759959115;12,893512123403944;12,926992801670051;13,163025999570475;13,258458370608324;13,323146246533677;13,462724510634164;13,56241342891685;13,585013414155446;13,820043172351363;13,830754680865942;13,950242418939313;14,182630751561028;14,470673583671305;15,25100390010755;15,347203691779354;15,600533154890702;15,722043579658571;15,854566538974728;16,02134261381426;16,426867709962067;16,462491383162572;16,593911915991217;16,598322140282654;16,75424474842702;16,888594214069876;16,958289695230064;17,789388392163115;17,821668649676035;17,890846432002096;18,52308863627753
0,35;-40,73643984551667;-40,73621127809995;-40,65740674958064;-40,65733932813591;-40,62358998630719;-40,62358387411084;-27,126667608119966;-17,226208280780003;-17,22143450414922;-16,885942749984;-16,885751901695055;-16,861339256377278;-16,851194063159475;-16,78348515891721;-16,78293852164351;-16,77123563599906;-16,768992064722017;-16,733677335729446;-16,73253120673299;-16,545211259535492;-16,544348309447486;-16,51050176620786;-16,510315515160364;-16,288894455663065;-16,288132004574127;-7,195625119064181;-7,159900090613191;-7,157912029214684;-5,850679751511868;-5,844575984094976;-5,838658535143734;-5,831626395955444;-5,82889410339586;-5,806097572091481;-5,797557448247529;-5,780739800116833;-5,740618653526453;-5,732685889974888;-5,626238384874109;-5,557146082717576;-5,5458612040964566;-5,539657664634905;-5,534250599141303;-5,5272626003678065;-5,518286673876179;-5,511728944707663;-5,51056089415132;-5,505103411995262;-5,4933688473577265;-5,490252443964982;-5,480556909149669;-5,479043485178354;-5,472476721310638;-5,4653122007368635;-5,450726477524114;-5,4446465674853615;-5,386097222427015;-5,371299775896964;5,8958236106966275;6,854262735868944;7,5932117986626615;7,770500787342219;8,020246717561898;8,483512275769165;10,077132256463894;10,954986269249686;11,047984106974281;11,057168306660333;11,726452052904861;11,78395285167111;11,911856481743635;12,04459260582495;12,412952188510324;12,598899548534142;12,749360543637682;12,932081526866325;13,101432248279412;13,312867502163718;13,376510643637298;13,536420821414051;13,633492684514191;13,739266461392754;13,852986074811689;13,932225831325841;14,006159475461766;14,236320844110269;14,519542628148757;15,071440066605405;15,329481904725219;15,390335264242962;15,501808231656062;15,823831037490422;15,903744740268023;16,4204892400457;16,459414168765722;16,579677494864555;16,606059005794563;16,764041808557543;16,854778534208812;16,89623554806696;17,57803411731453;17,695263499991007;18,115574201849483;18,60661259917398
0,4;-40,72920281744854;-40,72898664130692;-40,6647604755582;-40,66467689294272;-40,623603121660175;-40,62359103409191;-27,126661990728355;-17,194076744079666;-17,189976054072524;-16,853899391946058;-16,852547832621855;-16,85235280826862;-16,84356163348172;-16,779641039862447;-16,77668049606969;-16,7404013637366;-16,739924383055506;-16,7336575930124;-16,732508378296238;-16,614230541385083;-16,6131247417912;-16,553812350588064;-16,553505328357737;-16,290407442124128;-16,289662961136482;-7,195701209222731;-7,159156266619491;-7,1570968682091225;-5,855793424858288;-5,8432550538457235;-5,838973516216799;-5,833342192423783;-5,827290455689869;-5,807474589326875;-5,79718457049336;-5,781954527228473;-5,737155991177526;-5,73212322695468;-5,6259659671637925;-5,555652935330109;-5,546146342415516;-5,539897354142967;-5,5336969583204505;-5,526209743971791;-5,523644798418402;-5,512574263728383;-5,508036062193118;-5,501647789908679;-5,494184950161199;-5,49274364366093;-5,479968272536844;-5,478826952689701;-5,474200185299566;-5,46762818147713;-5,449440042469743;-5,443293702284966;-5,384832698849695;-5,3685769676905455;6,109451007094389;6,952211132667608;7,370516891495598;7,645153029492048;8,155322074756581;8,450566995970746;10,093863227348029;10,930926632819439;11,016939907128302;11,167510819142372;11,742882046416854;11,773524677296239;11,905623566528268;12,126429924407915;12,273440606287002;12,528898438320205;12,606116589212427;12,93605498365109;13,084675088291052;13,319019471846712;13,474169965223217;13,56980207700768;13,683793416042416;13,88939346867343;13,950565273159647;14,051606258260723;14,072319783366778;14,31299347252224;14,514886374446176;14,872552847269905;15,188222169052533;15,27601630292466;15,334437816768716;15,79966670891348;15,854136913253743;16,424491382511462;16,465462115452024;16,566834273960403;16,593364586750322;16,71727547162424;16,774014008620945;16,888317314137744;17,38272747084746;17,680888225299434;18,30556646007137;18,609411032751535
0,45;-40,72351680477515;-40,72330479332781;-40,67051878043131;-40,670427693953265;-40,62361485459408;-40,623593823750994;-27,126658366428845;-17,173215856119327;-17,16964298498755;-16,846586757360896;-16,837589640325923;-16,80892180220511;-16,80783933093918;-16,786233342756947;-16,782711883985254;-16,73367766258517;-16,732544979356906;-16,695035728177402;-16,694672274055424;-16,68198316030671;-16,68076021374356;-16,599410563672247;-16,598957696030652;-16,291244768134916;-16,29052257904902;-7,19575078363261;-7,158652238369237;-7,156571039318518;-5,859366509935363;-5,842308169819834;-5,8391665775150905;-5,834423347833672;-5,826099052397802;-5,808528106723737;-5,796946988199684;-5,78281732384693;-5,734700496124942;-5,731770073765502;-5,625786336746756;-5,554045874236959;-5,546323133787078;-5,540082343603693;-5,5331456876472025;-5,528308104884712;-5,524947787898749;-5,514008884974099;-5,50571866468161;-5,498229797396187;-5,494979019474984;-5,494633458485778;-5,479645409798334;-5,478753357279089;-5,475190543290725;-5,469711010536411;-5,448630965389598;-5,442382921100001;-5,384040997533638;-5,366868823698006;6,321537665675446;6,940222288588026;7,264563173802692;7,520460359129439;8,253088928082432;8,439402805551888;10,080480868352856;10,91534885367396;11,00602695263094;11,25530144157801;11,722809656551556;11,847032404173493;11,902356856304605;12,16640662947229;12,20888612565833;12,30907499624841;12,6076970731666;12,937239423509569;13,086923959854998;13,315912517276765;13,540292225783404;13,580851327720842;13,708676169752307;14,009182997153383;14,079987404980491;14,131697904505351;14,168956778372806;14,383335608884009;14,474775939734347;14,68587018228234;15,026317753400889;15,139550408545453;15,30068664727679;15,725925645797838;15,909866351599339;16,444474909069452;16,4742156289775;16,553401602113308;16,553770780776407;16,60677017626403;16,77886391588831;16,875616106870897;17,26343380681831;17,76223494477235;18,18336040036588;18,620807776012043
0,5;-40,721242032332455;-40,72103374493258;-40,67281279844434;-40,67271780801019;-40,62361646043176;-40,62359744670225;-27,12665708376944;-17,16604801503274;-17,162679979077634;-16,843978897740342;-16,83518471068508;-16,78888861479222;-16,785142755458175;-16,76755870179209;-16,76609070289661;-16,73368053396656;-16,732546912278735;-16,73139863478902;-16,730345224715084;-16,655841837200793;-16,65557125293554;-16,638971333803593;-16,63788899709203;-16,291509210162136;-16,290791740586318;-7,195768135985957;-7,15847234748296;-7,156388809918204;-5,860620398197453;-5,841976447594496;-5,839232440619378;-5,834785235895297;-5,82564394849402;-5,808937488560289;-5,796864001522446;-5,783123427066876;-5,733814504634969;-5,731647074715772;-5,6257201437200415;-5,553294776968417;-5,546384859757716;-5,5401583300912405;-5,5328958029743545;-5,529848471004451;-5,524758744703169;-5,514626638158165;-5,504628447967442;-5,496747546068586;-5,49602235691936;-5,49486521218748;-5,479542190705836;-5,478732939210006;-5,475505418873527;-5,470589949687883;-5,4483476116443645;-5,442058882432922;-5,383766725398718;-5,366280066022372;6,442629089160951;6,852628463620203;7,296044516363091;7,444135659561355;8,28937385181595;8,43681554359879;10,0701337424285;10,909963239752088;11,00404809619042;11,290586330728297;11,711804487085331;11,901351982905389;11,924444270210918;12,121304816287422;12,186610944282409;12,241566799177564;12,607712866616815;12,936929876091884;13,089368585217594;13,313266908554773;13,56421555090085;13,585037947855424;13,715178116902482;14,057784941418605;14,156113379033817;14,156176796249358;14,223589591315823;14,412352323873089;14,450517969256998;14,59119043384147;14,958739035889865;15,081784327834011;15,290977007229937;15,69887981111496;15,937234414547952;16,46873559994246;16,4783066536252;16,517832717611874;16,547857038771223;16,564227319546497;16,780725744025634;16,86965644828662;17,22501935502074;17,871403558600978;18,02808722768494;18,625928682010834
0,53725291934869;-40,72097996499747;-40,720771633247345;-40,6730807860829;-40,672982223345166;-40,62361382673403;-40,62360289997838;-27,12665695260076;-17,163922279483018;-17,160552905493148;-16,843677941000486;-16,834913779649032;-16,789185957690478;-16,785416660492462;-16,772496300920565;-16,771065447207494;-16,733853693047394;-16,73377222227555;-16,732697284069875;-16,732465605252624;-16,653059798268806;-16,65273815520206;-16,63456998821442;-16,633559609095485;-16,293603314819904;-16,292880667743855;-7,195770315783635;-7,158429736870088;-7,15637015217366;-5,860602712017856;-5,842142504579875;-5,839217327155342;-5,835517068831481;-5,825570653886189;-5,809071689184135;-5,796813754052757;-5,782348121034918;-5,735638698613534;-5,729819129507965;-5,625717593425294;-5,553187264795932;-5,54632119452856;-5,5402912618603715;-5,53271546989162;-5,529839109308752;-5,524870894738007;-5,515011157347567;-5,504357667076229;-5,49653677652098;-5,496173820306474;-5,494745080847574;-5,480710154019169;-5,478260515676068;-5,4754939613668565;-5,470492787644849;-5,448539354695083;-5,4412643135837095;-5,384207122653793;-5,366000599640365;6,447613028818642;6,85638907700688;7,298589180515642;7,4430325816129015;8,292024437933728;8,419481712900831;10,07818841226973;10,90588316901783;11,005729423598753;11,294681293254403;11,717496459805579;11,916983914763485;11,926636188562073;12,086099813730323;12,184157692351658;12,248277751009402;12,621932000130391;12,93757168317765;13,093892743094738;13,3133515841702;13,5513270251122;13,566400824619285;13,692820429728378;14,064186092548317;14,117653720036447;14,147770694602599;14,275123501547004;14,449063707507682;14,458488935267658;14,582266144645773;14,959853634974616;15,078506658954227;15,29085083792258;15,694784797749273;15,925296063273501;16,411321199101447;16,455508153745146;16,486039203770275;16,610163280504914;16,643873226171213;16,6995905571544;16,953167679390525;17,208649629583114;17,895266303111708;18,036083180990744;18,60674934390402
0,5745506404586989;-40,720190807508445;-40,7199894257352;-40,673874836844924;-40,673780544863845;-40,62362698622073;-40,6236122322459;-27,1266565880668;-17,157554974105572;-17,15421952343228;-16,84278171160759;-16,834093016553624;-16,79008911582698;-16,786222559835014;-16,785707202770425;-16,784354020625415;-16,74007522619641;-16,739217307586944;-16,73366274216169;-16,732515219355783;-16,645574503282866;-16,64515793573176;-16,623062176910718;-16,62218819881871;-16,299830454503315;-16,29908316731078;-7,195776740952374;-7,158306747713525;-7,156316857632091;-5,860561765025064;-5,84262087623662;-5,8391786598808855;-5,837515188725391;-5,82535470342252;-5,809471259136602;-5,796669261810746;-5,780200280408121;-5,738188254648807;-5,727279022296808;-5,625705591892577;-5,552869769106473;-5,546130194781351;-5,5406504130378025;-5,532243000235865;-5,529814315732278;-5,5251996401657255;-5,516022764889654;-5,503684964858495;-5,496472890622243;-5,495919583264367;-5,49451688704042;-5,4830391793114455;-5,477821247491721;-5,475473110751218;-5,4702036920847394;-5,449114200725521;-5,439072233256265;-5,38544602379871;-5,365249372562415;6,462539431649198;6,867547425673648;7,306217735693245;7,439518173238404;8,29983600146;8,369120586446206;10,102256664519041;10,879796308703861;11,027205590329817;11,306919393909643;11,734172285960597;11,932379615381523;11,960004294660742;11,994037722221762;12,177642411243038;12,268585375301644;12,651819412018526;12,936627763214416;13,107212255870447;13,31363505093263;13,516069047553096;13,51786023145138;13,632011760298074;14,041867504195825;14,083118896524887;14,165323589817696;14,37330537946315;14,445273076294226;14,555952643742591;14,55729497912764;14,963197169720651;15,068452792427987;15,290501695292857;15,682958972406682;15,890792970651034;16,328045800046958;16,416568124730663;16,48227303997771;16,590120542622948;16,702420826619676;16,763085663911898;17,070138186364147;17,167102640443204;17,95877298922512;18,05897136941104;18,563881705153104
0,6118035598073889;-40,71888283138633;-40,71868432341153;-40,675187941056286;-40,67509164601653;-40,623639606885924;-40,62362140662098;-27,126655957372687;-17,14704050101268;-17,14374987730613;-16,841289039509434;-16,83273554776642;-16,804278699730855;-16,802957876611025;-16,79157589432329;-16,78755874437291;-16,748559007115706;-16,747847263937032;-16,733703914868407;-16,732545525244063;-16,635004042139506;-16,634479600717007;-16,607464364969687;-16,60673058978325;-16,31000509287705;-16,30923730934454;-7,195786248822063;-7,158108188513719;-7,156233185102141;-5,8605261455706215;-5,843373130969805;-5,840316082944307;-5,83910836931636;-5,824985841960225;-5,81009912511228;-5,796452031737282;-5,777082122838697;-5,7407049146166145;-5,724782895255351;-5,62568453568292;-5,552338867422206;-5,5458149750750865;-5,541096695726101;-5,531598229827061;-5,529784898571333;-5,525724886113873;-5,517387992116778;-5,502865712288856;-5,496767259585274;-5,49490745410469;-5,494323630642955;-5,4860667571752275;-5,4774416067578935;-5,475427332221262;-5,46971630166299;-5,45004163453331;-5,435881283961183;-5,387300820294588;-5,36419096345356;6,487331188939736;6,88569836451874;7,318917331441284;7,4329987530663635;8,290202584579516;8,312388855956131;10,142052848516524;10,82742641425613;11,078323235057683;11,327130326224808;11,760636195922247;11,867265913105816;11,93887681010034;12,021220552287724;12,169966066590465;12,302985738390237;12,67772040099716;12,926184985978285;13,128502321731677;13,314101074343471;13,451591932775239;13,467607931249477;13,549282913587122;13,962997391466622;14,113670642402484;14,21037656289397;14,441285095279893;14,48738672945139;14,513764931472208;14,675204488944129;14,968531697286693;15,051057927206502;15,29003644217627;15,664368654096945;15,839994705845292;16,255977292687255;16,353973537123302;16,48446989860374;16,518466971034112;16,802053490046074;16,88823612626661;17,115172848011508;17,1895113784286;18,04582557907485;18,093560796079153;18,5105118987267
0,6490564791560789;-40,71707044336603;-40,71687388606881;-40,67700872671389;-40,67690363811351;-40,62364921472958;-40,62363242689629;-27,12665513455019;-17,132532160008108;-17,12929123400615;-16,839231676423275;-16,830855535230924;-16,826060636544177;-16,8247147503692;-16,793632426908058;-16,789413055733096;-16,75801739304313;-16,757451536018227;-16,733741664570594;-16,73256559596146;-16,622583404712678;-16,621955087275904;-16,59006310296666;-16,589460090569528;-16,3238588789131;-16,323058479678433;-7,195797486403052;-7,157847257654862;-7,156131841293773;-5,860571458975779;-5,844341136656666;-5,843387462347438;-5,839023842678914;-5,82445881157526;-5,810919231295357;-5,796197114724711;-5,7734418554942994;-5,743120502132681;-5,722453069712223;-5,625653126610676;-5,55160621154012;-5,545399910890888;-5,541520851110158;-5,530902722086521;-5,52978334235376;-5,5264116085222525;-5,518903082641582;-5,502053669357013;-5,4969947849524186;-5,494235819938377;-5,493577904197491;-5,489433114972011;-5,477058776038485;-5,4753632377236485;-5,469044529463953;-5,451298900732135;-5,432092412513485;-5,3896060659063405;-5,363013466083316;6,5218587684280385;6,91005100509045;7,336665686758183;7,422516308518205;8,188990124280352;8,328955370979537;10,1970892869145;10,76210315388837;11,150935039979403;11,354895509231454;11,721015879839378;11,794911815920713;11,940643068790653;12,089690912260718;12,16674062716735;12,35221340208462;12,688722517466426;12,896958049862262;13,156122621393038;13,314530917907339;13,37515853615552;13,41670961547815;13,460200119188167;13,892271753387677;14,15421528449269;14,26857042214386;14,441490116030325;14,45858569933905;14,60783224094594;14,801655715756088;14,974675192990004;15,026009968428017;15,289590781940834;15,639708213027946;15,78372250443431;16,193509694736484;16,270596973196007;16,387084915856427;16,58703248281735;16,900561889344637;17,010819814603984;17,065160045032542;17,308530725906255;18,134151569811515;18,14170823612084;18,391106639826397
0,6863542002660877;-40,71477062642301;-40,71458422216404;-40,67931182129306;-40,67920753011523;-40,62365528966964;-40,62364113652726;-27,126654187041865;-17,114246419234476;-17,11108315031965;-16,84987262138138;-16,84841206680861;-16,8365966565155;-16,828461666271945;-16,796249733207688;-16,79176662778444;-16,767657231804172;-16,767239108782718;-16,733774333425288;-16,732584900024634;-16,60903263202899;-16,608334696087685;-16,57227875755553;-16,571818367448124;-16,340957205567534;-16,34008051727125;-7,195810137128866;-7,157540916432587;-7,1560286911420015;-5,860795113154366;-5,846247434967517;-5,8454526673106395;-5,838944530476266;-5,82377067334185;-5,811902602588948;-5,795929621838014;-5,769639978309146;-5,745410744164107;-5,720360004587491;-5,625614840603615;-5,550690503891955;-5,544916003367009;-5,5418710206937725;-5,530231022675754;-5,529839815392352;-5,527226288598345;-5,520447807723456;-5,501279169072519;-5,497122962641486;-5,49428294671282;-5,4928204132537966;-5,492055463606541;-5,47666326367251;-5,4752973351192935;-5,468192876980131;-5,452850550273887;-5,4279872722471785;-5,392233670767255;-5,361847459865732;6,565940130484188;6,939166778151058;7,359434559731539;7,406858980008806;8,072618958762206;8,348474908369461;10,266681806550059;10,694387766850715;11,23808090793699;11,388493179512022;11,56597788875228;11,834361452975823;11,930487218444352;12,153005824000985;12,175329984468599;12,417083757859185;12,681163290605305;12,847453052106736;13,18727302195705;13,29223940257782;13,314544146789393;13,368218619536826;13,374534596405324;13,835801190532361;14,200814883698149;14,330518427363533;14,39617394042926;14,45198802855949;14,729681052771657;14,923208768090019;14,978709038646208;15,001877497883614;15,289248809205372;15,609895502014803;15,732762480599744;16,134992341856243;16,169765338334756;16,301092896913026;16,67814147012064;16,99183401418707;17,025547571221864;17,123102702008993;17,42607025288491;18,155852053059338;18,234257075665653;18,24423925166868
0,7236071196147777;-40,71200700547281;-40,71183015193741;-40,68208073370146;-40,681967747118144;-40,62366643750014;-40,623650868274964;-27,12665319794834;-17,092509427901653;-17,08943128148423;-16,874974446821195;-16,873405395867305;-16,833456393549998;-16,825591075996908;-16,79938707178033;-16,794606419608428;-16,776950342587423;-16,776673690956226;-16,73381371791125;-16,73260687657034;-16,594777313477845;-16,59402111640684;-16,555184168384937;-16,554892969331366;-16,36059778614645;-16,359593570337314;-7,195823743848198;-7,157208225302568;-7,155941190426361;-5,861307170868954;-5,848491521052178;-5,846627213594687;-5,8388723760546455;-5,822924641512233;-5,81301347441981;-5,795682643656612;-5,765943731290342;-5,7475675938389434;-5,718567798389559;-5,625574318314889;-5,549616780466637;-5,544429142864502;-5,54211092981779;-5,529979630966722;-5,529599291923014;-5,528114663858202;-5,521950200282403;-5,500537780114814;-5,497146297772976;-5,495949020726895;-5,494486925412024;-5,490473238948046;-5,476262812238441;-5,475238312301382;-5,467177877195972;-5,454634077950722;-5,423775838845866;-5,395106692090331;-5,360785073330237;6,619339152915416;6,970331721174684;7,384940226584648;7,387195411547834;7,948703090682944;8,369520689842988;10,34996155378431;10,631258785669548;11,335012046239628;11,382414872703363;11,45373278876845;11,875865863484368;11,90410546443021;12,194253431547745;12,200206455514893;12,49815018662981;12,65519420497429;12,792955001698612;13,206149145088757;13,217669714034562;13,296832124418588;13,313867236049777;13,316998957281514;13,799484867213177;14,233577254466834;14,348449588549585;14,39096865424957;14,47776120535278;14,849491553564897;14,92708164825581;14,975717490371387;15,088303875119498;15,289085952371742;15,579264579261471;15,693652239763132;16,055235392596;16,07289888294513;16,229163126562476;16,782933310627275;17,002197146426425;17,071162230116343;17,21798515457654;17,541362433503295;18,018097574341617;18,243265683676665;18,313115955532478
0,7608600389634678;-40,708818471177324;-40,70865075223933;-40,68527634552201;-40,6851603050144;-40,62367805860492;-40,62365742417168;-27,126652271825932;-17,067726573833607;-17,06478099888324;-16,90104986332525;-16,89931948058848;-16,82982634844152;-16,82228150634939;-16,803020112374945;-16,79789450092411;-16,7854605500609;-16,78532222697271;-16,733844837832404;-16,732622905149825;-16,580070553689012;-16,579281182325843;-16,53999079472589;-16,53993229267456;-16,381595711401555;-16,38039704180763;-7,195836675522935;-7,156872387652322;-7,155886924288341;-5,862139297174373;-5,8498973543088395;-5,847774045627567;-5,838815790582941;-5,821934903683509;-5,814220327174294;-5,795475428453498;-5,7625408752792815;-5,749596603819665;-5,717124525506934;-5,62553535424792;-5,548421460030294;-5,544027404304334;-5,542246784808701;-5,530220732364174;-5,529012054535712;-5,529001674664604;-5,523362371198066;-5,49979854336539;-5,498597663440915;-5,497085082582931;-5,494857183535876;-5,488975569183591;-5,4758963406822;-5,475195442259479;-5,466021932368097;-5,456572587656255;-5,419599563009446;-5,398166720094744;-5,359888988576822;6,68175569885358;6,9980015547280905;7,357037788631098;7,419925432683284;7,825439053544498;8,390261310967707;10,445860020128402;10,577608210405414;11,233686099304856;11,437764897127002;11,491892245067255;11,862630920839962;11,916091157063708;12,191721594191128;12,240420220439198;12,595230048233791;12,612884346658442;12,762280282520555;13,121150726972717;13,228236142455609;13,242040971439847;13,254143884277719;13,31258010079175;13,789597821848306;14,195114921784942;14,374719367344065;14,447040364113471;14,518383843897391;14,869602704180162;14,96032036120683;14,963915091415567;15,22692518686876;15,289174714319067;15,557494013802373;15,666867191259842;15,93147647762873;15,99939574714544;16,173244921525868;16,893284634360487;16,999071487228516;17,13491569740863;17,290354316675387;17,653731630974278;17,829346173814614;18,235315931586555;18,28102041861942
0,7981577600734766;-40,70523343979561;-40,705077432888736;-40,68886648542189;-40,68874764304656;-40,62368749567084;-40,6236691516996;-27,12665151491464;-17,040549346752435;-17,037735191036774;-16,927865717872606;-16,925934706586595;-16,825741391811178;-16,818558955168466;-16,80710506583356;-16,801593626130366;-16,792702108580897;-16,792679927375442;-16,733874471264834;-16,732638558162105;-16,5650903545584;-16,564286750039237;-16,529017840263965;-16,52874980845542;-16,401732830455725;-16,40022164033832;-7,195847560835681;-7,15655629214632;-7,155883209071468;-5,863098966100573;-5,850510016040035;-5,8488101676713615;-5,838782483460493;-5,820805531851501;-5,815503574456922;-5,795316943946986;-5,759552773144027;-5,751515785988327;-5,716074074995919;-5,625503853572225;-5,547159344899164;-5,543847835420765;-5,54230284851494;-5,530516659007742;-5,529836952332122;-5,528383962758742;-5,524656864849825;-5,500583675095899;-5,499045361430659;-5,496990985843206;-5,49537064239344;-5,487705530213278;-5,4755884016097705;-5,4751835227011725;-5,464754193383161;-5,4585591665034885;-5,415551098791521;-5,401379141093228;-5,359213102440045;6,752823793971349;7,010448301414882;7,328180003743858;7,457618147763818;7,711670874468415;8,408450122749098;10,536927843060324;10,553122758652272;11,078742144348444;11,541408591434239;11,547812498095933;11,809460615040956;11,951749770217575;12,136628488398895;12,292703314250952;12,557341121383072;12,706602211297929;12,77439968941891;13,04126111683534;13,169539766339742;13,174793655474991;13,256495782859083;13,311078105491452;13,810733563615706;14,117155091505541;14,444724055238053;14,49751013233491;14,564517495385932;14,79711752399637;14,931407078272551;15,06808758780903;15,289556098069985;15,370483403162376;15,554174181424207;15,650346038604708;15,805038021963814;15,907999045405827;16,134225861597066;17,000534999210554;17,01842255535179;17,17980922992023;17,338611446847136;17,638538454866584;17,762526255292727;18,151105800440366;18,316336851396024
0,8354106794221666;-40,7012855762839;-40,70114356510102;-40,692808870451366;-40,69269251956753;-40,623694717905074;-40,623671528699994;-27,12665096973451;-17,011865138660358;-17,00922889072523;-16,95526624393268;-16,953110078115053;-16,82124689381232;-16,81445832452751;-16,811599941673837;-16,805670260800284;-16,798032079035657;-16,79795884429228;-16,73389031220097;-16,732649818136938;-16,549952538677676;-16,549151966140293;-16,525899910097095;-16,52527280084122;-16,416898342171105;-16,415013476337037;-7,195854370942213;-7,156280343407725;-7,155943637080414;-5,863860544019305;-5,850544387254077;-5,849649594480317;-5,838764920058676;-5,819556258873944;-5,816839933112972;-5,795217916187477;-5,757050090091896;-5,75333372130563;-5,715435217997246;-5,625480376738373;-5,545910128710546;-5,544058343519967;-5,542308267096592;-5,530749229092327;-5,530473972971087;-5,527683918870847;-5,525817867314385;-5,501784271023996;-5,498273313742827;-5,4970012438452756;-5,495904816755046;-5,4868210432601305;-5,475366111697561;-5,475192584476793;-5,463403524575934;-5,460433803604954;-5,4117002917454835;-5,404700661263751;-5,358786069191533;6,832091006973971;6,988105777486469;7,3107162387362425;7,5003011033032845;7,616177121593513;8,42146626147683;10,51159642265329;10,670305537823191;10,931453800279726;11,610776779502027;11,634707550525828;11,747601585432704;11,979865522935956;12,052988737031091;12,354104193894356;12,492359648339233;12,820017151381144;12,82488481573126;12,972668576244724;13,080066026657859;13,123194835643085;13,261545693066783;13,309883411695187;13,862882400117847;14,030650510366556;14,52848862732505;14,542546786944126;14,595592544592312;14,713236163686679;14,899303111799993;15,151512614643652;15,290166355893927;15,515548203340222;15,572690109617367;15,642293813769848;15,688471150929418;15,795021129247692;16,111804316522;17,06107434438063;17,092040146094334;17,196467247497562;17,364727929983058;17,47157842750273;17,867023387639012;18,061012164388913;18,347776764429067
0,8726635987708566;-40,697091521086286;-40,69699074442837;-40,69696510492867;-40,69686433190299;-40,62370075883429;-40,62367297501563;-27,126650750819312;-16,983176562750224;-16,98309994332328;-16,980772909262793;-16,980696612361694;-16,816473057817753;-16,81635556023588;-16,81011405405698;-16,80999672624659;-16,800194331765084;-16,800077015247027;-16,733896644711344;-16,732653835848673;-16,534784612166497;-16,53470700244184;-16,53399241309673;-16,53391510198566;-16,422325851318917;-16,42027095362838;-7,195855363131893;-7,156089527693473;-7,156054808192578;-5,864157830961434;-5,850232580379025;-5,850224425554068;-5,838756238847551;-5,818208815395875;-5,818207561757768;-5,795182780207915;-5,7550699232875555;-5,755067541859785;-5,715216737646259;-5,625465837998723;-5,544791368654471;-5,54478386473572;-5,5422976699058655;-5,530786174814653;-5,530779656297262;-5,5268302964543;-5,526826264129022;-5,502179484159642;-5,497492041124207;-5,497487342053582;-5,496112484592327;-5,486490071213023;-5,4752398007577225;-5,475239612912087;-5,46201991118704;-5,462019372443013;-5,408105133692817;-5,40810488564029;-5,358633020805788;6,918877183617772;6,919022085301537;7,308853429389249;7,54798910703728;7,548090247257282;8,426447927824894;10,502998235674292;10,79570918510931;10,795780186274024;11,679274308905423;11,67932677878613;11,680984663430918;11,998019702705376;11,998049637961731;12,422295418230346;12,422341517253573;12,872830854998105;12,872865605315468;12,981680022627543;12,981752097689712;13,09924722149876;13,261895167284964;13,30942535900896;13,941436860202945;13,941551093461058;14,583475573481797;14,583518234937909;14,620667011653799;14,620763221689533;14,885462657323497;15,188257780501278;15,290608003104435;15,610084652708833;15,610145933756455;15,640421153752538;15,6604366107457;15,660479420580549;16,10472257605618;17,126289927588218;17,126361506884614;17,16029484199992;17,37256527174681;17,401083562877734;17,966301504739928;17,96636845608953;18,377698702087073
0,9197569103978807;-40,706279812534575;-40,70612125166039;-40,68781737429776;-40,687697229975925;-40,62368165642161;-40,62366257909608;-27,12665169363843;-17,040110558091417;-17,03711366423418;-16,9350804488228;-16,93345025247312;-16,826937888772374;-16,819661795297097;-16,805891497132325;-16,800484174084502;-16,786692344930827;-16,786548784549687;-16,73386864196149;-16,732634025503963;-16,58240042881822;-16,581878426227945;-16,504573878205342;-16,50377901620685;-16,408129147758235;-16,406372245880426;-7,1958438315633;-7,156581491999205;-7,155911151847864;-5,862769322405888;-5,850388799734957;-5,849153348173779;-5,838759357319648;-5,821006856263709;-5,815329534240155;-5,795317610955856;-5,758415037701337;-5,7526712184585405;-5,716047753936452;-5,625512110214645;-5,547689402067793;-5,543456064796001;-5,5423431356417305;-5,53015564542774;-5,529815070859494;-5,52842967505586;-5,524537005150038;-5,5007367204354995;-5,4996064817493515;-5,496025366993639;-5,495861836916925;-5,487901346816042;-5,475475003128539;-5,475335987011578;-5,4637525839281675;-5,459328546623176;-5,41508659149906;-5,401866622635867;-5,359262085006558;6,686405485881084;7,112383872396762;7,262511560050516;7,5407129737521865;7,659736009394783;8,401460698865852;10,537046543782468;10,568066918185734;11,063774413545357;11,521666395297029;11,53000185199382;11,827714719367668;12,00053787069579;12,134051113656268;12,287564379415295;12,571931563109082;12,70540036051039;12,763473363751098;13,031309550711178;13,040234467076555;13,271125072447694;13,297775037439841;13,311279682532632;13,761926474841642;14,149671918581333;14,424266915264967;14,427232570673828;14,659701630024733;14,823778593385352;14,91182402596506;15,046126112816228;15,265694525447733;15,36517267411986;15,635505075838628;15,658799967707644;15,716704954271735;15,943278434227924;16,129192206351256;16,86726544330457;17,157647073349622;17,316443065337822;17,34642764772277;17,520439136976826;17,77228309804548;18,144643304867365;18,28783156168079
0,9668502220249047;-40,716202817789735;-40,71601749503084;-40,67785792839116;-40,67775252948356;-40,62366023839539;-40,6236407686207;-27,126654760112828;-17,098285227040556;-17,09463230893133;-16,914007881878792;-16,913383791829204;-16,838257419892045;-16,8300186449269;-16,79453202781415;-16,790138120309813;-16,73815030383977;-16,737572151950022;-16,733564517500202;-16,732384898178797;-16,64542440091473;-16,645223539220062;-16,4751460496975;-16,474404889036947;-16,382778134105394;-16,381308251962746;-7,195801511701569;-7,15742900318004;-7,156141119167554;-5,858567150175815;-5,849035359512325;-5,848086457986719;-5,838723391771717;-5,823765403057663;-5,812376813400522;-5,795700411937675;-5,76172283785291;-5,75201040333709;-5,7183463754212145;-5,625659155657186;-5,551407158227808;-5,54346435802895;-5,54242076907982;-5,52949223512744;-5,529203500679362;-5,526502649631406;-5,521612693267988;-5,502181569863628;-5,49692408751535;-5,495922635155438;-5,495506136099599;-5,4906178097721545;-5,475927232301696;-5,475876640859921;-5,463602475228881;-5,45704105809914;-5,4220769137198594;-5,397060416138318;-5,361171386150582;6,41091034419907;7,138919449955036;7,323862637516188;7,6483086662465425;7,797157054895303;8,319128857163419;10,39951322746579;10,633425395007048;11,287872401492697;11,331934923793897;11,380446333466606;11,965173346697991;11,970780533298022;12,20695988432228;12,371764635602847;12,439525164185644;12,654779994721636;12,729920319584133;13,044433044518227;13,159449360191568;13,315116470042017;13,317451595522279;13,57066444798462;13,586168859475233;14,177401713882416;14,190914050093609;14,459402560954056;14,647535539360483;14,906280596407505;14,919041962595756;14,942508416395363;15,05787013772728;15,323572730905525;15,599554916442496;15,81770811684286;15,832868779946159;16,18409171929364;16,212111831227798;16,668971764202325;17,100590691058187;17,272223006119766;17,56511365421259;17,591872621051696;17,699633560687207;18,156250617661122;18,286668916534136
1,014084955008166;-40,72632725118822;-40,72611571966209;-40,66764712243341;-40,667552820593336;-40,62362629955781;-40,6236152664274;-27,12666002972414;-17,156886894044206;-17,15254976093625;-16,9128553316664;-16,91283195738368;-16,849815289475952;-16,840620729508377;-16,782879341926893;-16,77953733986301;-16,733812331527496;-16,732603036118622;-16,70987317378041;-16,709816377539756;-16,66458674607229;-16,663911333533758;-16,446859750751127;-16,44618798284456;-16,356814729771127;-16,3555342443164;-7,195727788236817;-7,158515262168734;-7,156798199673765;-5,8520209658893725;-5,8475135719481575;-5,846175251143047;-5,838599136982131;-5,826401663316043;-5,809539994257862;-5,7962916331980505;-5,765171552855944;-5,7523425841777405;-5,721711643995463;-5,62591049478459;-5,5547256425810145;-5,544037555942689;-5,542350732973481;-5,53017979785342;-5,528681372712551;-5,52158309352699;-5,518855703592049;-5,504511087306297;-5,500218760401902;-5,495004985816872;-5,491538589060669;-5,4902892696704715;-5,476684560719541;-5,476625366496973;-5,462575408438124;-5,455463736380968;-5,428846144986581;-5,393769575792855;-5,364355952199833;6,137371667044884;6,996236181639157;7,536603791191918;7,7722279610516685;7,970863776268745;8,183694514215361;10,269692980103045;10,776989638201353;11,098938771727108;11,21141331143313;11,607757127999044;11,91220722952149;12,048012042577884;12,168939697994164;12,268139534273313;12,549793623905398;12,605887695947562;12,894230655081238;13,06974848130169;13,242844760093675;13,315112377344295;13,407973255273802;13,41892122236746;13,771661447290981;13,947263585180568;13,993880998232475;14,400067934907497;14,59709017232021;14,740371919910498;14,85966271989778;15,070364422610425;15,261017194322624;15,363750012268838;15,5813128735696;15,946490177631079;15,981314660235851;16,275164885095336;16,428042099188136;16,533220340133262;17,028807315724233;17,153180971320943;17,442652028912374;17,81618320332829;17,886184337468073;18,03767078736889;18,35849873601114
1,06117826663519;-40,73620695217848;-40,73597631073034;-40,657625391537486;-40,65755633230024;-40,62359673589388;-40,62359404114515;-27,126667394489047;-17,21469373426052;-17,209696246064023;-16,918610452367528;-16,918309062973208;-16,86109555566837;-16,850976062399575;-16,771446880546186;-16,77015384351508;-16,769846652998726;-16,769123814359716;-16,733762311227483;-16,732561809532243;-16,58440498028556;-16,583914171242874;-16,419872632343104;-16,4193044754874;-16,332923731152523;-16,331786526218345;-7,195626598659839;-7,159718302619618;-7,157825340711873;-5,847836179529032;-5,8441334235219085;-5,842072128473211;-5,838353252415473;-5,8288296188444715;-5,806986901579267;-5,797019127183795;-5,768914871004659;-5,75265663853106;-5,725606123406361;-5,626251371369274;-5,557006139521539;-5,544526168542298;-5,541980558119652;-5,530780616851275;-5,528970282286301;-5,517680486045455;-5,515775594922389;-5,505993872712801;-5,505614383771087;-5,4939866512612605;-5,4885211335037;-5,485763196286846;-5,477585332402551;-5,477149103132679;-5,461508202456505;-5,454817962328024;-5,435153405957098;-5,391954858848987;-5,36870817328652;5,883641133314842;6,852703967713628;7,728555535605004;7,878589289089165;8,015607593219121;8,19546911292379;10,148951200545529;10,93989873279389;10,991480396760416;11,060535572668465;11,840018509826972;11,860177485541996;11,907254554431386;12,111204769641258;12,42807393437486;12,440499010813882;12,802124539959035;13,077446501047095;13,077616506722531;13,264467048872488;13,281491340930437;13,30047088618728;13,502826720953497;13,73140610895366;13,857682690023207;13,862095662716651;14,140525054116301;14,298133754168479;14,731803924123918;15,022375501563136;15,322485942998028;15,344531485879019;15,566505005754422;15,653607075610212;16,053370263557284;16,1313989871495;16,373077531432678;16,423036188224312;16,58668920803675;16,954035114573674;17,011853785127997;17,315497358405835;17,8255965996698;18,059183356917774;18,109421331575266;18,220818476155966
1,1082715782622141;-40,745422435936185;-40,745171820519424;-40,6482466162785;-40,64819861736751;-40,62356782173836;-40,623564373445674;-27,126676185359788;-17,26985159944153;-17,264249661110536;-16,925555724164397;-16,925067268430574;-16,87162281033671;-16,860647439458415;-16,822956107256104;-16,82247370108183;-16,76075261402793;-16,75939856681419;-16,733725098692954;-16,732530762611315;-16,50770688212453;-16,50747893166502;-16,393642795458124;-16,393221939038717;-16,31206394230095;-16,311041977608873;-7,195508383304035;-7,160890708427694;-7,1591054884612095;-5,849243174804377;-5,837991439576954;-5,837131005667086;-5,836210619909986;-5,830988596381749;-5,8048321617587595;-5,797829238906309;-5,773038075514016;-5,751934761022123;-5,7294267365693194;-5,626643910302512;-5,557981643785754;-5,544713828155735;-5,541350882136408;-5,531791418406754;-5,530182057157519;-5,518505858319579;-5,511033189132861;-5,509499379305241;-5,5055300745368285;-5,491969390160654;-5,486523217924249;-5,482648967552933;-5,478795213954903;-5,474734373664757;-5,460796644861199;-5,455124392022065;-5,440767146970262;-5,391425725803588;-5,373967590068307;5,658828086018574;6,7181121970791935;7,839104676555537;7,887810775269531;7,951889067985278;8,473772804123863;10,022022682103627;10,922576276729906;10,94005888099292;11,136161657254647;11,663927633286223;11,817306654305062;12,026008521069526;12,221548594863835;12,316091360894978;12,601963343123899;12,934235427036606;13,04628331235778;13,128242422596278;13,258004459416691;13,270773148366798;13,290990768705075;13,489340125613234;13,587035721684053;13,797927182216384;13,87904088519457;13,982609141338802;14,098279163266069;14,562815425458059;15,261875413621489;15,340718599704656;15,636905576286129;15,804366363356253;15,814316722628426;16,150664013573635;16,262577654189126;16,358025064205627;16,472654591209448;16,668852871877977;16,878987529089226;16,882622516193155;17,18976581810231;17,77041990672356;17,951034585744182;18,20781863765927;18,519639998666808
1,1555063112454755;-40,75355924532161;-40,75329745572809;-40,63992122843902;-40,63989672000389;-40,623549577702114;-40,623537045216885;-27,12668551717999;-17,319952768072564;-17,313863161153886;-16,931972840486658;-16,931350504260706;-16,880926568250008;-16,869198300739907;-16,86671312449761;-16,866086513109572;-16,751263681807146;-16,750755884761098;-16,733694192024174;-16,73251940968069;-16,443312772222487;-16,44326652572076;-16,365635412435196;-16,365441858203035;-16,294653133790224;-16,293713387708106;-7,195384952274751;-7,161917854753969;-7,160477522013972;-5,851679891079954;-5,837542856819299;-5,8328280650992195;-5,831861680653617;-5,829343709786163;-5,803125607527435;-5,798634515407619;-5,777484667702602;-5,749605965733063;-5,732701777740164;-5,627036494811929;-5,557633287220313;-5,544598150867512;-5,540708355101244;-5,533653537636456;-5,532254359407282;-5,519806107942824;-5,514396735711281;-5,505646298919235;-5,503085346562173;-5,488937350399246;-5,4845391327163755;-5,483007301362321;-5,480186122989933;-5,469083872250798;-5,46053434965919;-5,45625009737147;-5,445525461010525;-5,391870363010906;-5,37975710721179;5,468599920250428;6,599699512685393;7,673953073988594;7,988769719354655;8,016628822042373;8,792180092217894;9,893031409155505;10,80287374941054;10,96685920700882;11,315816265806582;11,45300347868512;11,773479266476754;12,164835018626542;12,172199963391163;12,345530303737773;12,764267738733155;12,967509930116297;12,975087867240571;13,020249743323264;13,192893279825135;13,253403832384437;13,354224761272926;13,532112463594247;13,573267447405255;13,635190734922952;13,917609326183548;14,014493626797162;14,024628879939709;14,352208780721378;15,35351100175672;15,424329065702365;15,898790893806005;15,993993061074946;16,054337420652534;16,248201774647782;16,35792343464515;16,37187457293511;16,565193983308717;16,682896547943027;16,773439352777547;16,827371979960777;17,055791380664996;17,55976731666149;18,081953948198173;18,236196173129944;18,336034262804215
1,2025996228724996;-40,76027507358693;-40,76000942097483;-40,633021874318125;-40,63301019070479;-40,6235292142138;-40,62352054432907;-27,126694349011014;-17,36238459194539;-17,3559027254894;-16,937199930282947;-16,936506057428762;-16,90074210350565;-16,90003921383649;-16,88861305347122;-16,87625730682494;-16,743583243767304;-16,743391223342993;-16,73368400326129;-16,732511308433388;-16,400395447488403;-16,400316344630976;-16,331684677980373;-16,33148157436671;-16,280936155579752;-16,280057405237468;-7,195268481124497;-7,162725117034049;-7,161770837350175;-5,854712661578842;-5,837064956339536;-5,8342971769616;-5,826778638698341;-5,824147860461779;-5,8018759511829225;-5,799360927639468;-5,781992770470293;-5,745955638286667;-5,735165890753886;-5,627378653771195;-5,556104213922942;-5,544277025407776;-5,540425444455737;-5,536233541765321;-5,535020757215037;-5,520206291651723;-5,515982994684117;-5,506513257304343;-5,496914595714927;-5,485553838608525;-5,484077857308273;-5,4827008786313645;-5,4816321668819725;-5,463385644057506;-5,4606795392208864;-5,457911572795858;-5,449354766193803;-5,392892740212498;-5,385523677942957;5,316897967163492;6,502797776094593;7,5340112313130705;7,9969022386608595;8,11829731995185;9,132336847078797;9,77500519733763;10,705567660970583;11,02024846436493;11,259845387053184;11,526450879551694;11,67438771506914;12,049708985049465;12,264988125003883;12,421332817047539;12,88703270496785;12,887153746354903;12,904743071724422;12,962641362501316;13,14839296043885;13,25153327955309;13,286007576915877;13,499957177486488;13,533100877670067;13,842820331419672;13,849816306459246;14,065966828220052;14,09550517448296;14,158185353285688;15,361460222771422;15,490741553089839;16,119800627097277;16,18936996095137;16,268176163657866;16,345689202403527;16,401905837431425;16,45670038354727;16,63574134922131;16,665159452660443;16,703601996967684;16,811292434158048;16,915573515498558;17,327348618212387;17,89419636074957;18,331681979115796;18,45144109406835
1,2496929344995236;-40,76528327465646;-40,76501566093682;-40,62786955360485;-40,62786254995176;-40,62351660437493;-40,623498551997415;-27,126701578271394;-17,394676349604243;-17,387940339545636;-16,941020138056487;-16,940265284115746;-16,92493559371682;-16,92417367457413;-16,894354322187024;-16,881528105149705;-16,738232841006198;-16,737511181403864;-16,73367591559867;-16,732513150914386;-16,377802436212384;-16,37766569322989;-16,296691290994843;-16,296130730280602;-16,271054525752994;-16,270217048859564;-7,195175316315348;-7,1632858868716776;-7,1628254554183775;-5,857652801495021;-5,836644635218557;-5,835366382634195;-5,8224002410241;-5,8206875841469765;-5,801053565778526;-5,799940655137785;-5,786088952669535;-5,7420211871873725;-5,736785374077336;-5,627647431761517;-5,553673474911888;-5,543899672756338;-5,540627671527156;-5,538768038356238;-5,538242103037772;-5,519297284035463;-5,516459333087347;-5,5080343317485045;-5,491526330009669;-5,485112966447101;-5,482936118653527;-5,482547177078345;-5,481164713694258;-5,46107215246507;-5,4596908138531655;-5,458768024279823;-5,452231073662988;-5,39405910640585;-5,390554882968095;5,206565702700065;6,4311587854314505;7,4284331560994135;7,989625810063773;8,192744332946713;9,47062232668058;9,680992555162916;10,633827450800919;11,059810211844056;11,132350984402088;11,464750547086146;11,739400038730619;12,011713313787189;12,334527488097038;12,426279032792724;12,809959734763266;12,824336215589105;12,882220847831656;13,020154351007236;13,159476251675164;13,166598033234507;13,315591909483407;13,402830075268437;13,559928369448375;13,784456219808467;13,83286473534555;14,108811429441236;14,184109786598777;14,274783164244477;15,363901284996613;15,468934727541178;16,298453264512318;16,349555826033324;16,414639222086137;16,436486631059065;16,45440062217697;16,514943575285617;16,614396264487;16,66610085696735;16,709685929540818;16,787604429472296;16,85746804243629;17,141048367212132;17,558666535089845;18,570086432907356;18,571853633755772
1,296927667482785;-40,76838559158349;-40,768099348653344;-40,62468019483565;-40,62467331815528;-40,623506999682945;-40,62349040274472;-27,126706311942534;-17,414881873698672;-17,40798765131341;-16,9433234373081;-16,942544833167883;-16,939361011450053;-16,93858485924784;-16,897899108972393;-16,884790271720462;-16,73492710319578;-16,73386643181557;-16,73368818970515;-16,732517590858944;-16,366840232457363;-16,366681004082704;-16,271896183998344;-16,27117439822126;-16,26508380888413;-16,264289991863834;-7,195115241541358;-7,163610540740551;-7,163512288187518;-5,859769674140335;-5,836352699514141;-5,836027075897036;-5,819293197441902;-5,81875366028456;-5,800597787590076;-5,80030909582898;-5,789100181305545;-5,739043497092084;-5,737668111097891;-5,6278145403438;-5,550804836389459;-5,543604402139312;-5,54153606544821;-5,541014711285404;-5,540560758749091;-5,517558234621405;-5,516488421149452;-5,5098689682485285;-5,487641113735731;-5,485832027769783;-5,48390022142241;-5,480481562489518;-5,480106001002956;-5,461462619997966;-5,461092421356452;-5,455780353580636;-5,454088287610188;-5,394967068307861;-5,394050718936413;5,139579366285403;6,387248457248661;7,362973380824636;7,979645960047512;8,238383114942858;9,620728395246006;9,759458264874857;10,589890598042793;11,028092006905704;11,10506918832808;11,225620633643084;11,938290191475124;12,020567625655774;12,376691836961331;12,402816892979702;12,758410965742558;12,764138231713737;12,852803061852626;13,075328505038001;13,112247998800106;13,194537419892336;13,322655071937591;13,341918922905219;13,492302632862547;13,71677036284772;13,738101154806415;14,314828410779166;14,320752283400235;14,350354927695555;15,361786939403812;15,399997343844193;16,408070173190712;16,420689653382638;16,462924852508948;16,514539348132583;16,537680227625714;16,546375023848178;16,586484821594617;16,61508117332133;16,742964076216687;16,74676283546009;16,928254109848776;17,02506168592599;17,29932509186224;18,719408856139413;18,752478478844047
1,344020979109809;-40,76942845275332;-40,76914484834009;-40,62360669928264;-40,62359067644666;-40,62350586411886;-40,623489841808954;-27,126708005143527;-17,421756807018458;-17,41482302094369;-16,944160853776367;-16,944102460346254;-16,94336789576351;-16,94330921715803;-16,899079819327373;-16,885885042629635;-16,733807516868513;-16,733690285567963;-16,73263855222461;-16,73252131326697;-16,363473067949855;-16,363309987592583;-16,263158064739038;-16,263100855501243;-16,262361201239695;-16,262303715488063;-7,1950932921368995;-7,163751238565258;-7,163716616848715;-5,860535783004373;-5,836257112953301;-5,836248033626643;-5,818135095471888;-5,818131216359149;-5,8004387978855485;-5,800432386351854;-5,790240319060172;-5,737951388954471;-5,737948697705718;-5,627867915352887;-5,548980119778641;-5,543494550750401;-5,543486408092554;-5,541199327826576;-5,541192535233686;-5,51645033402124;-5,516446392527005;-5,510946041287585;-5,486090922195353;-5,486090711205413;-5,4843652605557685;-5,479726467689046;-5,479724304656571;-5,461635253871196;-5,461633237761109;-5,454748237382949;-5,454744169712564;-5,395319049653324;-5,395316364780285;5,117120396059019;6,372462185331968;7,3408092390134465;7,97536400811223;8,25377393034992;9,600002281437268;9,88817667463049;10,575099345452333;11,002270366690057;11,109600408409962;11,109682192184376;12,028765509535317;12,028869527900273;12,390931454222706;12,391001187255005;12,740011394462144;12,740021400437668;12,841588983840975;13,093522025479956;13,093612566073238;13,21064583107812;13,320764331668258;13,32090476738753;13,412277072162443;13,721475618604064;13,721579222206309;14,373402234282898;14,373467246055542;14,410887862723689;15,359589737276325;15,359736989856346;16,419741763306625;16,465268276728505;16,46533898543896;16,555187083808338;16,55526410516229;16,5679085237018;16,576125639402836;16,576197996838623;16,759419279099504;16,759510501293693;16,95833458944547;16,98647472124713;17,194141530867718;18,83866686694266;18,838782409033897
1,394020979109809;-40,769431218746185;-40,769155396350776;-40,62360227146371;-40,62358824470731;-40,62350143630355;-40,623487410064676;-27,12670800109553;-17,421711637986153;-17,414862554765218;-16,944153151716595;-16,944094755902842;-16,943371003661234;-16,943312326686037;-16,899021097671998;-16,885977031427664;-16,733794920421396;-16,73367768906316;-16,73263740552151;-16,732520166623893;-16,363471756365765;-16,36330639138003;-16,263156469958258;-16,263099258430014;-16,262369269724335;-16,26231178551358;-7,195120293149821;-7,163750705456977;-7,16371608373256;-5,860529570901713;-5,836234190056349;-5,83622511141852;-5,818138238609482;-5,818134359143479;-5,80043378741435;-5,800427376087393;-5,790224336330992;-5,737950384033336;-5,737947692778784;-5,627416350489663;-5,5489880627888555;-5,543518342567119;-5,543510200304624;-5,541218862787823;-5,541212069807974;-5,516436127847776;-5,516432191612002;-5,511375377990476;-5,4860911094969325;-5,486090898326975;-5,484381571025058;-5,47972207836165;-5,479719921056206;-5,461630328122189;-5,461628311633712;-5,454744140068562;-5,454740072635533;-5,395317799360895;-5,395315114469347;5,122021983668642;6,356471109313288;7,348481622218011;7,980054543710316;8,258311027343995;9,606009701391612;9,844997913589077;10,626806906549412;10,993909895531178;11,114322559258227;11,1144041686732;12,03144066860178;12,031544677955546;12,384107161363819;12,38417550407927;12,740183350998926;12,740193236324624;12,839270839139314;13,081767032566006;13,081858131757395;13,203579798510106;13,310522864192349;13,31066281104233;13,425948271288236;13,732664436370582;13,73276726601572;14,372145173785425;14,372210694238767;14,374492431677089;15,385121509124193;15,385267786789083;16,420605498823697;16,46576532683231;16,46583608833984;16,555938395688496;16,55601559267713;16,566978427706434;16,576419187532576;16,576491600810467;16,7583266878414;16,758417712823498;16,94719550384074;17,02400612405474;17,19430185761016;18,842262537479268;18,842378117932764
1,444020979109809;-40,7694251728906;-40,76915083320874;-40,62360198763841;-40,62358820551987;-40,62350115248815;-40,62348737086574;-27,12670797684264;-17,421584753292674;-17,41497939955438;-16,94413348414193;-16,944075084869223;-16,943385281971743;-16,94332661037002;-16,898773886694958;-16,88621535194649;-16,733772069125024;-16,733654837626293;-16,73266141641975;-16,732544177662245;-16,363469314935585;-16,36331688094512;-16,26312917614482;-16,26307196144944;-16,262383850542296;-16,26232637140972;-7,19519420230995;-7,163749057496339;-7,163714435740842;-5,86050197808741;-5,836172185770045;-5,836163109204215;-5,818147364986109;-5,8181434845433255;-5,800419227438473;-5,800412816649977;-5,790170726572762;-5,737942819775388;-5,737940128563381;-5,626048547859202;-5,549002746470508;-5,54360714540041;-5,543599004079478;-5,541276111871171;-5,541269316823103;-5,516379179839182;-5,516375261806939;-5,512665645879091;-5,486087146404232;-5,486086934529159;-5,484423291270178;-5,47970505014701;-5,479702912236548;-5,46162404111444;-5,461622024489924;-5,454731343165502;-5,45472727665446;-5,3953143599209294;-5,395311675188073;5,136703047553863;6,311145031190417;7,369221219949346;7,993448081688845;8,271882029204042;9,624374250899034;9,741657213344974;10,755727592567219;10,968899110922148;11,128362338581413;11,128443430002532;12,039364092115626;12,039468073590019;12,363658537489913;12,363722687874377;12,740673287747832;12,740682840764599;12,833339031993614;13,049273843557062;13,049366330042222;13,184022555469186;13,282387945389795;13,282526191932167;13,4643690803285;13,763485534808504;13,763586329959097;14,271332557713372;14,368348144795265;14,36841398047909;15,458947759054801;15,459091249573428;16,423140608628618;16,46730804000397;16,467378970307987;16,558151815402113;16,558229543174722;16,564211194922677;16,57744460204665;16,577517203174445;16,755180709272388;16,755271146030907;16,913103149729277;17,13052094872732;17,19610206278065;18,85273421793042;18,852850371928344
1,4940209791098091;-40,769419261008494;-40,76915806763904;-40,623597558135366;-40,623597192979744;-40,62349672315733;-40,623496358149744;-27,126707979836837;-17,421387920673606;-17,415186907982598;-16,944108513101018;-16,94405010492902;-16,943418559760673;-16,943359897196565;-16,89837465966826;-16,886615863433903;-16,733750333591324;-16,733633101868932;-16,732683984185794;-16,73256674563371;-16,36347179182876;-16,363318363059477;-16,263104103071193;-16,263046879950874;-16,26241026879595;-16,262352798194215;-7,195309955777509;-7,163748526282358;-7,163713904485601;-5,860453255308498;-5,8360949801172675;-5,836085907161312;-5,8181632789794016;-5,818159397052621;-5,800392272879214;-5,800385862637995;-5,790096462675975;-5,73794292616573;-5,737940235043363;-5,623853355339672;-5,549017359259546;-5,5437533426193495;-5,543745202734202;-5,5413815455215;-5,5413747470235855;-5,516289562704848;-5,516285671107906;-5,5147441559300505;-5,486083650525978;-5,4860834377574035;-5,484498280861809;-5,479677908532813;-5,479675798512401;-5,461625577156255;-5,461623560827291;-5,454715180675403;-5,454711115426124;-5,395320754342123;-5,395318069846021;5,161074102213695;6,242845848223871;7,397779135891252;8,013578670992363;8,29437854113387;9,614215129211477;9,655974298608468;10,925789613223973;10,927493975345582;11,15129885239051;11,151379094801705;12,052225032261944;12,052328966589114;12,329824928264712;12,329882122511295;12,741408386836781;12,741417469637547;12,826121804643126;13,002291524184452;13,002385695950185;13,155009533891727;13,242793504951164;13,24292838666326;13,522113818114061;13,807790995370134;13,80788902293553;14,115602247991687;14,361973638311385;14,36204055224011;15,57386575408517;15,574004922722219;16,4273244410121;16,470058950625646;16,47013019973184;16,559680379191448;16,561610621568867;16,56168921409324;16,57968992977269;16,57976292895961;16,750321880878992;16,750411350097007;16,855787806538668;17,20162040860728;17,291650146532465;18,773678940148514;18,7737445711727
1,5440209791098092;-40,76940870051588;-40,76917469824943;-40,623599008477065;-40,62359719471667;-40,623498173782465;-40,62349635963276;-27,12670798424868;-17,421104462155228;-17,415471437951027;-16,944076422191714;-16,94401800195434;-16,94345207054809;-16,943393420142087;-16,897850425224277;-16,887159338531063;-16,733704188809323;-16,733586956816914;-16,732733081448494;-16,732615843231848;-16,363465895808282;-16,36332420276305;-16,26307229462488;-16,263015060122388;-16,262443867257307;-16,26238640808772;-7,1954561632345575;-7,163747295950077;-7,1637126741103945;-5,8604141908390375;-5,8359855100166005;-5,83597644147509;-5,81817964019666;-5,818175756417447;-5,800357089275379;-5,800350679842432;-5,790001647849295;-5,737942890942946;-5,737940199927731;-5,620973508818693;-5,549057113777471;-5,543932368637869;-5,543924230448662;-5,541503437263622;-5,541496635165568;-5,517501781233114;-5,516178091165504;-5,51617423499527;-5,486079673534837;-5,48607945948891;-5,484591176859772;-5,479636821567873;-5,479634748758804;-5,461621830615836;-5,461619813853777;-5,454688311954605;-5,4546842484323115;-5,395327532490108;-5,395324848309514;5,194986981161074;6,158763155284355;7,428825261754641;8,037514082326538;8,325581785072366;9,48106725511912;9,701855635193942;10,87023412492035;11,118629367950497;11,182373227733214;11,182452313563964;12,069459184378825;12,069563051055308;12,283536148419438;12,283583960910118;12,742293598101133;12,742302160145213;12,820097704782414;12,947312378727716;12,947408173879365;13,119362249640815;13,199211541852524;13,199341203913875;13,593441646990028;13,859349397960768;13,85944427879281;13,922711526527584;14,353016397785368;14,353084833570518;15,720124147935502;15,720257587411236;16,433029738345148;16,47438619365106;16,47445797344501;16,553547215474136;16,56598601404028;16,56606585825177;16,58436230955432;16,584436125228276;16,744299766801447;16,744387914130236;16,778190062408484;17,211224632451504;17,491714566214128;18,616304804090806;18,616377024595778
1,5940209791098092;-40,76939304794607;-40,76918910188269;-40,6235974794559;-40,62359125200537;-40,623496644354816;-40,62349041729343;-27,126707951274447;-17,420740552533005;-17,415825135090085;-16,944036665642013;-16,943978230484497;-16,943479054129376;-16,943420417648703;-16,897179178871912;-16,887832140786024;-16,733640715346205;-16,73352348302164;-16,73279484530618;-16,732677607510634;-16,363440576165544;-16,363331719326414;-16,263031883914135;-16,262974635380058;-16,262479673389624;-16,26242222729874;-7,1956176890765455;-7,1637434492932295;-7,163708827377484;-5,860359821169478;-5,835862266800729;-5,835853203494261;-5,81819516039362;-5,818191274569982;-5,800310057173465;-5,800303648180087;-5,78989737093469;-5,7379346433261205;-5,737931952426748;-5,617595088208126;-5,5490852638390855;-5,544110922453609;-5,544102785970809;-5,541631393081992;-5,541624586883412;-5,520738356934382;-5,516055112246328;-5,516051293193605;-5,48607232348639;-5,4860721080795605;-5,484695144764691;-5,479590724491236;-5,479588690176583;-5,461613528364905;-5,461611511671263;-5,4546557527322115;-5,45465169107269;-5,395327475335863;-5,395324791455526;5,238225970372516;6,065123397128281;7,458532820607993;8,061973841771222;8,365089502091424;9,350343937011413;9,76269210787128;10,798090529183483;11,220322544574422;11,220400211017175;11,326240317896662;12,09017019997352;12,090273978042147;12,226972967145805;12,22700979928343;12,743240454413332;12,743248519806388;12,817175182423302;12,889664473720384;12,88976168259249;13,079767794920622;13,157795541289733;13,157918523096333;13,67250480415702;13,705284203176218;13,913245745763613;13,913337239566019;14,341497632263048;14,341568052382668;15,886206979707751;15,886332920271563;16,440118891268902;16,48089604148004;16,480968632172704;16,545988864857595;16,570862684374152;16,570944087261616;16,594411732141197;16,594487352787546;16,68680196007693;16,737757062903665;16,737843584363876;17,223612039369215;17,717700365903877;18,427042669292273;18,427122104635828
1,6440209791098093;-40,76938641840254;-40,769207438463724;-40,62360179536271;-40,62359095080994;-40,62350096031839;-40,62349011603596;-27,12670794948525;-17,420326574955478;-17,416239304262998;-16,943991184931484;-16,943932732277442;-16,94352503605998;-16,943466416497813;-16,89639833258228;-16,888635459876674;-16,7335666419208;-16,733449409139936;-16,73288132189117;-16,732764084626485;-16,363430584430994;-16,36334284101435;-16,26298551050921;-16,26292824570063;-16,26253710294715;-16,262479672573114;-7,195781167909276;-7,163742154515218;-7,163707532542772;-5,860299904125901;-5,835753305617358;-5,835744247293473;-5,8182140760759715;-5,818210188212317;-5,800269432769888;-5,80026302448078;-5,789804748687697;-5,737934215053439;-5,73793152424372;-5,6139777230046635;-5,549099264275275;-5,544297910928152;-5,544289776045629;-5,541773889503715;-5,54176707861806;-5,524230948509401;-5,515939281687857;-5,515935498624281;-5,486068975158601;-5,486068758611537;-5,484810621663268;-5,479556965444591;-5,479554968634494;-5,461611794804046;-5,461609778468984;-5,4546294659675425;-5,454625405921478;-5,395336128944407;-5,395333445304453;5,290489312468912;5,966743589640181;7,484639166956347;8,084074869004999;8,412135597245394;9,226311984312908;9,838235373510134;10,712614737876528;11,263121792356884;11,263197863035062;11,544709731945598;12,11299379166373;12,113097461783973;12,163961523106662;12,163987015457083;12,74413281317623;12,744140451277323;12,818493769949505;12,833698393890758;12,833796769904563;13,038881002683855;13,122406328473625;13,12252208111292;13,472475979350302;13,75295588828276;13,965756938831262;13,965844830386182;14,327573333726601;14,327646218786612;16,056389140689387;16,056504500948947;16,448390018294134;16,490217033869808;16,490290616969624;16,537232225428724;16,57574242158094;16,575825617287503;16,590409372893447;16,617746814169596;16,617826778187027;16,731337884097243;16,731422574151285;17,236868919552947;17,959926881965316;18,214566815343463;18,21465362793573
1,6940209791098093;-40,76937181313485;-40,76922589638007;-40,62359713722005;-40,6235906443509;-40,62349630220896;-40,623489809576675;-27,12670794054833;-17,419863377757483;-17,416700301352723;-16,943935860269068;-16,943877387226298;-16,94357580951921;-16,94351720981313;-16,895518557666076;-16,88952928109753;-16,733484518869748;-16,73336728557252;-16,73295424031329;-16,732837003585;-16,363419650883344;-16,363344537531674;-16,26293108796202;-16,262873804430043;-16,262591612015463;-16,26253419981203;-7,195926888148593;-7,163739796192641;-7,163705174145979;-5,860244202272435;-5,835647922056454;-5,83563886834917;-5,818227656576661;-5,818223766905846;-5,800224320841893;-5,800217913011745;-5,789716008598916;-5,737933332099431;-5,737930641392635;-5,610457274548304;-5,549098132865692;-5,544460431247803;-5,544452297671106;-5,541897001658412;-5,541890186868002;-5,527643023867791;-5,515828542474852;-5,515824792449932;-5,486064000666763;-5,486063783075075;-5,48491168542356;-5,479515778750149;-5,4795138160583505;-5,461606907085316;-5,4616048909966315;-5,454601135868717;-5,454597077332327;-5,395342661443041;-5,395339978057595;5,351369285314079;5,867235827521764;7,505905120723813;8,101896705846862;8,465156695323744;9,11229739616349;9,926865121522868;10,616201507006197;11,30755062616402;11,307625075233535;11,771781929369334;12,100169526192502;12,10018466743385;12,135939197144646;12,136042746363648;12,744910945655436;12,744918249964806;12,783390514994752;12,783489811268675;12,824509181644887;12,999234165383657;13,094814196330267;13,094923237540549;13,230663119182548;13,827728111636434;14,013824763798466;14,013908840828197;14,311839738216417;14,311915567661083;16,20479184680817;16,20489188879174;16,457593994128807;16,499172136989937;16,501595274706272;16,50166942261649;16,527602030944262;16,580139616740965;16,580224667635463;16,6742772297392;16,674366336640936;16,725720728496437;16,725803548131605;17,249202199274137;17,987916045262523;17,98801023422802;18,211340464309867
1,7440209791098094;-40,76934630785444;-40,76924671663414;-40,62359720179256;-40,62359261750058;-40,62349636681627;-40,62349178268483;-27,12670794674024;-17,419371937084886;-17,417200661181752;-16,943881792756343;-16,94382329777948;-16,943634387787313;-16,94357581018246;-16,894568632666825;-16,890462346124984;-16,733397092811316;-16,733279858955814;-16,733036195937885;-16,73291895972824;-16,363408502701947;-16,363359386771204;-16,262876097972764;-16,262818795125696;-16,262646475664393;-16,26258908296713;-7,196040479109782;-7,1637387944442485;-7,163704172351169;-5,860196373128378;-5,8355632390930525;-5,835554188898164;-5,8182442759318205;-5,818240384845757;-5,800194328483537;-5,800187921140005;-5,789623969178892;-5,737931829072403;-5,737929138430575;-5,6074232997204865;-5,549082356494679;-5,544588182321422;-5,544580049731375;-5,541993044765172;-5,541986226890821;-5,530576778410634;-5,515754624700085;-5,515750901558684;-5,486066263693536;-5,4860660450675125;-5,484970219923832;-5,4794820639614485;-5,479480129091029;-5,461604451930914;-5,461602435920971;-5,454581573290522;-5,454577516148689;-5,395347416335082;-5,395344733138589;5,420263802407638;5,769381341525;7,521598112840548;8,114581250858848;8,52053731058367;9,012849809076384;10,024997716187698;10,512672764499;11,348523538930891;11,348596569062853;12,005853578910694;12,043195193871554;12,043202135940872;12,156240058341172;12,156343488140783;12,742768223768994;12,742868195026302;12,745507481393641;12,745514550739323;12,834837109321333;12,963436545509714;12,984294174864775;13,075410904203942;13,07551462643604;13,889175859840408;14,054210141762855;14,054290291830597;14,29573429008797;14,29581343428224;16,30095666518507;16,30104112668554;16,42365889284645;16,46727596527358;16,511434511146245;16,511508210205566;16,517567373794428;16,58360136846428;16,58368808301107;16,72137893703829;16,721460098206528;16,789851185012928;16,78994994358817;17,25913497988818;17,757374515682265;17,757476285821316;18,46658656283478
1,7940209791098094;-40,76932563949947;-40,769277749530694;-40,62359739424652;-40,62359696410641;-40,62349655935975;-40,623496129180865;-27,126707970191273;-17,418860699958493;-17,417718798533997;-16,943826634770648;-16,943768113387815;-16,943694852218457;-16,94363629986731;-16,89358341571592;-16,89145064529647;-16,73331474861663;-16,733197514161247;-16,733126705649724;-16,733009470076198;-16,36339790603784;-16,363369791696506;-16,262834338020664;-16,262777014285053;-16,262705119922423;-16,262647746946445;-7,196115542186736;-7,163738922647997;-7,163704300540857;-5,86017233011106;-5,835506959792865;-5,835497911904447;-5,818260839922598;-5,818256947946023;-5,800181875874053;-5,800175468754036;-5,789571850306488;-5,737930517221772;-5,737927826631075;-5,605355509817712;-5,549066934936201;-5,544677920679376;-5,544669788704179;-5,5420545275386415;-5,5420477079701405;-5,5326059182448;-5,515702361653671;-5,515698657179528;-5,486065938495634;-5,486065719088517;-5,48501464746983;-5,479468885431152;-5,479466969714051;-5,461608867415509;-5,461606851245018;-5,454574567166057;-5,454570511040829;-5,395350681361199;-5,395347998252363;5,495882131803515;5,67586752239663;7,531222075911482;8,12203824579682;8,569140128025007;8,937628121201803;10,124130624236416;10,41042828508381;11,378699179881696;11,378771252465988;12,002500089192973;12,002501820436102;12,1705333600032;12,170636700319506;12,245539118581696;12,715986924225325;12,716087314520333;12,736566251711999;12,745878266952872;12,745885197727901;12,847258941282062;12,935166671050178;13,063976956904265;13,06407730698005;13,929865383638754;14,08252529511254;14,082601952011425;14,282438827695465;14,282521101594867;16,34458996568755;16,344666320994403;16,37353504295271;16,47645436174264;16,508168706132924;16,517106813355927;16,517179971354953;16,58580730327239;16,585895187148434;16,718648816573022;16,71872881939829;16,949790454278848;16,94988988146123;17,26550403220795;17,542097457790994;17,54220794679647;18,539755952523524
1,8440209791098094;-40,76930932375001;-40,769293952045395;-40,623597336622716;-40,62359690894121;-40,623496501735;-40,623496074046656;-27,12670797195975;-17,41846189770717;-17,41811752097349;-16,943787017021805;-16,9437342267432;-16,943728466943277;-16,94367570307121;-16,89279273347276;-16,89224095719678;-16,733224587612;-16,733216121415435;-16,733107351379857;-16,73309888762367;-16,363391106609143;-16,363376358753513;-16,26278921084954;-16,26275004954186;-16,262731875483812;-16,26269268819432;-7,19614099345432;-7,163738599321284;-7,163703977193406;-5,860161947906764;-5,8354875675475775;-5,83547852046002;-5,81826352418371;-5,8182596319019995;-5,800174253850095;-5,800167846816501;-5,789553894479921;-5,737930070884383;-5,737927380314092;-5,604616198974091;-5,5490565487354635;-5,544705793678277;-5,544697661917547;-5,542075322698474;-5,542068502500555;-5,5333329134432025;-5,515683924501215;-5,515680226060851;-5,486064883382644;-5,486064663789876;-5,485029970014989;-5,479461051727505;-5,479459142220736;-5,4616081293978995;-5,461606113239432;-5,454569868154035;-5,454565812298485;-5,395351664551255;-5,395348981487107;5,560019189420283;5,605681888696012;7,534467836930368;8,124483765670282;8,590709423884528;8,907160784828935;10,183636522148705;10,34991442555421;11,390035764078245;11,390107505425947;11,987501104093711;11,9875011488107;12,175734633773773;12,175837937962813;12,482892296794622;12,496426528868403;12,706579197842908;12,706679731348794;12,746006285297302;12,746013170672562;12,854156373865491;12,92289773548556;13,060209662239092;13,060308861599077;13,944145268178506;14,093056678693756;14,093131777219968;14,276996052643232;14,277079764384835;16,35594823452611;16,35629856330591;16,356373473408496;16,481308329639592;16,503239255819302;16,518853796760396;16,518926759618395;16,58656498510675;16,58665329267012;16,717720448911976;16,717800033660467;17,052873519120755;17,052967284068284;17,26770576903497;17,423451743579754;17,423570411114802;18,531434100786193
1,8940209791098095;-40,76851930432458;-40,7685041358985;-40,62438415759801;-40,62438359097425;-40,62352150418713;-40,62352108301378;-27,126706685335154;-17,41331207909613;-17,41296937731438;-16,94315821990163;-16,94310828803754;-16,940184916437914;-16,9401325618858;-16,89192586850455;-16,89137686794293;-16,73408480930494;-16,734071106287875;-16,73313453137327;-16,733125217286457;-16,365906587679763;-16,36589208956767;-16,269415228098968;-16,269375713108698;-16,264189205712768;-16,26414899238803;-7,196156968351566;-7,163635471505021;-7,163547347390893;-5,859594752950305;-5,835568752292245;-5,835348165059683;-5,819085608083986;-5,8187083368921435;-5,800305802588101;-5,8000746536609045;-5,788761932568267;-5,738751077866702;-5,737731090300069;-5,604558992473904;-5,550722291703084;-5,544785891241309;-5,5429118132506865;-5,541913079708517;-5,541579547288786;-5,533635833202185;-5,51571707608185;-5,515358635673037;-5,48763303931035;-5,485866438001037;-5,484249830085968;-5,480076203915924;-5,479740755110774;-5,461482138721098;-5,461194203353511;-5,455335616559458;-5,454096658611237;-5,395086732104366;-5,394403865816672;5,57571497058563;5,6212176742618345;7,54664688044651;8,126794559518615;8,566052983843266;8,892800348214298;10,200186733112442;10,36681266718454;11,376617808760365;11,392883907287702;11,852996917750644;11,908139821772155;12,20260094091464;12,26181025489368;12,49793196151212;12,514651961309873;12,645625705000118;12,664792555633976;12,814271812113846;12,815662662828778;12,857059417286976;12,927009369853998;13,075458826786278;13,126762220872811;13,981925617185395;14,09183186155593;14,104036266057788;14,220836729880164;14,260657701562819;16,322875338070887;16,32868244631806;16,385114816755994;16,4595004276397;16,4830761843331;16,486337153932208;16,526425359504703;16,575496582967997;16,595360043460694;16,675921945407474;16,71319109983623;17,0464668087307;17,084409407991966;17,293108467734672;17,40701829365417;17,4415330237878;18,488833675622732
1,9440209791098095;-40,76618754705723;-40,76617213329941;-40,62678618534862;-40,62678488685614;-40,62352968005194;-40,62352905585215;-27,126703073868676;-17,39812141819799;-17,397783991707463;-16,941302488399987;-16,941260620243824;-16,929509410758126;-16,929457909685773;-16,88935225159406;-16,88881164623406;-16,736707543844137;-16,736679441346638;-16,73313177869527;-16,733120304285553;-16,37378911184524;-16,37377472371806;-16,289124376408896;-16,289086906027485;-16,268089525198228;-16,26804808758033;-7,196202294886667;-7,163389862357073;-7,163030032594929;-5,858009414550331;-5,8358215920306575;-5,83492371291693;-5,821500921300496;-5,820014510799093;-5,800696534661222;-5,799805549830919;-5,786614065534101;-5,740955690725609;-5,737177875892598;-5,604391506462978;-5,553308880394974;-5,545021439918381;-5,541489237615385;-5,540379995203661;-5,53993530539372;-5,534154126645157;-5,51576552368184;-5,514485709679057;-5,49082526120524;-5,485319547173267;-5,483274301097647;-5,481810326728777;-5,48054172714824;-5,4612293303177015;-5,460053263570679;-5,457452824387788;-5,452888907876079;-5,394305828714699;-5,391784976667162;5,622639945277609;5,667457782768005;7,582534856818433;8,131971878313323;8,494695194067871;8,849002602092492;10,248492186068487;10,41593702868394;11,34358407837805;11,400681132880061;11,624138073395038;11,781535545027833;12,18270447721864;12,409281572433416;12,487983506693217;12,543639751414238;12,594283624304648;12,633833205593499;12,86003760505155;12,92200919158372;12,92397856622513;12,95424250328516;13,12000171873055;13,295164104416436;14,009482589669293;14,072122217225273;14,088640960558843;14,205192809452255;14,215236187576169;16,2166237184226;16,247295520784228;16,332938404576957;16,405749938543845;16,459110427354723;16,5072322927507;16,53511564585767;16,538649787115784;16,58612604598467;16,64011660975207;16,7055417498935;17,01900759886234;17,15476838889365;17,328789818811128;17,35729547728093;17,481798262098327;18,41403808298553
1,9940209791098096;-40,76239000377249;-40,76237427128874;-40,630702417885495;-40,63070070706358;-40,62353929605385;-40,62353858127726;-27,126697433843628;-17,373660049243455;-17,3733325455051;-16,93782486273803;-16,93779688393101;-16,911975673591513;-16,911925332414825;-16,88516785455943;-16,884639737074423;-16,74099310866261;-16,740940762958036;-16,733129372775913;-16,733114101612962;-16,38784071642358;-16,38782714665159;-16,321217726358636;-16,321181862925037;-16,273277633616367;-16,273235390898147;-7,196275471970522;-7,162969745121873;-7,1622190318979415;-5,8556808353133665;-5,8361996342975555;-5,834219348521012;-5,825332945567027;-5,822003654416527;-5,80137155803503;-5,799396030388845;-5,783724881629477;-5,7437567491429355;-5,736345724448725;-5,604108774843948;-5,555621146890753;-5,545371816208127;-5,540907901665339;-5,539727212692407;-5,536931232871369;-5,533458852067874;-5,515653567715677;-5,513258110787463;-5,495205384463089;-5,484487764899449;-5,484442679684887;-5,482205795353496;-5,481775147472055;-5,461097290153387;-5,460433893000508;-5,45838593616923;-5,451302408751372;-5,393043442450009;-5,387986095241613;5,700308720566431;5,743288795373829;7,640054916472507;8,133989045203695;8,383575063607202;8,775365745423311;10,324327462710723;10,492281520151739;11,304864258113758;11,407761714503184;11,411921974594888;11,65535123311095;12,129509347881815;12,379464221398491;12,557604483684448;12,572318206316357;12,606204164750457;12,627886780274228;12,8563372115761;12,944823455499906;13,058868107689763;13,11804294592233;13,191171767298414;13,504236994983605;13,878253458701884;13,976785993254333;14,085447428060293;14,150246416724311;14,404848461303121;16,059158201648234;16,120754019569883;16,149326199807206;16,29865385021214;16,440477376121866;16,468390065765327;16,550466143061264;16,55349659599226;16,595043493255552;16,69979241846196;16,716657895718544;16,96260970647333;17,228540469832588;17,278118881687657;17,341079792568532;17,521781261749673;18,363872762119716
2,0440209791098094;-40,757255866257;-40,757240584355124;-40,63598315632642;-40,63598060810782;-40,623552998900685;-40,62355215439641;-27,12669035636801;-17,341305500443454;-17,340993054664782;-16,932042220464723;-16,932030698297602;-16,88797552346967;-16,887927810838015;-16,879512462258077;-16,878996577622875;-16,74676861505088;-16,74668656377498;-16,733130745407372;-16,733111295483766;-16,40879564937396;-16,4087831545325;-16,364567198593324;-16,364533514782636;-16,278482211617362;-16,278438966159154;-7,1963686591748575;-7,162369626198856;-7,161195588251335;-5,852975338815207;-5,836669157213485;-5,833228064779641;-5,830412161778892;-5,824431056677809;-5,802306001832259;-5,798890586709823;-5,781040166283904;-5,745915070532433;-5,7353708908312;-5,603725439600039;-5,557341453120199;-5,545787993062724;-5,540489680783899;-5,540352959407012;-5,534105046079737;-5,530580621048635;-5,515172985540603;-5,511737628055868;-5,500466912568915;-5,487719284026996;-5,483492339918686;-5,4833618399511925;-5,4811099933494996;-5,463769889725827;-5,461329198826535;-5,456414355575675;-5,449603784907204;-5,391407056631807;-5,383586097593852;5,807911847205057;5,846805778415001;7,715037214097695;8,119522855857653;8,242275207847449;8,677973627899199;10,419963912929408;10,586130093195525;11,245857241664513;11,271735984421092;11,424602074333395;11,537412702240776;12,073421190284323;12,235451381792107;12,551456239662516;12,612895693436116;12,64533019490121;12,744203518067724;12,845392297358988;12,955349341425725;13,215772368158415;13,284989184022418;13,312377423365119;13,699196956494996;13,703774477807782;13,92345119386831;14,078118600331745;14,08624193668452;14,62681251266545;15,873141872041627;15,93238411522707;15,966858608529995;16,177664546928316;16,31880933906857;16,391736671713865;16,570626603356406;16,593753662324648;16,65544609686807;16,69897977340785;16,805046748735688;16,91775587583873;17,182246839301822;17,28439960387242;17,361337054928256;17,549571632791555;18,316232788158935
2,094020979109809;-40,75098640723045;-40,750971821713236;-40,642416996285974;-40,64241382787885;-40,62356672291415;-40,623565195178884;-27,12668251259417;-17,30323717555554;-17,30294508109459;-16,922810989691925;-16,922808694565383;-16,872606969673225;-16,87210421424407;-16,85804100835352;-16,85799536388137;-16,75380595368736;-16,753690155080857;-16,733128831361842;-16,733106199551095;-16,436733783960843;-16,43672368723233;-16,417639490074837;-16,417606887965164;-16,282877829918487;-16,282833419248558;-7,19647283938904;-7,16161023084791;-7,160061009267257;-5,8502826838650215;-5,837175078373302;-5,836455286834558;-5,8319712498786656;-5,82704048064425;-5,803504848862844;-5,798342860116508;-5,779612499881447;-5,746127697187718;-5,734372599885473;-5,6032515497213415;-5,558303400039325;-5,546222774825204;-5,5417281988637574;-5,5399740824202395;-5,531579289767195;-5,526600113060223;-5,5141338355935945;-5,509880671393227;-5,506315396240319;-5,4913994154881385;-5,485256067072969;-5,482435010168013;-5,480120729491424;-5,467069541786955;-5,462128818600348;-5,454366093648446;-5,447882845786791;-5,3895653809088495;-5,379084435295615;5,944305030376334;5,97519704431798;7,797683807060842;8,06286396946243;8,084344622432514;8,579065743039171;10,523807722703296;10,680620525548393;11,160985836922643;11,252945226536806;11,431546192396429;11,436873497675812;12,027323211131266;12,085066493374898;12,5186351559297;12,594402284655649;12,68193278699234;12,830479094787304;12,91900948772627;12,951974617950203;13,389067064121438;13,397202335611022;13,433753134482462;13,642617883596989;13,790002689316417;13,939616295537553;14,012941028636481;14,097382627519947;14,832970246325619;15,670873368506157;15,69692673822297;15,805553364363465;16,0474650248131;16,185137623480543;16,329638327482805;16,588805150489858;16,594124775235535;16,617226808145663;16,707716709963776;16,873528218339374;16,96041892032051;17,086067524583754;17,314237938347173;17,43439171912484;17,56531108177999;18,18451528450178
2,144020979109809;-40,74386788289211;-40,74385332183068;-40,64969379096518;-40,649689764733985;-40,623575043126294;-40,62357458969193;-27,126674648548917;-17,262659012925912;-17,262395957946442;-16,90829336027026;-16,908292451371974;-16,864763251341877;-16,8642805610024;-16,822845706780917;-16,82280253004177;-16,761770860736704;-16,761622326506384;-16,733120808212124;-16,733092258951846;-16,478495040632207;-16,47846278597446;-16,470982054813305;-16,470975297306925;-16,286198747972694;-16,28615383367974;-7,196577992086746;-7,160748733479945;-7,1589239166886625;-5,848185664275778;-5,842666834231141;-5,837666647027125;-5,830494646052001;-5,829566721302892;-5,804895429745384;-5,797810671027713;-5,779805634110249;-5,7440378602732;-5,733456828098983;-5,602731189145158;-5,558398607032094;-5,546633995445327;-5,542839352164627;-5,539830110313427;-5,5294195430058855;-5,522493136763114;-5,51248761555048;-5,512446948064469;-5,507467193967351;-5,495197297954197;-5,487412681783052;-5,481431094190493;-5,4793642023063125;-5,470032214206202;-5,463568359643915;-5,45242680601694;-5,4461646046737355;-5,387729045504084;-5,374887913116318;6,107972117924261;6,124463191091099;7,823885302833208;7,934861178093288;7,974823328243607;8,511135301404822;10,623178472200157;10,751926985312904;11,158928148347746;11,253989706774997;11,340735598930932;11,447468751988948;11,954451326855343;11,995011981770514;12,450434231804385;12,545313701155614;12,730970146799189;12,815653584715042;12,925866266699865;13,08522826685976;13,432037777226201;13,525505579279153;13,563568358494056;13,740697380220949;13,754203796141947;13,975303301633856;14,042251791009118;14,126228720483894;15,005080264551607;15,453595852074963;15,459891641434387;15,65331919440778;15,910304944972827;16,049814118599894;16,31198866221593;16,480480498299197;16,60620919309018;16,617855327285838;16,71333372707932;16,880249200273358;17,00363040594029;17,0347248472471;17,32405496962812;17,567214340589036;17,57738380891922;18,061592559612993
2,194020979109809;-40,73633294757587;-40,7363183930426;-40,657373254660925;-40,657367859345996;-40,6235872167878;-40,62358668590267;-27,12666754418615;-17,223944184207085;-17,22371801958646;-16,885954016211628;-16,885905520178852;-16,85642174001551;-16,85598754103268;-16,7832334425229;-16,783187552279646;-16,770184441913667;-16,770008391130794;-16,733118612148758;-16,73308999033984;-16,544787010161745;-16,544752637819805;-16,510408130664803;-16,510402852439018;-16,288530954322066;-16,28848598187324;-7,1966758769026695;-7,159886356382292;-7,157897059669707;-5,850571477311253;-5,844640670378267;-5,838103970598524;-5,831775668478889;-5,82892314038722;-5,80639989597201;-5,797342927976242;-5,780964643025792;-5,740601328726253;-5,732694115878442;-5,602219291621544;-5,557646853325852;-5,5469914963686255;-5,543653055209282;-5,539890825817117;-5,527709681845515;-5,518944561546938;-5,51848477814218;-5,5103412407709715;-5,504386815062954;-5,4988183792861;-5,48976278223705;-5,480592193051688;-5,47887324180153;-5,472441909783962;-5,465625938015547;-5,450749609012;-5,444540805028394;-5,386092556388551;-5,371305056976304;6,288652165587655;6,296939809846667;7,674791048973782;7,737858879161833;8,031040370400449;8,481006688783962;10,7115423600816;10,783672608832603;11,22460434724611;11,2605779894053;11,26745586463857;11,455745274342108;11,883321478270174;11,9740605227705;12,347257749302077;12,468639317432489;12,783612634085543;12,802787767938991;12,886186723893834;13,224235526490837;13,460081561415745;13,672524283864009;13,69271029277057;13,700182999103177;13,846011571780135;14,012921685240721;14,091755779962943;14,175487153420747;15,134715885270236;15,212592981546377;15,245150262265785;15,522451531527786;15,774640399020363;15,924509214141025;16,356766765538442;16,37269773266664;16,60829928058398;16,620055565963007;16,690237443296994;16,80561511643677;16,949222482596007;17,1155717426279;17,33296610355759;17,591370098313835;17,711118718767928;17,960348373419137
2,244020979109809;-40,72909947286092;-40,72908562688386;-40,66472204516069;-40,664716662207674;-40,62359703896839;-40,62359688061145;-27,12666192668098;-17,192124658316843;-17,191941664506118;-16,853902613379127;-16,853166167033557;-16,84778975770605;-16,847560937155347;-16,778242066142656;-16,7780448340202;-16,740239820045005;-16,740120190640187;-16,733083760827338;-16,73304216878442;-16,613686835890622;-16,613642621921205;-16,553661761371558;-16,553658632337665;-16,290051088802944;-16,290005412694114;-7,196753456079684;-7,15914435438138;-7,1570802160775475;-5,855686089486587;-5,843401581491413;-5,83843860595511;-5,833491846806486;-5,8274416839846435;-5,807830247831234;-5,796976490381257;-5,782252942416896;-5,737163925463752;-5,732127951844277;-5,60178225324892;-5,556251094324083;-5,547258366956462;-5,544151518786459;-5,5400463700169436;-5,526652620147372;-5,523744451490899;-5,516244575342012;-5,507940122101708;-5,502705342546662;-5,500180201106486;-5,492165696415447;-5,47999962155599;-5,478616148061884;-5,474182158991205;-5,468050414777764;-5,44946561451502;-5,443175465080811;-5,384827951279209;-5,368573856517235;6,457428518892889;6,508568683809726;7,494351695056713;7,500333724843471;8,108152543831824;8,471807409371394;10,784257666138467;10,787390817768374;11,21367864254056;11,241671388771305;11,326914258057425;11,461541197754366;11,906328691222146;11,95333392039208;12,23080747275461;12,371979710143146;12,79170463963144;12,830137859850067;12,84877794740694;13,319556668707037;13,525358657205757;13,691113343677277;13,734017745143118;13,841146985778382;13,87216901404124;14,080946216221903;14,164458865551497;14,231668620467248;14,988779238092874;15,029271076344083;15,22196093135145;15,42193045194407;15,656706293275612;15,823088433259853;16,288024481308526;16,440022060104244;16,594393247135507;16,618068049717294;16,638589678490252;16,693821466868513;16,942299302129825;17,188566345472083;17,358481932777824;17,602756260197598;17,806105596521363;17,806735167824915
2,294020979109809;-40,72341692254256;-40,72340396208088;-40,67047427024824;-40,67046828188078;-40,62360325635052;-40,62360308298821;-27,126658306736886;-17,1715185056667;-17,17137226236241;-16,842609279680698;-16,841870969792218;-16,808356756827777;-16,80816482481367;-16,784553881561273;-16,784337089473873;-16,733148373158137;-16,73308098718411;-16,69485154758678;-16,694835041102916;-16,681387979899224;-16,681317048238924;-16,59918113288031;-16,59917813847393;-16,290904568542903;-16,290858063849704;-7,1968033930868085;-7,158638498036201;-7,156555681105037;-5,859253277233752;-5,842486501684162;-5,838650539431858;-5,83457569270309;-5,8263238959747845;-5,808907028354424;-5,796748296150948;-5,783171568460858;-5,734715779503885;-5,731781680044645;-5,601483662877962;-5,554737639874658;-5,5474280584229465;-5,54439669846886;-5,540191493937663;-5,528433725943845;-5,525254812857089;-5,51438744452487;-5,505779307367006;-5,504907991848686;-5,497341780204086;-5,4942686953891355;-5,4796771203289;-5,478503470874366;-5,475195518936628;-5,470219022131103;-5,448660876754647;-5,442252847658023;-5,3840282425261226;-5,366867708932169;6,607181590409048;6,738810506973649;7,247385501441185;7,335988912058011;8,163411561342746;8,470171489422473;10,774366316085283;10,842740783310377;11,1808349157051;11,206533720131242;11,429888277100147;11,464934052572174;11,913015070157725;12,004688907026013;12,146961350691504;12,259133298513323;12,783196869492357;12,82275701343392;12,861880802182402;13,370545140427959;13,603062018909963;13,706228424831892;13,738143777144861;13,845523084070713;14,019675060283495;14,039874536877221;14,25314749348669;14,370625534972167;14,812705051232063;14,813837973764615;15,273486977666273;15,35852131944363;15,574343316787392;15,757489845897368;16,23424435236659;16,503519444054877;16,547788387599287;16,564781070818324;16,602880964947175;16,659253762599132;16,98715754720861;17,23063399511463;17,3982123789533;17,608531343100474;17,69593289812032;17,852739078365794
2,3440209791098088;-40,7211449275472;-40,7211328701533;-40,67277010161611;-40,67276384354064;-40,62361049269139;-40,62361048706888;-27,12665706665225;-17,164457898688795;-17,16432615422617;-16,840035830526716;-16,839342174656593;-16,787076326305026;-16,78692509239662;-16,76673084716505;-16,766711279248117;-16,733147115608737;-16,733085753897424;-16,73095096701516;-16,730793199834224;-16,6557490202263;-16,65567083823146;-16,638456868036034;-16,638397587777227;-16,291179668865677;-16,29113245389392;-7,196821277484069;-7,158459943856632;-7,156375730449932;-5,860517405261662;-5,842168030358209;-5,838725721750124;-5,834944631768566;-5,825905077545262;-5,809321472823798;-5,7966729675774875;-5,783497782158167;-5,733839367969282;-5,731665131555593;-5,601378334587724;-5,554042210079739;-5,54748540519302;-5,544467969349726;-5,5402506939948015;-5,529899655290271;-5,525094427081739;-5,513642141525216;-5,505909480393234;-5,504796537876195;-5,4960707891827845;-5,4952279092467675;-5,479583030108636;-5,478479996225199;-5,475520344542223;-5,4711475991661835;-5,448385721516381;-5,441934198919211;-5,3837584110711445;-5,366289015099364;6,676763128649693;6,949255992435121;7,028284659804633;7,263437437931062;8,183371598235729;8,470155175773941;10,769310392066062;10,863580802910208;11,169789079156269;11,189987701277708;11,466046328633096;11,479905250469011;11,880323698852374;12,12210719478888;12,124771740250956;12,140257102420005;12,779841743149452;12,81341549595023;12,87310597740722;13,386042790994816;13,647239422121812;13,718382596998783;13,737733620677291;13,817023792450895;14,01629973707862;14,152215678541527;14,203644270856326;14,56560096145851;14,617763299622563;14,744853408445083;15,291536582047593;15,336830652973582;15,543885062565936;15,734870728482177;16,215818051060648;16,506342832828658;16,522806128516333;16,543845118813866;16,596725767540267;16,658550860485324;17,02084489713324;17,24246060614025;17,422217705106927;17,6101150873431;17,650103706884696;17,84923645503955
2,381273898458499;-40,72088219181538;-40,720870014084305;-40,673034393182114;-40,67302806647461;-40,62361032078508;-40,62361025293592;-27,12665692825724;-17,162324530869466;-17,162192583054367;-16,839755750863876;-16,8390613008165;-16,787362676800367;-16,78720655069822;-16,77168068501227;-16,771665533972513;-16,73366916940166;-16,733400022372148;-16,733050897945695;-16,732679797767315;-16,652935835966428;-16,652856444995024;-16,63409088515117;-16,634034844573705;-16,29326460614233;-16,293217781406053;-7,196823035888332;-7,158418126061926;-7,1563558261330815;-5,860503912855141;-5,842328358280794;-5,838707066079845;-5,835673288000579;-5,825834561569994;-5,809457002492037;-5,796618886269456;-5,78271833282323;-5,735669091066842;-5,729834659761767;-5,60137037777523;-5,553935408387854;-5,547421365030489;-5,544999980581599;-5,5396055991225435;-5,529886050632621;-5,5252043986988575;-5,5140809633722085;-5,506056990043773;-5,504424202841592;-5,4959049657549475;-5,495176481975898;-5,480681013959805;-5,478067802681048;-5,475506907048132;-5,4710369046904015;-5,448576196583435;-5,441137824090097;-5,384197519313727;-5,366007152945052;6,680618238011581;6,953939242226726;7,032477416311313;7,263270270278188;8,182957986436186;8,454946393900723;10,774424578039486;10,867881289336326;11,163456293032569;11,176486955159927;11,449775951852917;11,489629003578722;11,883922226481587;12,13568663566824;12,14455572403522;12,157344850507627;12,781823879287748;12,812696392920019;12,863710013886294;13,375613584259419;13,631796380343623;13,699437612871494;13,743473946820048;13,811767236933747;14,004174325807396;14,167149439935793;14,204317189295747;14,55198122773575;14,634908355341208;14,745717768797533;15,294403879120535;15,342987046692603;15,549666283679878;15,732798427723756;16,216439831608305;16,414487210322246;16,554925314742565;16,592601579401137;16,609147869066913;16,65457821332753;17,025970631196383;17,234190523795043;17,417341210052488;17,580648344866624;17,64645097091724;17,888083398532626
2,4185716195685076;-40,7200938566084;-40,72008138516559;-40,673825516386415;-40,673818874624416;-40,623610049910006;-40,623610041459045;-27,126656498779187;-17,15596308782213;-17,155830677533174;-16,838923894905847;-16,838226086758027;-16,788220701904024;-16,788050695304168;-16,7848856657769;-16,784883760049887;-16,739682680742668;-16,73964388868704;-16,733097950151155;-16,73301927365871;-16,645397473683484;-16,64531538111881;-16,622633659960236;-16,622585083719414;-16,299473402976254;-16,299425689750528;-7,19682810638002;-7,158292106434582;-7,156299785230195;-5,8604682991470485;-5,842799764830652;-5,838666139822528;-5,8376553121521475;-5,825613547845162;-5,809850794491124;-5,796472119540342;-5,780558747565255;-5,738225911189576;-5,727282661245712;-5,601346720984205;-5,5536103516580075;-5,547235516032598;-5,546075767749334;-5,538208936278018;-5,529847296780508;-5,525526155926764;-5,515186949913828;-5,506471702111318;-5,503525386617952;-5,4954023479403;-5,495049713279263;-5,482982123751913;-5,4776201140924226;-5,475466061058229;-5,470703457801113;-5,449134841149559;-5,438944064198555;-5,385436839332771;-5,365240685575841;6,692161692124164;6,9679601600845045;7,045021072033137;7,262459626987737;8,181742591421697;8,410208307908915;10,789550036701707;10,880501586310967;11,135611123909058;11,148384740984303;11,414243529404168;11,51481051609189;11,894649695187942;12,157364949742325;12,174315896940792;12,241792276426116;12,787955352965945;12,810902432157087;12,836939181873223;13,345571590834046;13,590531226802462;13,650955605404677;13,75847185838789;13,795391396370144;13,970397488876007;14,201323682311415;14,204695520498696;14,513631056864464;14,683084719507459;14,751667223952877;15,303363948450558;15,35945284873285;15,565663991563495;15,726410006199222;16,221685137665222;16,313088314982195;16,5809897194006;16,583673364619695;16,64338165360087;16,690555369586797;17,04367381364618;17,211694839734303;17,404054500347947;17,526221470820488;17,64202473409699;17,952478026069148
2,4558245389171978;-40,71878870755193;-40,718776835019426;-40,67513934344017;-40,675132813658486;-40,62361828366847;-40,62361809649154;-27,126655865770612;-17,145470835937317;-17,145338365330417;-16,837591514375294;-16,8368730531384;-16,803408121982525;-16,80338012556121;-16,78964732660814;-16,789454253245644;-16,74824796177272;-16,748176764977575;-16,73312612953921;-16,73305500935711;-16,634775860107993;-16,63469068669966;-16,607101473795257;-16,60706132418146;-16,309643495472088;-16,309594423586216;-7,196837634131906;-7,158092808648782;-7,156216459732043;-5,860457855417241;-5,843548628997011;-5,8404410344645905;-5,838602980644261;-5,8252505980936915;-5,810477386204049;-5,796265256017292;-5,7774403828731655;-5,740758107791371;-5,724786446136257;-5,601312142895166;-5,5530844325313184;-5,547214698472076;-5,546938631243843;-5,536559600656089;-5,529804425139818;-5,526047324044086;-5,516635871540279;-5,5071034276603745;-5,502455425415158;-5,494889759927799;-5,494554590864683;-5,485987397472736;-5,477244119097671;-5,4754055735541804;-5,470158348697685;-5,450057993280838;-5,435765191879609;-5,387290306769751;-5,364179089864772;6,711323759381744;6,991230464792536;7,0658097869141585;7,260088243336683;8,179811779715832;8,338427003998016;10,814040580804427;10,900615499114624;11,071086558924875;11,131819597699593;11,378117733012497;11,54820379117832;11,91227455969773;12,178388160703523;12,231366337442331;12,354475307997728;12,796762494691581;12,798791767203783;12,80904691662281;13,299926004973383;13,532147391760747;13,58720148351868;13,766722372469866;13,780322378652903;13,920695378967919;14,201834822756812;14,234548189283897;14,456437803972777;14,754698665229391;14,771315325996465;15,319272733993998;15,381705179969934;15,588346931041713;15,71525533074235;16,21146028137845;16,237737471888074;16,56408674966955;16,620111903667272;16,627044496820965;16,748616961461337;17,080311116549932;17,18148179412384;17,38563537193056;17,477628842387716;17,644689601725652;17,990542361335883
2,493077458265888;-40,716977595122806;-40,7169653256078;-40,67695794335161;-40,676950879044696;-40,62362818252171;-40,62362813366994;-27,126655047886658;-17,13099469436125;-17,13086225618348;-16,83615389870498;-16,835307228799707;-16,824774227501997;-16,82460667585568;-16,791619287235534;-16,79139807054522;-16,757787253119222;-16,757693322922226;-16,733159169410023;-16,73307926495728;-16,62231053136071;-16,622221606483013;-16,58976011170618;-16,589729012392645;-16,323482883702265;-16,323432311098852;-7,196848489056208;-7,157831501046664;-7,156116313601112;-5,860532637344536;-5,844512720935381;-5,843490236347245;-5,838526472206167;-5,824732753815214;-5,8113013633059145;-5,796018217047123;-5,7737956150925696;-5,743195940746525;-5,722458096752104;-5,601259082579733;-5,552364553333608;-5,5482455850595915;-5,54654155926819;-5,5348363532892835;-5,529777555253602;-5,526730288698891;-5,5182034127029755;-5,507873413743739;-5,5014152587358405;-5,494747969246919;-5,493394234662095;-5,489330241174931;-5,476866017185707;-5,475333203112166;-5,469410980208983;-5,4513124840975475;-5,4319881901941525;-5,389592191063534;-5,363002462608823;6,7379922325512895;7,023605742653394;7,094665466227645;7,254662949098771;8,177380261454305;8,243228911441214;10,846821348200574;10,926861944046392;10,99404391068667;11,118783823753462;11,346010228343017;11,58496366479727;11,936432057579019;12,207123020574885;12,295186062243483;12,476723798709422;12,749477013458225;12,808613685592638;12,815276234572302;13,246103961296827;13,464395395977908;13,517888096650836;13,725545600749491;13,807603921558028;13,861513735798853;14,193642575389664;14,251566368872709;14,386779774661044;14,813449999310397;14,841536912929705;15,342910577549809;15,405245507620963;15,613185097496872;15,698875163161636;16,11042665305591;16,267993240718724;16,54513070644422;16,608750130025804;16,653610965509706;16,77541423883763;17,14000027140375;17,152933391381374;17,366138587153856;17,443651495068686;17,655276126992188;18,00297987176346
2,5303751793758966;-40,714682108517394;-40,71466987425943;-40,67926144447519;-40,679253969081365;-40,62363934459441;-40,623639212820315;-27,126654095127936;-17,11274968216451;-17,11261679013348;-16,84966448031311;-16,849427846052844;-16,832332986494343;-16,831902449275166;-16,794122287776652;-16,793867257757988;-16,767505787001678;-16,767388979517722;-16,73319680617513;-16,7331048161906;-16,60872744239954;-16,60863558450176;-16,57204253704415;-16,572022179371245;-16,34054746310992;-16,340493004714293;-7,196862139534626;-7,157525284093272;-7,156013931344735;-5,860804011035612;-5,846321836875351;-5,845616460239986;-5,83845201005863;-5,8240630867103516;-5,812284931805407;-5,795759697362074;-5,76998861253538;-5,745511485719565;-5,720365666979462;-5,601200004119245;-5,551466775840139;-5,549118833508479;-5,546080033246722;-5,533118143356446;-5,529811936605481;-5,5275303128384286;-5,519781664312109;-5,508713696271774;-5,500471443252694;-5,49468258039146;-5,492689800152504;-5,492003235230856;-5,476477622215311;-5,47525317153746;-5,468483444298914;-5,45285734790408;-5,42789698381871;-5,3922177527405175;-5,361834575094882;6,77201072372524;7,064881246930398;7,13132737212289;7,244195319165282;8,128810875539822;8,174820063963141;10,886404990210647;10,916652809286825;10,957384512925467;11,111078621904236;11,314644996750578;11,623205166597804;11,966594054485055;12,242786247109336;12,349142462922451;12,58826301839567;12,709088193924034;12,81127226947244;12,838697478057526;13,195311065451484;13,393565774276794;13,448194058479336;13,674034944951305;13,799745230688067;13,83868507666068;14,179202942491798;14,247815531328557;14,310022146185684;14,880256582582804;14,93662204567953;15,374157265749858;15,426235492733657;15,635793367369116;15,677175983013369;16,01041569826075;16,31153332387074;16,527808215791325;16,59230558003461;16,674715669471045;16,774592802349616;17,136314255978263;17,216298542633133;17,349465048913075;17,42548173824527;17,670147856251898;17,974492009751255
2,5676280987245867;-40,71192686910664;-40,71191507134874;-40,68202977060887;-40,68202199760447;-40,623651992972505;-40,62365120704523;-27,12665312602769;-17,09106021976089;-17,090926128317545;-16,874405277005785;-16,87427326944543;-16,829636559866106;-16,829113055850033;-16,79713589722595;-16,796843657161453;-16,776882148358407;-16,776740968164056;-16,73323446864576;-16,733129303285576;-16,594446802092804;-16,594353373545605;-16,55503613146555;-16,555028488253267;-16,360129824151695;-16,360067893523652;-7,196876357616019;-7,157194000281171;-7,155926847771025;-5,8613759318190874;-5,848542696871374;-5,846776525720355;-5,8383923469469465;-5,8232377368688795;-5,813401343226532;-5,795517077760608;-5,766292051459042;-5,747696178909529;-5,718579682467081;-5,601140956409744;-5,550423668187017;-5,549817267728822;-5,545614194493334;-5,531465212363524;-5,529941169524901;-5,528396158040269;-5,521301534576143;-5,509547261851405;-5,499616654015882;-5,495792806299833;-5,4947277199446285;-5,4905183889579705;-5,476097938718091;-5,475188519609721;-5,4673881710189525;-5,454636129135362;-5,4237046317395965;-5,395083063540781;-5,360778141258307;6,813189718896689;7,114800269355258;7,175443339616853;7,226392668005594;7,999438730017235;8,172642185579626;10,84751869827503;10,930926556707668;10,989934461639587;11,108165592470009;11,280609990204562;11,66248545102137;12,002062768247406;12,284235854649197;12,374313577999995;12,614474840260325;12,745402059123743;12,818568918085868;12,870601994001248;13,159882685826235;13,32473628959289;13,380811661818779;13,617736436946018;13,743478786242589;13,871660909398328;14,158685418242166;14,227634118039957;14,230507210803186;14,966614311703143;15,03432824782285;15,410925982692067;15,44091301155097;15,650946902878742;15,652843593350244;15,912168200577895;16,36408707119693;16,515596986899894;16,5814748479352;16,677071177481064;16,75601262808779;17,13995448197632;17,29476307857753;17,338862796050325;17,42399818904049;17,683048887655843;17,90584460874901
2,604881018073277;-40,70874575841794;-40,70873430014561;-40,685227120810524;-40,68521844228544;-40,62366289869876;-40,62366163365967;-27,126652235156048;-17,066349121314616;-17,066213775505997;-16,900332954965346;-16,900217988199614;-16,826230740998763;-16,825702233486467;-16,800613066282708;-16,8002797765052;-16,785477727336275;-16,78530878097835;-16,733266419721506;-16,733150797822724;-16,579730250806136;-16,579636896073158;-16,539963905429804;-16,53995258656042;-16,381045490413925;-16,380971379225866;-7,196889759953148;-7,156858897047181;-7,155874150699269;-5,862257485744007;-5,849926724563381;-5,84790942821227;-5,838348705501955;-5,822265473248777;-5,8146112597939865;-5,7953121225020565;-5,762881513957351;-5,749761837088085;-5,717144544967137;-5,601080129060013;-5,550337701120505;-5,549270095456736;-5,545232087145439;-5,530172487191332;-5,529913169088228;-5,529262633298345;-5,522717733710217;-5,510310762770008;-5,498812636878693;-5,498409883638464;-5,494910631872208;-5,489082004014602;-5,4757538123627425;-5,475132003021807;-5,4661667491438255;-5,45657395777653;-5,419539378737014;-5,398140412994357;-5,3598897326875115;6,861301645320041;7,173046632546182;7,198966987124605;7,226552036152424;7,859108667023299;8,171359620806275;10,791751253766643;10,978231144380489;11,022042103078107;11,10803192577156;11,2423394210324;11,702398480229943;12,04197686180543;12,329860312037168;12,358599974441061;12,576758896211437;12,82991770946068;12,831498885205948;12,912528967217439;13,143891841347779;13,262425668223646;13,317229883036832;13,565993138877081;13,70255253375758;13,90454937008153;14,133737472993575;14,152296237085688;14,197974644216771;15,065044214380128;15,129943437955435;15,445171538059984;15,447381850454828;15,622255431602094;15,662726994641096;15,818128089156037;16,419316896430473;16,511204765038123;16,579190703919735;16,660453634667753;16,728006715409688;17,16652110738224;17,33709899613753;17,351609673878663;17,44945837638369;17,6786023307006;17,819635869512428
2,6421787391832856;-40,70515912915229;-40,70514811390554;-40,688814298553844;-40,68880523570007;-40,62367229016083;-40,62367112301838;-27,126651445669783;-17,039237880542515;-17,039102410294195;-16,927021347967276;-16,92690808982984;-16,822342839986106;-16,821826511452645;-16,804525199233566;-16,80414289459451;-16,79279012411746;-16,792586253768647;-16,733290654075127;-16,73316825054719;-16,564729377059642;-16,564637892911833;-16,528900274250525;-16,528863222355717;-16,401023515684468;-16,400929822125832;-7,196900220555757;-7,156541680464324;-7,155868933080544;-5,863240663202431;-5,85053472517772;-5,848920660215379;-5,8383175712471305;-5,821149621260822;-5,815891197483667;-5,795151947734902;-5,7598728876019525;-5,751711128305985;-5,716089171468697;-5,601026878865976;-5,550687005237372;-5,548064634007423;-5,54504803783301;-5,530473195181019;-5,530031082713345;-5,528487532040478;-5,524008484912529;-5,510935099672607;-5,500362816222505;-5,498022506680723;-5,495250176026366;-5,487841048472987;-5,475459462601593;-5,475094991194796;-5,464837666943547;-5,458551045324293;-5,4154940210168645;-5,401341716557602;-5,359208045995089;6,916090141487743;7,160046919703322;7,239247653554771;7,284042141740543;7,7113915935698;8,17123009694768;10,751942873269604;11,026018824757218;11,051297122565586;11,107787074148012;11,20020155566725;11,741294875563504;12,085291113583477;12,30664939821496;12,37741402073335;12,537154246506876;12,850019102671558;12,889773871530274;12,965512098237937;13,135373086215054;13,211371455691285;13,258549585335885;13,530701043178855;13,685992564849975;13,93543915230856;14,080165353524533;14,108613583224484;14,164583182579323;15,168960512403123;15,21920477899775;15,435047176399978;15,469431588402964;15,594670624558479;15,665955272877373;15,736779140732716;16,469767442513742;16,516297656926152;16,586975091811475;16,630151551638207;16,695989375496552;17,212821666508415;17,346391530120133;17,373038020011062;17,50224079718342;17,613686603097808;17,771697542535193
2,6794316585319757;-40,701219146830255;-40,70120872210044;-40,692755874284735;-40,69274644410126;-40,623678124895285;-40,62367686707021;-27,12665089570143;-17,010648812747345;-17,010514352436836;-16,954295411255245;-16,954176103521284;-16,818053238965895;-16,817556085759076;-16,80882556312355;-16,808390538415576;-16,79811443193831;-16,797873801030835;-16,733308568105667;-16,733183026242536;-16,549591880507432;-16,549503993638815;-16,52561692212485;-16,525550297486152;-16,416014638525237;-16,41589681850497;-7,196907934388532;-7,156265060126247;-7,155929067921228;-5,8640113496621336;-5,850585181733413;-5,849738895622875;-5,8383035038907805;-5,819917201825189;-5,817221976296042;-5,795054700801821;-5,757345764299007;-5,753565697922784;-5,71544970495883;-5,600989917365293;-5,550884748737868;-5,546895013371412;-5,545224575681352;-5,5307356906361385;-5,530602129397896;-5,527226706798616;-5,5251578173847244;-5,51135969298372;-5,501546190648751;-5,497239905783697;-5,495767457631575;-5,486971741427088;-5,475240750516801;-5,475091773282914;-5,463445999541802;-5,460434900342557;-5,411650160362327;-5,404659262581839;-5,358779731184072;6,977267978639317;7,108559714648568;7,3129679743437075;7,34693379467447;7,559578740566188;8,171961622286762;10,728809019778778;11,072016969948136;11,075646317539242;11,104110848774265;11,156321313467492;11,774221948410071;12,130778202895778;12,23739896925689;12,423834453820081;12,500841863795806;12,87258815874565;12,9103671964432;13,02848054389148;13,11778732621959;13,177034187808374;13,206902712980776;13,518704184404845;13,69221726545991;13,96270845473575;14,021058487185732;14,092549816374639;14,131509242073621;15,273079786069328;15,297893560065063;15,407556501669578;15,44896611131698;15,573293273275963;15,664997549601495;15,688769893729246;16,50796482161683;16,531426997536688;16,59273844014517;16,60479987325101;16,66321203893774;17,271834968537252;17,368491723234175;17,37973669343205;17,500677429451738;17,54561961303201;17,76435340613648
2,716684577880666;-40,69703939192303;-40,69702943154795;-40,69693861695317;-40,69692865681598;-40,62368349282061;-40,62368218772956;-27,12665072625701;-16,982080168709793;-16,98200376221847;-16,981951771177062;-16,981875360437584;-16,81349840120362;-16,813381040723236;-16,813025152276012;-16,812907784793712;-16,80027145588635;-16,800013743508732;-16,73331584746314;-16,733189214428684;-16,534436350995932;-16,534358884823437;-16,534353288685313;-16,534275835583905;-16,421374913533406;-16,421245933067297;-7,196910815418642;-7,156076167264447;-7,15604144738987;-5,864316745904024;-5,850305779077584;-5,85029763848068;-5,838298081353234;-5,8185857701279255;-5,818584524764718;-5,795023849292484;-5,755342586081106;-5,755340230728457;-5,715240024075209;-5,600980102158881;-5,550944977724228;-5,545877761298074;-5,545870191703225;-5,530843921490463;-5,530837460689046;-5,526171399096364;-5,526167471664654;-5,5115176338293255;-5,501941082161245;-5,496461444361209;-5,496456631746497;-5,486647861101262;-5,475136162336687;-5,475135967342803;-5,4620390172971325;-5,462038472839266;-5,408066945640603;-5,408066711391042;-5,358635625692835;7,044424215181679;7,044551055825209;7,393607761277358;7,393738477158018;7,426922799633854;8,172545812318436;10,721514931441087;11,093727931102684;11,093728703714838;11,11422322986272;11,114234346552156;11,789285835785437;12,176993978436352;12,177033192862165;12,465080579193321;12,465115446429154;12,896838351716285;12,896893755431995;13,086784473175603;13,086847586466522;13,16482496235519;13,176599821319934;13,51979261300654;13,700665379104425;13,98528930593175;13,985348138083388;14,101584415382415;14,101671255605464;15,361612292067415;15,361613828995313;15,372962381321633;15,37300317614731;15,564643098243318;15,663701992055673;15,679159306005587;16,525333850402742;16,556099269165397;16,556166497234113;16,631513343934188;16,63160038263289;17,31772834838061;17,381640391050006;17,404699302876274;17,40472315471872;17,5590169444334;17,76404934291856
2,76377788950769;-40,70620990724495;-40,70619884175444;-40,687764832914404;-40,68775581538053;-40,62366651462308;-40,623665729111835;-27,12665163630229;-17,038720553097228;-17,038567711947735;-16,934352376742307;-16,934278225755353;-16,82351135954757;-16,823019217921683;-16,803370355794875;-16,802953213527587;-16,786702212563753;-16,786515548231712;-16,733289569994906;-16,733161111536837;-16,58218190296535;-16,582108860259215;-16,504211568509902;-16,504141429971675;-16,407316490583828;-16,407207974053904;-7,196897949806272;-7,156566955191508;-7,155897552144532;-5,862928649583102;-5,850400231937414;-5,849272887916933;-5,838298631693886;-5,821337818331266;-5,81572703529935;-5,795152681329467;-5,758738179110337;-5,752867855966369;-5,716058087139747;-5,601048677721579;-5,550732935934107;-5,548552348382685;-5,544700925293452;-5,530369948295235;-5,529760057521308;-5,5277698026560955;-5,524851049010976;-5,510765596966671;-5,500526023917401;-5,4983319753267805;-5,495009661865285;-5,4880545556840605;-5,475344152645269;-5,475244942432621;-5,463808751986876;-5,459340114922228;-5,4150335504380624;-5,401837297950925;-5,359252225095821;6,882975789894173;7,09682497061463;7,1957395353166556;7,56453686817692;7,573742358332239;8,16623952415629;10,744227984908838;11,043274515109324;11,053459212317573;11,110100513202505;11,181877156372135;11,710831681325883;12,173424635189415;12,265415055762814;12,374128411374361;12,515219009441811;12,841838800076566;12,95346364959233;13,012036553978353;13,043543952365987;13,207145328957642;13,316302897728058;13,480930289578989;13,643264779942658;14,011886749067955;14,017050673741727;14,061174266352701;14,230959075946114;15,141252925000428;15,224287970596025;15,439935123392544;15,544910955111192;15,602411589111238;15,66878558322632;15,677940081076988;16,45797603719151;16,532372178420307;16,57511671273225;16,628133783471213;16,70582291953201;17,16856803836082;17,369832169239075;17,489773441630508;17,52228691134711;17,544654519723103;17,765571929199986
2,810871201134714;-40,71612180683132;-40,71610972326468;-40,67780663631;-40,67780004869795;-40,62364343686676;-40,623642362209644;-27,12665467825042;-17,096571181470928;-17,09638799627957;-16,913761150781244;-16,91374208632669;-16,834360029670854;-16,833864424986157;-16,792491397290892;-16,79213368593931;-16,738106229823142;-16,737694257561206;-16,73319106916009;-16,73259667486609;-16,645347762522782;-16,64528718478058;-16,47479822794393;-16,474744034424837;-16,38209497617554;-16,382006776753194;-7,196853735511501;-7,157413446459604;-7,156127548247969;-5,858713815973454;-5,848975620122643;-5,848242017910028;-5,838248517686268;-5,824022303839838;-5,8127684699957225;-5,795524200630286;-5,762064221574579;-5,752119925455197;-5,718354455379897;-5,601282225022523;-5,5520832927292565;-5,550142925474436;-5,544734201789904;-5,529513604346768;-5,528855050828366;-5,526474740674012;-5,524740860541287;-5,508383270549009;-5,500724160910205;-5,496764500000723;-5,495180053772829;-5,4905486552056475;-5,475794785547466;-5,475793108619157;-5,463674241502237;-5,457084801821096;-5,422009001652598;-5,397036868003866;-5,361160529004778;6,690131698654068;6,802797626930971;7,366736037281338;7,71696369042444;7,773787988861206;8,136946386054134;10,788094115472042;10,951933626330645;11,052288559763358;11,10672392815475;11,224389778419617;11,548434940398167;12,246084789492652;12,286026110874582;12,337951798899418;12,516325669828555;12,82928249532676;12,963435873641487;12,96503966314678;13,032898976151117;13,29218732463288;13,375812984144241;13,505799375845534;13,50997210648369;14,037977059586213;14,061963826578708;14,090898909949615;14,418943949247584;14,90322110267452;15,08313975583215;15,506434536307667;15,600251763519841;15,667465486620422;15,685558324810186;15,736970434952081;16,37113525910466;16,50184226895852;16,530967988102773;16,71382836167271;16,79877805483549;17,04952812451826;17,3317020150053;17,533815591345828;17,543665966804056;17,698094703058214;17,77834299370985
2,858105934117975;-40,726233938381355;-40,72622107274644;-40,66760491863267;-40,66759939751111;-40,62361995608899;-40,62361882409487;-27,12666000049618;-17,154844896716263;-17,154628740795367;-16,91293182267394;-16,9128715635923;-16,845441781640886;-16,84494336567008;-16,781339108831823;-16,7810465338971;-16,733199950168085;-16,733199914108646;-16,709871638750023;-16,709817495118692;-16,664284428373914;-16,664191451958235;-16,44654644337024;-16,446507611785872;-16,35621716575357;-16,356142864961882;-7,196779964935275;-7,158503030565346;-7,156785171558858;-5,852167107822254;-5,8476739983096575;-5,8460588421321615;-5,838101291931198;-5,826548187629398;-5,8099034265204965;-5,796100958289693;-5,765495119962517;-5,752379415534443;-5,7217275952087485;-5,601702265018002;-5,555269820608284;-5,549192444205937;-5,545275179083908;-5,529613060295961;-5,52903942175201;-5,525711879786467;-5,52166495731773;-5,504656433421123;-5,503372101831468;-5,49995297084557;-5,49145129308486;-5,489808068907556;-5,476623542934721;-5,476504868400608;-5,462641766104271;-5,455564082005255;-5,428768699749979;-5,393767570044452;-5,364354843335917;6,483772215652733;6,529661712106478;7,553412078830108;7,861314765222;7,986056148859014;8,075526669476565;10,818749847706597;10,838801488125156;11,099179809761297;11,116872906482287;11,245831327534896;11,390332722160174;12,125290004682036;12,386376909960722;12,418336449992717;12,495317874947158;12,861820691526205;12,887093221904678;12,960988977259687;13,088357975068215;13,26168398928358;13,345623191204432;13,39213896628248;13,669503697230402;14,04338910899586;14,069352828508995;14,10705150973348;14,410676734468302;14,889562050361159;15,057190723260442;15,475301620529518;15,606123634978825;15,78389251134363;15,799817085704147;15,822201839347873;16,30559028743112;16,48830334034588;16,501283603470853;16,79277990582266;16,900863460856026;16,97525398262826;17,279541172329168;17,50486556386092;17,5114730020807;17,76714993118914;17,9192675955378
2,905199245744999;-40,736107083252364;-40,73609351487238;-40,6576003408092;-40,65759590735494;-40,62359906405803;-40,62359867096517;-27,126667340612933;-17,212335983491037;-17,21208812765124;-16,91853683183196;-16,91847918044101;-16,856277127057368;-16,85577776661426;-16,77040661685938;-16,7702754867697;-16,770020913029445;-16,769874084001472;-16,73316580427281;-16,733164241380674;-16,58417312370337;-16,584127896483302;-16,41960358976971;-16,41957992781794;-16,332404763070578;-16,332339895745235;-7,19668027206351;-7,159704201541155;-7,157814433514304;-5,847962293785382;-5,844281679661048;-5,841899747539317;-5,83782794016806;-5,828844916004735;-5,807293766071681;-5,7968291698814065;-5,76918642661297;-5,752632078378846;-5,725613808894433;-5,602252299274189;-5,557462354770027;-5,547858665096503;-5,545752008262709;-5,530369254582521;-5,529380769335119;-5,527480821841568;-5,515971916827722;-5,506070645562913;-5,505820178552818;-5,500051597135481;-5,488028903071817;-5,485741463499556;-5,47748590604469;-5,4770763631203465;-5,461562288902033;-5,454939550616432;-5,4350755430112985;-5,391962422664703;-5,368704554036163;6,279569221008603;6,283565810358787;7,750549927917059;7,982612648755588;7,985162170978041;8,200425583698957;10,724548761038967;10,813002032411411;11,106580427794933;11,212189734215599;11,254845515652336;11,272293899580648;12,070215726207465;12,410543844740294;12,476460039323996;12,523311104347131;12,805859401066938;12,912886016807466;12,973695111717733;13,06609075648532;13,174197397770255;13,217763012628378;13,516426949002414;13,780485641170783;13,917983790589062;14,002147298657178;14,14683045668304;14,207431310256798;15,089653028616107;15,193046402614002;15,33479237765881;15,728138862146745;15,90501569206071;15,953858654108993;15,972122028071759;16,28080081191414;16,48609246688982;16,502874319823714;16,852794682531584;16,921360412916194;17,00306764822013;17,203580350615223;17,427777521426172;17,468203298781958;17,69153558844509;18,100467767885593
2,952292557372023;-40,74531266914788;-40,745298507444986;-40,64823557054545;-40,648231523177344;-40,62357382966733;-40,623573131154615;-27,126676169699945;-17,267207495095008;-17,266929864417197;-16,925377218728553;-16,92534174988742;-16,866382444576704;-16,865878745423263;-16,82274643380906;-16,822697926060066;-16,760163508425393;-16,759996215659783;-16,733136111832504;-16,73312711245575;-16,507609850604688;-16,50758440892765;-16,393444985699922;-16,393435765151633;-16,31159554305214;-16,311539006035428;-7,196560156089042;-7,160880010500567;-7,1590950155472255;-5,849283126850446;-5,8374212075581555;-5,836928378020017;-5,83635757563452;-5,830846499764046;-5,805038786918465;-5,797621411123632;-5,773206060933938;-5,751879356367051;-5,729444449216432;-5,602859019418456;-5,558386109702002;-5,546138099398676;-5,545928444327878;-5,531633121922642;-5,530657620831564;-5,529740217245829;-5,510787617117681;-5,5098052620865134;-5,5085289732802085;-5,495136311388998;-5,486080000821707;-5,482669234120778;-5,4787170759923844;-5,474644076065693;-5,460825158543615;-5,455253744457586;-5,440692155624901;-5,391446775547158;-5,373982758020074;6,0689312944250995;6,089801988539289;7,878312138517917;7,951127243536381;8,069004625273204;8,404304945582783;10,60904260433843;10,75249271526922;11,148006037016915;11,232167062982912;11,261091423649924;11,303404902737284;12,1061799616944;12,414811531202366;12,469208827032466;12,572998557991667;12,72430770916806;12,916639417796764;12,950905617557883;12,98755793538149;13,136413404880688;13,197877970391415;13,595995959354973;13,748753743037549;13,848354218736498;13,935556775619872;14,039982696328106;14,120709432292088;15,025381313555846;15,41932169180623;15,464393908748418;15,855654403117196;16,016963080811514;16,146609606998677;16,197458157911733;16,29696798144433;16,48362168072688;16,535820056942818;16,876972673996466;16,896595258292354;17,080165486740984;17,09934153830498;17,310370696232177;17,458565106836865;17,579284995425557;18,10822449939223
2,9995272903552843;-40,75344209409515;-40,753426894510554;-40,63991911564794;-40,639916128204604;-40,62354592182232;-40,62354466327255;-27,12668548242269;-17,31707282581314;-17,316770370447273;-16,931697990398295;-16,93169105963366;-16,875319559920133;-16,87480857433884;-16,866427159558388;-16,866378517564264;-16,75106777255084;-16,750954378942748;-16,73311684945259;-16,73310441516635;-16,44329075176733;-16,44328341063594;-16,36554372465148;-16,365534505081623;-16,2942195672173;-16,294169601836487;-7,196433702148509;-7,161904768415938;-7,160467125011464;-5,851606238295833;-5,836917908922383;-5,832510323292488;-5,831652853428099;-5,829477213501398;-5,8032033284591265;-5,798405858559442;-5,777507157129627;-5,749548399737661;-5,732709913381879;-5,603445120825109;-5,558020148311039;-5,545801726881738;-5,5441977894696945;-5,533833235192095;-5,532807155649167;-5,532072459054008;-5,51397414643704;-5,510698930879965;-5,503490840435166;-5,490316802563281;-5,484148108269886;-5,483015172590016;-5,480130223886864;-5,468982434253119;-5,460542457586648;-5,456340244197828;-5,445449723423599;-5,39189770954887;-5,379773061907611;5,889089960440422;5,923693214131926;7,77003231323502;8,117265406738806;8,145639755597625;8,583939202824297;10,486338215261519;10,649037182230186;11,239691642249031;11,273305593750772;11,295796298667682;11,367781368098129;12,213448377585754;12,401422289853166;12,475222234926289;12,539517065443748;12,65258398398952;12,860174086300358;12,887160838171429;12,95218777596623;13,114087638316029;13,205092726032268;13,482693179003354;13,692289604122106;13,817957716392177;13,967786235485905;13,98194053705643;14,067178045336547;14,78458658664473;15,677583775375087;15,743563239711165;15,98707269487857;16,143066200776477;16,33153847178144;16,344297447294174;16,41903858426517;16,4909522043482;16,560265167201674;16,816225940136302;16,921872203103415;16,937296823690577;17,188266856264065;17,209201597987008;17,470576630214858;17,476307811558772;18,228733326736325
3,0466206019823083;-40,76015436284972;-40,760138851978134;-40,63302582528139;-40,63302401053668;-40,623525319228015;-40,62352492454373;-27,12669427614418;-17,359312902831995;-17,358991877414997;-16,93688081456354;-16,936862555626053;-16,900415738920827;-16,900366601026704;-16,882706986131907;-16,882183930893994;-16,743531904754136;-16,743462282588403;-16,733111739793483;-16,73309732484898;-16,40035740153808;-16,400349306946694;-16,331591163908964;-16,3315633842925;-16,2805273810149;-16,280481783348396;-7,196317066967724;-7,162710439715191;-7,161759053858003;-5,854523925738163;-5,836386602113731;-5,833814211843925;-5,826614967296591;-5,82427914585736;-5,801832345669804;-5,799119641447702;-5,781828027070138;-5,745910993697427;-5,735167979689433;-5,6039456272003845;-5,5565056890593265;-5,545483750842386;-5,542472947578714;-5,536723241834617;-5,535675383946398;-5,53385719467818;-5,515390665435199;-5,512573140513716;-5,497406069157537;-5,4860145387492;-5,484087249214597;-5,482367980454912;-5,481584962332131;-5,463259448746657;-5,46067665366209;-5,4579565654372315;-5,449271397767813;-5,392926453136855;-5,385548639522126;5,746601754912323;5,788059503859769;7,67342751705719;8,134482475226678;8,321655739569092;8,727581158702801;10,367266921079159;10,534842224406118;11,29764042398493;11,3906900215074;11,396674558858994;11,45163252006644;12,355875842972535;12,370073910557316;12,44086267528023;12,492099934511884;12,599228545669577;12,784729909337385;12,854395898051315;12,936022336330282;13,032975319326809;13,172857819117247;13,25288184871544;13,627561871194889;13,812731483216389;13,976593541458357;14,069329811823971;14,09287122451311;14,515579574567635;15,93368524304704;16,021242738038108;16,11820926784606;16,27161264946593;16,408765669045067;16,469250273780457;16,504213257452598;16,560339044254377;16,581968072787394;16,69284474399833;16,76720023645108;16,981538344363905;17,188784117765362;17,271473033574033;17,38287688410392;17,494107646009947;18,39551894005982
3,0937139136093323;-40,76516474210916;-40,765149297064845;-40,62786680137132;-40,627865270386444;-40,6235107547332;-40,62351035265071;-27,12670153532238;-17,391475961974773;-17,391141045270775;-16,94067138007388;-16,9406332198839;-16,924576131346555;-16,924525036928973;-16,88822385064571;-16,887686556809243;-16,737888631211966;-16,737853303305087;-16,733105138056843;-16,733092799054877;-16,377744508815905;-16,377730855771233;-16,296435678054163;-16,296399563067837;-16,27066253250485;-16,270620192294118;-7,196222293004618;-7,163273618689178;-7,162812463572498;-5,857361242684948;-5,835917326074125;-5,834743796132723;-5,82233010135;-5,820819999146174;-5,800892256497252;-5,799680424203651;-5,785700991132093;-5,741992119967554;-5,73678635114218;-5,604315545096225;-5,554075722422707;-5,5451047231151405;-5,541713521491268;-5,539482469050047;-5,53901003597266;-5,534328942889073;-5,5157534925158425;-5,514128135809049;-5,492049192739714;-5,485098414844229;-5,4829360500586715;-5,482566551560536;-5,480864811200286;-5,4610526270644755;-5,459701464790957;-5,458625273935844;-5,452118298220978;-5,394100799952757;-5,390594948003469;5,643419060501652;5,687833461227825;7,5981885380640515;8,133666158821148;8,464229886630228;8,828992804179155;10,269331095935947;10,437005564517744;11,334388904026465;11,399769483463668;11,596722363400461;11,661897113766933;12,32276842058111;12,333395644162518;12,50098324506598;12,510425340213182;12,559495466420751;12,697757080321168;12,859673890036074;12,896418302993915;12,95135725363292;13,022433157022997;13,122758121550731;13,371024216360393;14,007388553469637;14,019752293544817;14,083713285278447;14,190967061605722;14,26222898423051;16,156536260255418;16,236794765249563;16,266906675934067;16,38834649827155;16,445575626827488;16,51839285723058;16,545084143308042;16,551151246645357;16,587267916759334;16,649394747628524;16,67213906414205;17,021173561045618;17,16340943670795;17,33820328793834;17,34661133323178;17,483418728930605;18,40009476225625
3,1409486465925935;-40,76825840831146;-40,76824320743593;-40,62467467121856;-40,62467376733507;-40,62350106506798;-40,62350050406277;-27,12670627671579;-17,411605805236803;-17,41126356491244;-16,942961178187172;-16,942911907594326;-16,938992801345332;-16,93894046520278;-16,8916378363209;-16,89108982562226;-16,73440260121834;-16,734387717096823;-16,733108193295568;-16,733098928833925;-16,366763942059965;-16,366749226523186;-16,271561308976313;-16,271522188739414;-16,26471182298038;-16,264671448397465;-7,196161987318509;-7,163598015009116;-7,163499524907416;-5,859410819994248;-5,835595130069277;-5,835306437569061;-5,819344085734851;-5,818874122798357;-5,800347588943084;-5,800041861447902;-5,788505969256907;-5,739026348505698;-5,737658430983419;-5,60454053515913;-5,551115385973073;-5,5448138906464655;-5,542473593742232;-5,541884571118061;-5,5414026656050455;-5,533725235485272;-5,515729478291532;-5,51525441135106;-5,488038387666256;-5,485807298562915;-5,4841014222776625;-5,480274801739384;-5,47983083932972;-5,4614380411527526;-5,461068715966685;-5,455606936554437;-5,453926741357275;-5,395008191428947;-5,3940905504788175;5,58094088266107;5,6263827505778465;7,550683344250958;8,127506600568763;8,557935293173902;8,887976816232051;10,20565421465792;10,37238746188663;11,372658062323984;11,393559265571467;11,830937795736887;11,87249872547194;12,23741264681196;12,253833702200616;12,501812500430182;12,519995985868453;12,625294163329308;12,669368600705322;12,814068325170672;12,843991808086093;12,857736058478219;12,928387045115278;13,079056093647507;13,149061763162909;13,99096556285577;14,091161178534335;14,110847647193184;14,203296959998008;14,254929369973347;16,30811692566388;16,323582924795712;16,392675750823845;16,44303041453824;16,478806630956694;16,485371430739995;16,524952221822037;16,58438856330037;16,589139801727292;16,666254764554036;16,709203199713173;17,045375524662223;17,092549849871677;17,299612829148984;17,40237515102423;17,446044995851132;18,477410530517325
3,1880419582196176;-40,7693093237416;-40,76929395203326;-40,62359733661589;-40,623596908917015;-40,623496501731026;-40,62349607403455;-27,126707971953852;-17,41846189769693;-17,418117520965797;-16,943787017014543;-16,943734226730978;-16,943728466930835;-16,943675703059686;-16,892792733469772;-16,892240957189205;-16,733224587598947;-16,73321612140552;-16,733107351376514;-16,73309888761794;-16,36339110660595;-16,363376358748784;-16,262789210838164;-16,262750049534148;-16,262731875477094;-16,262692688181843;-7,196140993446929;-7,163738599309808;-7,163703977180459;-5,860161947896775;-5,835487567541506;-5,8354785204553155;-5,818263524179544;-5,818259631898661;-5,800174253845537;-5,800167846811168;-5,789553894476481;-5,7379300708788845;-5,737927380308065;-5,604616198957949;-5,549056548731066;-5,544705793665743;-5,544697661906931;-5,542075322695878;-5,542068502495359;-5,533332913429458;-5,51568392449217;-5,51568022605808;-5,486064883378911;-5,486064663783452;-5,4850299700103555;-5,479461051721413;-5,479459142209731;-5,461608129393965;-5,461606113233714;-5,454569868149363;-5,454565812293306;-5,3953516645455295;-5,395348981484913;5,560019189434549;5,605681888702809;7,534467836955435;8,124483765681928;8,590709423925285;8,907160784861974;10,18363652217138;10,34991442555664;11,390035764086937;11,390107505437383;11,987501104098039;11,987501148814331;12,17573463378764;12,175837937969835;12,482892296798056;12,496426528896977;12,70657919786568;12,706679731379573;12,746006285299233;12,746013170676678;12,854156373873323;12,922897735502195;13,060209662243953;13,060308861601714;13,94414526818843;14,093056678730385;14,093131777348555;14,276996052656676;14,27707976438719;16,355948234724995;16,356298563537692;16,35637347347189;16,481308329405373;16,503239256112455;16,51885379668847;16,518926759418413;16,58656498617091;16,586653293012606;16,717720449262522;16,71780003435866;17,052873520513042;17,05296728490235;17,26770576935647;17,423451744088677;17,423570412545395;18,531434080257156
3,2380419582196174;-40,76851930431933;-40,76850413589153;-40,62438415758672;-40,62438359096279;-40,623521504182285;-40,62352108300569;-27,126706685330245;-17,413312079086058;-17,412969377308254;-16,943158219890137;-16,94310828802284;-16,940184916427103;-16,940132561878187;-16,89192586849961;-16,89137686792984;-16,73408480930015;-16,73407110627811;-16,733134531367043;-16,733125217276818;-16,36590658767058;-16,36589208956402;-16,269415228090896;-16,2693757130974;-16,264189205699505;-16,264148992377127;-7,196156968341768;-7,163635471488681;-7,163547347387973;-5,859594752942446;-5,835568752287197;-5,835348165055955;-5,819085608078503;-5,818708336887915;-5,800305802581404;-5,800074653656922;-5,788761932563932;-5,738751077863023;-5,7377310902949805;-5,604558992460201;-5,550722291696565;-5,544785891227368;-5,542911813237095;-5,541913079704242;-5,541579547285478;-5,533635833187725;-5,51571707607493;-5,5153586356693;-5,487633039307196;-5,485866437998498;-5,484249830082472;-5,480076203912444;-5,479740755106203;-5,4614821387149615;-5,461194203347079;-5,455335616555595;-5,454096658605245;-5,395086732100176;-5,394403865812487;5,575714970601005;5,621217674265185;7,546646880467382;8,12679455953444;8,566052983876627;8,892800348209017;10,20018673313127;10,366812667190429;11,376617808767175;11,392883907293724;11,852996917759365;11,908139821777997;12,202600940921698;12,261810254902045;12,497931961523882;12,514651961321642;12,645625705018606;12,664792555650271;12,814271812127325;12,815662662838495;12,857059417294643;12,927009369877911;13,075458826790182;13,126762220880112;13,981925617207171;14,0918318616351;14,104036266091526;14,2208367299248;14,260657701569002;16,322875338040998;16,328682446162222;16,385114816681302;16,459500427541364;16,48307618447381;16,48633715387901;16,52642535947245;16,57549658292404;16,595360043429626;16,675921945326333;16,71319110086959;17,046466808742203;17,084409408830894;17,293108468999588;17,40701829359479;17,441533023476158;18,488833664505268
3,288041958219617;-40,766187547081365;-40,76617213330096;-40,62678618534014;-40,626784886861344;-40,62352968007094;-40,62352905585885;-27,12670307388051;-17,39812141820299;-17,397783991710327;-16,94130248839319;-16,941260620238804;-16,929509410760605;-16,92945790968415;-16,889352251592936;-16,88881164624086;-16,73670754384352;-16,736679441350017;-16,733131778706934;-16,733120304280227;-16,373789111833727;-16,373774723717734;-16,28912437639303;-16,28908690603129;-16,26808952519683;-16,268048087596238;-7,196202294889611;-7,163389862356765;-7,163030032595708;-5,858009414548358;-5,835821592034032;-5,83492371291749;-5,821500921295242;-5,820014510796593;-5,800696534664669;-5,799805549832709;-5,7866140655337315;-5,740955690727448;-5,737177875892716;-5,604391506464779;-5,553308880396966;-5,545021439920267;-5,5414892376161795;-5,540379995204288;-5,539935305398422;-5,534154126641359;-5,515765523683839;-5,514485709679239;-5,490825261203541;-5,485319547172455;-5,483274301099005;-5,481810326734254;-5,480541727149491;-5,461229330319459;-5,460053263571232;-5,457452824392204;-5,452888907880294;-5,394305828719166;-5,391784976660895;5,622639945277152;5,667457782765379;7,58253485681501;8,131971878312006;8,49469519405691;8,849002602095862;10,248492186081647;10,415937028681915;11,34358407837617;11,400681132880674;11,62413807339558;11,781535545026273;12,182704477223425;12,409281572431617;12,48798350669217;12,543639751411028;12,594283624296914;12,633833205594005;12,860037605052057;12,922009191587364;12,923978566227571;12,954242503286856;13,12000171873051;13,295164104419477;14,009482589661937;14,072122217223496;14,088640960541877;14,205192809440177;14,215236187586008;16,216623718401845;16,247295520846425;16,332938404626837;16,405749938573766;16,45911042744386;16,507232292637703;16,53511564588998;16,538649787136666;16,586126045980205;16,64011661016715;16,705541749857076;17,019007598982736;17,154768388796732;17,32878981881227;17,357295481227833;17,481798263724542;18,414038112630145
3,338041958219617;-40,76239000377423;-40,76237427128359;-40,630702417880464;-40,63070070706818;-40,62353929605091;-40,62353858127751;-27,126697433848296;-17,37366004924135;-17,373332545504447;-16,93782486273944;-16,937796883930528;-16,911975673588888;-16,91192533241366;-16,8851678545578;-16,884639737074302;-16,740993108663908;-16,740940762955937;-16,73312937277368;-16,73311410161084;-16,387840716420502;-16,38782714665186;-16,321217726360366;-16,32118186292552;-16,273277633616594;-16,273235390898147;-7,196275471970599;-7,162969745122856;-7,162219031898944;-5,855680835313053;-5,836199634297231;-5,834219348520876;-5,825332945566493;-5,822003654416886;-5,8013715580346545;-5,799396030388589;-5,783724881629056;-5,743756749143352;-5,736345724449019;-5,604108774843692;-5,55562114689117;-5,545371816207808;-5,540907901665112;-5,539727212691111;-5,536931232871739;-5,533458852068176;-5,515653567714066;-5,513258110786995;-5,495205384462568;-5,484487764899354;-5,484442679684293;-5,482205795354098;-5,48177514747149;-5,461097290153874;-5,460433892999567;-5,458385936169048;-5,45130240875113;-5,3930434424491835;-5,387986095241741;5,700308720568831;5,743288795374095;7,6400549164732725;8,133989045204045;8,38357506361798;8,775365745432365;10,32432746271102;10,492281520151662;11,304864258113996;11,40776171450459;11,411921974594378;11,655351233110315;12,129509347882236;12,37946422140115;12,557604483684086;12,572318206316085;12,60620416475056;12,627886780274418;12,85633721157505;12,94482345550101;13,058868107689882;13,11804294592227;13,191171767299084;13,504236994984316;13,878253458702993;13,976785993256655;14,085447428076003;14,150246416716799;14,404848461306191;16,059158201641903;16,120754019545704;16,149326199818738;16,298653850214677;16,440477376075677;16,468390065759205;16,550466143051622;16,553496595994602;16,595043493260352;16,699792418432448;16,716657895714928;16,962609706431564;17,228540469757615;17,278118881627993;17,34107979270978;17,5217812624968;18,363872727873765
3,388041958219617;-40,757255866256635;-40,757240584355095;-40,63598315632667;-40,63598060810787;-40,623552998898916;-40,62355215439663;-27,126690356368297;-17,341305500443422;-17,340993054664867;-16,932042220464492;-16,932030698297602;-16,88797552346922;-16,887927810838438;-16,87951246225825;-16,878996577623038;-16,746768615051;-16,746686563775192;-16,733130745407568;-16,733111295483724;-16,408795649374127;-16,40878315453272;-16,364567198593367;-16,364533514782686;-16,278482211617355;-16,278438966159094;-7,19636865917494;-7,162369626199026;-7,161195588251274;-5,852975338815266;-5,836669157213441;-5,8332280647795685;-5,830412161778901;-5,8244310566778035;-5,802306001832241;-5,798890586709831;-5,781040166283961;-5,745915070532482;-5,735370890831143;-5,60372543960008;-5,557341453120221;-5,5457879930627705;-5,540489680783771;-5,540352959406936;-5,53410504607965;-5,5305806210487445;-5,515172985540684;-5,511737628055898;-5,500466912568923;-5,487719284026969;-5,483492339918681;-5,483361839951195;-5,48110999334944;-5,463769889725736;-5,461329198826526;-5,45641435557577;-5,449603784907185;-5,391407056631728;-5,383586097593844;5,807911847205111;5,846805778414989;7,715037214097774;8,119522855857698;8,242275207847177;8,677973627899512;10,419963912929363;10,586130093195532;11,245857241664456;11,271735984421099;11,424602074333377;11,537412702240783;12,073421190284275;12,235451381792055;12,551456239662544;12,612895693436089;12,645330194901396;12,744203518067716;12,845392297358984;12,955349341425846;13,215772368158326;13,284989184022383;13,312377423365131;13,699196956495081;13,70377447780813;13,923451193869155;14,078118600331939;14,086241936684797;14,626812512666167;15,873141872041852;15,932384115229652;15,966858608530728;16,177664546928654;16,318809339071098;16,391736671715375;16,57062660335803;16,593753662324815;16,65544609687033;16,69897977340824;16,805046748740725;16,91775587584096;17,182246839337203;17,28439960387551;17,36133705505552;17,54957163238612;18,316232600548926
3,4380419582196167;-40,75098640723108;-40,75097182171359;-40,64241699628575;-40,64241382787863;-40,6235667229133;-40,623565195178884;-27,126682512593998;-17,303237175555484;-17,302945081094613;-16,92281098969159;-16,922808694564992;-16,8726069696732;-16,872104214244075;-16,85804100835342;-16,857995363881088;-16,753805953687248;-16,75369015508081;-16,73312883136224;-16,733106199550736;-16,436733783960396;-16,436723687232337;-16,41763949007506;-16,417606887965263;-16,282877829919002;-16,282833419248313;-7,196472839389132;-7,161610230847695;-7,160061009267136;-5,8502826838650845;-5,837175078373315;-5,836455286834555;-5,831971249878693;-5,827040480644127;-5,803504848862893;-5,798342860116524;-5,77961249988145;-5,746127697187773;-5,73437259988543;-5,60325154972108;-5,558303400039297;-5,546222774825239;-5,541728198863662;-5,539974082420221;-5,531579289767219;-5,526600113060065;-5,514133835593668;-5,50988067139323;-5,506315396240346;-5,491399415488069;-5,485256067072904;-5,482435010168056;-5,480120729491427;-5,467069541786748;-5,462128818600283;-5,454366093648463;-5,447882845786745;-5,38956538090891;-5,3790844352956615;5,94430503037635;5,975197044318026;7,797683807060968;8,06286396946236;8,084344622432653;8,579065743038989;10,52380772270329;10,680620525548406;11,160985836922494;11,252945226536829;11,431546192396414;11,436873497675855;12,02732321113128;12,085066493374905;12,518635155929681;12,594402284655635;12,681932786992393;12,830479094787304;12,919009487726592;12,951974617950288;13,389067064121525;13,39720233561139;13,433753134482329;13,64261788359701;13,790002689316063;13,939616295537771;14,01294102863641;14,097382627520183;14,83297024632615;15,670873368506243;15,696926738224155;15,805553364363496;16,047465024813025;16,185137623480692;16,329638327482392;16,58880515049073;16,59412477523579;16,617226808143897;16,707716709963524;16,8735282183507;16,960418920320546;17,086067524590337;17,314237938341474;17,43439171913333;17,565311081879937;18,18451827831555
3,4880419582196165;-40,74386788289285;-40,74385332183064;-40,64969379096551;-40,64968976473413;-40,62357504312706;-40,62357458969154;-27,12667464854901;-17,26265901292598;-17,262395957946335;-16,908293360270168;-16,908292451371977;-16,864763251341866;-16,86428056100251;-16,822845706781237;-16,822802530041717;-16,761770860736576;-16,76162232650634;-16,733120808212227;-16,733092258951903;-16,47849504063228;-16,478462785974532;-16,47098205481328;-16,470975297306815;-16,28619874797291;-16,286153833679858;-7,196577992086651;-7,16074873347982;-7,158923916688476;-5,848185664275843;-5,842666834231149;-5,8376666470271;-5,830494646052091;-5,82956672130296;-5,8048954297454305;-5,797810671027694;-5,779805634110178;-5,744037860273492;-5,733456828099053;-5,60273118914537;-5,558398607032118;-5,546633995445223;-5,542839352164858;-5,53983011031344;-5,529419543005887;-5,522493136763203;-5,512487615550497;-5,512446948064521;-5,507467193967337;-5,495197297954265;-5,487412681783054;-5,481431094190515;-5,479364202306332;-5,470032214206212;-5,463568359644008;-5,45242680601691;-5,446164604673705;-5,387729045504112;-5,374887913116353;6,107972117924293;6,124463191091017;7,823885302833202;7,9348611780933185;7,974823328243695;8,511135301405;10,623178472200143;10,75192698531287;11,158928148347737;11,253989706775032;11,340735598930866;11,447468751988986;11,95445132685535;11,995011981770608;12,450434231804463;12,545313701155472;12,730970146799189;12,815653584715085;12,925866266699835;13,085228266859646;13,432037777225993;13,525505579279033;13,563568358493928;13,74069738022104;13,754203796141942;13,975303301633645;14,042251791009187;14,126228720484455;15,005080264551466;15,453595852075955;15,459891641434584;15,653319194407896;15,91030494497276;16,04981411860012;16,311988662215704;16,480480498299016;16,606209193088578;16,61785532728554;16,713333727079345;16,88024920027114;17,0036304059347;17,034724847246803;17,324054969621717;17,567214340598625;17,577383808998807;18,061596217768273
3,5380419582196163;-40,736332947576486;-40,73631839304233;-40,657373254664385;-40,65736785933903;-40,62358721678402;-40,623586685902076;-27,126667544180126;-17,223944184203802;-17,223718019584847;-16,885954016210977;-16,885905520175374;-16,85642174001698;-16,85598754103339;-16,783233442521414;-16,78318755227736;-16,77018444191154;-16,770008391127803;-16,7331186121486;-16,7330899903399;-16,54478701016226;-16,544752637821134;-16,510408130664537;-16,510402852436528;-16,28853095432285;-16,2884859818747;-7,196675876900027;-7,159886356380883;-7,1578970596695255;-5,850571477310628;-5,8446406703767435;-5,838103970598216;-5,831775668478907;-5,828923140386618;-5,806399895971754;-5,797342927976176;-5,780964643025309;-5,740601328726107;-5,732694115877768;-5,602219291618958;-5,55764685332533;-5,54699149636653;-5,543653055206355;-5,539890825816546;-5,527709681846083;-5,518944561545585;-5,518484778142191;-5,510341240770822;-5,504386815060295;-5,498818379285562;-5,489762782237058;-5,480592193051783;-5,478873241799851;-5,47244190978419;-5,465625938015036;-5,450749609011524;-5,444540805027015;-5,386092556388064;-5,371305056975662;6,288652165589478;6,296939809845558;7,674791048972354;7,737858879162051;8,031040370399026;8,481006688784266;10,711542360081527;10,783672608833637;11,22460434724616;11,260577989408914;11,26745586463898;11,45574527434233;11,88332147827033;11,974060522772074;12,34725774930295;12,468639317432467;12,783612634085657;12,802787767940645;12,886186723894761;13,224235526491427;13,46008156141382;13,672524283865403;13,692710292771356;13,700182999104603;13,846011571780123;14,012921685241777;14,091755779962055;14,175487153421962;15,134715885272417;15,212592981544166;15,24515026226689;15,522451531528846;15,774640398951561;15,924509214145056;16,35676676552162;16,37269773263687;16,608299280576883;16,620055565958;16,690237443275404;16,805615116468996;16,9492224827035;17,115571742637442;17,332966103652417;17,59137009812978;17,711118689977173;17,960348214357236
3,588041958219616;-40,72909947285543;-40,729085626884945;-40,664722045157745;-40,664716662200576;-40,62359703896746;-40,6235968806062;-27,126661926677727;-17,19212465831612;-17,191941664505222;-16,853902613376484;-16,85316616703238;-16,8477897577051;-16,84756093715514;-16,77824206614137;-16,778044834018875;-16,740239820043172;-16,7401201906384;-16,733083760823153;-16,73304216878327;-16,613686835890544;-16,61364262191987;-16,55366176136807;-16,553658632336095;-16,290051088800777;-16,290005412688952;-7,19675345607852;-7,159144354378939;-7,1570802160756655;-5,855686089482016;-5,843401581490189;-5,83843860595336;-5,833491846805822;-5,827441683983454;-5,807830247830698;-5,79697649038016;-5,782252942416025;-5,737163925462055;-5,732127951843298;-5,601782253245053;-5,556251094323155;-5,547258366954149;-5,544151518782849;-5,540046370015774;-5,526652620146581;-5,523744451489772;-5,516244575340419;-5,507940122100353;-5,50270534254479;-5,50018020110582;-5,492165696414166;-5,479999621555699;-5,478616148059997;-5,474182158989913;-5,468050414775587;-5,44946561451361;-5,443175465080368;-5,384827951278137;-5,368573856515188;6,457428518893912;6,508568683810509;7,494351695059947;7,500333724845342;8,108152543834901;8,471807409373639;10,784257666140622;10,787390817770984;11,213678642542577;11,241671388773714;11,32691425805883;11,461541197760782;11,906328691226042;11,953333920396348;12,230807472756595;12,371979710146086;12,791704639633258;12,830137859853632;12,84877794740907;13,319556668711572;13,525358657209656;13,691113343679959;13,73401774514658;13,841146985792955;13,87216901404281;14,080946216227783;14,164458865552458;14,231668620473744;14,98877923810395;15,02927107634764;15,22196093135755;15,421930451948443;15,656706293275828;15,82308843326903;16,288024481301342;16,440022060122352;16,594393247133837;16,618068049721845;16,63858967850065;16,693821466899312;16,94229930211625;17,18856634547793;17,358481932765994;17,602756262719087;17,806105594043505;17,806735149889054
3,638041958219616;-40,7234169225424;-40,72340396208067;-40,67047427024843;-40,67046828188024;-40,623603256350926;-40,623603082988566;-27,126658306736797;-17,17151850566672;-17,171372262362738;-16,84260927968083;-16,841870969791565;-16,808356756827475;-16,808164824813776;-16,784553881561642;-16,784337089473887;-16,73314837315798;-16,733080987183815;-16,694851547586907;-16,694835041102465;-16,68138797989928;-16,681317048239087;-16,59918113288056;-16,59917813847422;-16,290904568542892;-16,290858063849672;-7,196803393086748;-7,158638498036136;-7,15655568110514;-5,859253277233635;-5,842486501684187;-5,8386505394318675;-5,83457569270306;-5,826323895974839;-5,808907028354424;-5,796748296150986;-5,78317156846082;-5,734715779503939;-5,731781680044697;-5,601483662877858;-5,554737639874609;-5,547428058423084;-5,544396698468779;-5,540191493937758;-5,528433725943826;-5,525254812857048;-5,514387444524904;-5,505779307367047;-5,5049079918487624;-5,497341780204074;-5,494268695389215;-5,4796771203289145;-5,478503470874344;-5,475195518936574;-5,470219022131096;-5,44866087675453;-5,442252847658034;-5,384028242526155;-5,366867708932227;6,6071815904090325;6,738810506973703;7,247385501441248;7,3359889120581;8,16341156134276;8,470171489422489;10,774366316085377;10,842740783310543;11,18083491570505;11,206533720131258;11,42988827710009;11,464934052572168;11,913015070157655;12,00468890702595;12,146961350691528;12,259133298513493;12,783196869492384;12,82275701343386;12,861880802182354;13,37054514042796;13,603062018909739;13,706228424831542;13,738143777145163;13,84552308407092;14,019675060283465;14,039874536877308;14,253147493486852;14,370625534972111;14,81270505123191;14,813837973764972;15,273486977666183;15,358521319445002;15,574343316782914;15,757489845896027;16,23424435236398;16,50351944405189;16,547788387600864;16,564781070821486;16,602880964948454;16,659253762596407;16,987157547212142;17,2306339951399;17,39821237895485;17,608531343142463;17,69593289824278;17,852737591417608
3,688041958219616;-40,72114492754097;-40,72113287015547;-40,67277010161385;-40,672763843541624;-40,62361049269248;-40,62361048706627;-27,12665706665503;-17,164457898688696;-17,164326154226824;-16,840035830527018;-16,839342174653705;-16,787076326305296;-16,786925092397478;-16,76673084716566;-16,766711279244706;-16,733147115608205;-16,733085753897853;-16,73095096701267;-16,73079319983369;-16,655749020227386;-16,655670838233412;-16,63845686803435;-16,638397587774747;-16,29117966886526;-16,291132453894136;-7,196821277484506;-7,158459943857269;-7,1563757304500895;-5,860517405260938;-5,84216803035859;-5,838725721750406;-5,834944631768708;-5,82590507754554;-5,809321472823767;-5,796672967578176;-5,783497782157542;-5,733839367968991;-5,731665131555354;-5,601378334587983;-5,554042210079489;-5,547485405192793;-5,544467969349767;-5,540250693994832;-5,529899655290176;-5,525094427082218;-5,513642141525032;-5,505909480393459;-5,5047965378762385;-5,496070789183038;-5,495227909246594;-5,479583030108859;-5,478479996225082;-5,475520344542484;-5,471147599166644;-5,448385721516941;-5,441934198918729;-5,383758411071035;-5,366289015098863;6,67676312864968;6,94925599243497;7,028284659804552;7,263437437931138;8,183371598235551;8,47015517577374;10,769310392065346;10,863580802910876;11,16978907915631;11,189987701277401;11,466046328633105;11,479905250469436;11,880323698853358;12,1221071947885;12,124771740251138;12,140257102421034;12,779841743149571;12,813415495950277;12,873105977407619;13,38604279099596;13,64723942212098;13,718382596996644;13,73773362067701;13,817023792450428;14,01629973707734;14,152215678537829;14,203644270855856;14,565600961459438;14,617763299622403;14,744853408444845;15,29153658204598;15,336830652977419;15,54388506261591;15,73487072846885;16,21581805104415;16,506342832837785;16,522806128497372;16,543845118838746;16,596725767553306;16,658550860486937;17,02084489711931;17,242460606009907;17,422217705096006;17,6101150870842;17,650103706730476;17,849236412993445
3,7380419582196156;-40,721161954723904;-40,72112057463329;-40,67277574186059;-40,672755066355094;-40,62360635518464;-40,62360604456438;-27,126657070919;-17,164657898943837;-17,16411361705121;-16,84045127737925;-16,83892491586884;-16,787296197887944;-16,78670141166282;-16,766839367139216;-16,766605463070086;-16,733209999052374;-16,73301159109088;-16,7309941579812;-16,730757411403335;-16,6557536574363;-16,65566384894184;-16,638512508470995;-16,63833335269726;-16,291218207517108;-16,291100603072426;-7,196794338042472;-7,158460248615542;-7,156376047078154;-5,860517186494025;-5,8421653680542445;-5,838736426646825;-5,834943657054591;-5,825895977680855;-5,809308552992316;-5,796676136724529;-5,7834849817559935;-5,73383862031264;-5,7316651423714395;-5,602168789312821;-5,554020763252055;-5,547460512749575;-5,543948403800381;-5,5402451270439315;-5,529896627299166;-5,5250913981677945;-5,5136538829440065;-5,505674058158289;-5,504791900354264;-5,496090956948694;-5,495243162481172;-5,4795851902258566;-5,4784822528469235;-5,475521986487319;-5,471136281362866;-5,4483864568080005;-5,441933426501372;-5,383757990786643;-5,36628847890648;6,664966382904823;6,963601755717895;7,020580236352779;7,271437680113366;8,18542395251487;8,469543084400966;10,692083458483854;10,942849690864945;11,156489761285377;11,187057430271102;11,474709369843142;11,482667795926247;11,881144934257902;12,054941819202558;12,139634831407868;12,207021647384172;12,743487218215437;12,847175152530518;12,866607174353138;13,391041129583593;13,643552239064856;13,72506916884306;13,737186648402398;13,805409438721496;14,026721900033497;14,152300929100175;14,19841270327895;14,577768808802213;14,602410765001835;14,76318378834882;15,183988722057633;15,43882477783565;15,441209923341862;15,841266242068023;16,19109842676348;16,506022637953304;16,510815497838855;16,543188308344796;16,589204277277865;16,666009317594987;16,952618135683416;17,315710296287897;17,403908927104982;17,417379557564942;17,837272038940537;17,851623380561037
3,7880419582196154;-40,72117207080288;-40,721107295805844;-40,67277941390496;-40,67274837569776;-40,62360611668595;-40,62360405667228;-27,126657067710628;-17,164907034002;-17,163859208788395;-16,84107572654167;-16,838279394565276;-16,78757757479839;-16,78641673251989;-16,766955895782285;-16,766502492898365;-16,73329383160694;-16,732923815730587;-16,731057898212203;-16,730693150505196;-16,655761185549355;-16,65565159119585;-16,63859136074625;-16,638253510529054;-16,291271811021936;-16,29103945897781;-7,196718781439989;-7,158461009524068;-7,156376440394665;-5,860522999239513;-5,842149801602494;-5,838773410172757;-5,834929240113305;-5,825876206083965;-5,80927806687152;-5,79668533355404;-5,783454249320257;-5,733834624443504;-5,731664775490622;-5,604374729537881;-5,553965986271907;-5,547387535316198;-5,542553495661525;-5,54022783234967;-5,5298903095304395;-5,525070398787692;-5,513720883802415;-5,50496877886622;-5,504778630217585;-5,496131673146698;-5,495301880409028;-5,4795781114502145;-5,47849833333313;-5,475518860277136;-5,471105339706833;-5,4483802583459635;-5,441938602400975;-5,383756013275004;-5,366290064087732;6,635813113665295;7,0002085461541785;7,0006648569267;7,29216212730293;8,191500316830524;8,46773782771892;10,585086761619905;11,056026690334663;11,123827731135181;11,178372253668366;11,458367906242037;11,525144627802593;11,883566293956477;12,008011604857584;12,13786476438519;12,299609698766318;12,691937706004873;12,848019302809156;12,890826991484243;13,405161008291804;13,635055801817803;13,735602287786655;13,742744813675804;13,774476988862236;14,054069108087615;14,152548148198644;14,184367882249768;14,570741125665903;14,612608561467889;14,803549013369416;15,0595405702914;15,277341315088135;15,554287464291896;16,006213070355287;16,11732108789387;16,482898941487324;16,504743955675526;16,541019203932;16,572803203537333;16,68222287273783;16,847067392045442;17,179523884683363;17,40339555975947;17,443950956237625;17,850385644785664;18,06089711849287
3,8380419582196152;-40,721187939710774;-40,721095731929374;-40,672785102975126;-40,6727455445281;-40,62361169517256;-40,62359959440898;-27,126657082757692;-17,16514596649659;-17,163618448883568;-16,841689950037313;-16,83764756942853;-16,78785413061027;-16,786144722941724;-16,76707273028537;-16,766412861778434;-16,733365189622663;-16,73284838964641;-16,731127558524737;-16,730624760459918;-16,655776377890625;-16,65564130557608;-16,638675831317556;-16,638175654768883;-16,291327417525125;-16,2909910911351;-7,196603479987794;-7,158462844768837;-7,156378643488507;-5,860540313959686;-5,8421259133640975;-5,838834244959863;-5,834910664869172;-5,825846938665707;-5,8092352315132105;-5,796712267405403;-5,783412412258852;-5,7338327708330175;-5,731664368418108;-5,607579028652446;-5,553881859363957;-5,547277736103709;-5,540659719078263;-5,540216356271277;-5,529889819160384;-5,5250361447051795;-5,513821824077934;-5,504765026393056;-5,503831395483092;-5,496208622392579;-5,495390456583243;-5,479573912809733;-5,478529014083912;-5,475518357491022;-5,471058461590822;-5,448379281911652;-5,441953812998763;-5,383758373170808;-5,36628958018206;6,599439232313847;6,974512164894525;7,0483478787005565;7,319430313286758;8,20133305889523;8,464828400643748;10,480732041440167;11,083337177024292;11,164047645882821;11,170831639594327;11,4308471267621;11,581485834594456;11,887469436191564;11,986487428010015;12,135255951877662;12,396609709544576;12,636865981453381;12,819649642810342;12,932334990991627;13,426238705320817;13,625164890283466;13,730026731224362;13,733120979922608;13,76849924434003;14,09258086549958;14,152939882023794;14,164988899275825;14,53668070313646;14,666663731075703;14,851335272760862;14,94215394542278;15,113984042714797;15,643085141448466;16,00735792590323;16,17365257327096;16,45287589472145;16,500721569086743;16,536571927328637;16,553887818640792;16,70076815799004;16,759584450128717;16,96133027471984;17,381633779449466;17,58069100249935;17,891320383537902;18,250184442251282
3,888041958219615;-40,72120514369534;-40,721082847246045;-40,67279497870423;-40,672737063438994;-40,62360717607413;-40,62360181321869;-27,126657086165352;-17,165369290014524;-17,163387092196054;-16,842255285692456;-16,837062875749865;-16,788102670351854;-16,785904519555604;-16,767189772959696;-16,766325629644296;-16,733444927599304;-16,732765228603846;-16,731195952749268;-16,730559405683735;-16,655792680919117;-16,655625725534506;-16,638738404528254;-16,63811110120586;-16,291376088803165;-16,290944501186015;-7,196457762554632;-7,158464543298199;-7,156380612111647;-5,860549318271462;-5,842102477955871;-5,838903329246716;-5,834888405947242;-5,825815244785956;-5,809180934571755;-5,796739496161771;-5,783360576662322;-5,733830780584856;-5,731661791108761;-5,611291055512945;-5,55377914440968;-5,547126577609344;-5,540196705466195;-5,538668318597498;-5,529880410379098;-5,5249962437569105;-5,513958904783116;-5,504741160650858;-5,502345090029494;-5,496301130578115;-5,495502390024231;-5,479568467574397;-5,478563219199839;-5,475516165117343;-5,470992578482612;-5,448374907855227;-5,441969081383719;-5,383760860452896;-5,366289098945124;6,562366775150593;6,946792895151584;7,100529954052443;7,3483032134869815;8,214407064078399;8,46096185787182;10,383101777913657;11,042237911046815;11,143891547205149;11,283319571267292;11,39616219209764;11,643662905281271;11,892652183631363;11,988701709836002;12,132380351155003;12,494715110501323;12,578923009839949;12,784406395407897;12,970554137325575;13,451632572578886;13,615515817145718;13,675124220902662;13,729986971570888;13,801501638250377;14,139479318406803;14,143387518608638;14,15344992388657;14,50493263251031;14,736885143742029;14,836498674100083;14,90071106203331;14,955535058156228;15,665635143849808;15,913179640053114;16,33435486068654;16,429177636963605;16,48413530127633;16,52908472226776;16,534932561488723;16,695844630024155;16,719151330158436;16,76298904573702;17,354236702183748;17,71244772914449;17,962279461542316;18,154150387398786
3,938041958219615;-40,72121660008378;-40,72107026623931;-40,6728026354755;-40,67273395511798;-40,623614041525826;-40,62360515351735;-27,126657100912333;-17,1655707230547;-17,163186099321994;-16,842754093104954;-16,836522170643267;-16,78833242042055;-16,785687405908334;-16,76729403689234;-16,766257206797363;-16,733522597702084;-16,732711663641552;-16,73125518195597;-16,730501446479714;-16,655809878928867;-16,65561430027109;-16,638807509377376;-16,638049368442687;-16,29142001755653;-16,290904740265624;-7,1962961345372305;-7,158467091313736;-7,156383531922171;-5,860567516498291;-5,842077277825281;-5,838986902482871;-5,834864267118066;-5,825774212124493;-5,809124681041881;-5,796774117633261;-5,783303512385207;-5,733831054554561;-5,731662369750428;-5,615077832631587;-5,553667690865717;-5,54696287923245;-5,540187058801004;-5,53685974650478;-5,529874322667428;-5,524950405938917;-5,5141112917562225;-5,504718398939152;-5,500634322811724;-5,496405622785128;-5,495627707921802;-5,479563688588739;-5,478601966358151;-5,475516224130694;-5,470916175444652;-5,44837264023913;-5,441990292373053;-5,383766322329332;-5,366291514498502;6,528042671722406;6,9204136228815685;7,1519978528081;7,3756321722442095;8,229879145761775;8,456342493968776;10,294750505536728;11,004270904541196;11,117799377531023;11,361473089401391;11,390888197943491;11,706705883418646;11,89881412665588;12,008296009888124;12,130161577962594;12,518392680967734;12,591528871843703;12,74527375398483;13,004702350858093;13,478758034927477;13,606771533159202;13,611381500838554;13,726497539834584;13,842098693243294;14,121679000267614;14,154034885682792;14,193958886502815;14,477135808671601;14,745964844571057;14,804371868970815;14,82112486597031;14,94850230511719;15,567541491287574;15,902309047750187;16,408357876213387;16,416761286791367;16,482661489599135;16,517063917267894;16,522320603890012;16,629925730686367;16,650751972381222;16,736227882517362;17,323846986793498;17,821541057114626;18,073226546924445;18,076859607194006
3,9880419582196147;-40,721226113616254;-40,72105713099797;-40,67280473699093;-40,67272741872022;-40,62361408040389;-40,623598048175;-27,126657090651157;-17,16572703937785;-17,163012075510533;-16,843172790276117;-16,836059539553016;-16,78851925460879;-16,78549734448496;-16,76738178938484;-16,766197782110794;-16,73357651121003;-16,732651238493304;-16,731305878075677;-16,73045012945472;-16,655816897726297;-16,655602508181296;-16,63886192782525;-16,637988673630552;-16,291456208442103;-16,29086639279724;-7,196132133978395;-7,158468450311949;-7,15638496873421;-5,860583506765983;-5,842041893586588;-5,8390642132238435;-5,834835038803384;-5,825730095263045;-5,809065427890485;-5,796795729568673;-5,783245699198054;-5,7338231823614185;-5,731659837301295;-5,6185901386951125;-5,553549838396658;-5,5467838179603675;-5,540175848647285;-5,535368981302853;-5,529865559755625;-5,524891023170166;-5,514261613565317;-5,504684528195156;-5,498871213639916;-5,496512061671024;-5,495746645719769;-5,479553490329377;-5,4786411978836975;-5,475515054897949;-5,470825071570634;-5,448363036613029;-5,442011079070272;-5,3837640838260805;-5,366288984601987;6,49834958432326;6,897154116307499;7,199273500781429;7,399497108835399;8,246521166457814;8,451248897048544;10,21805050086068;10,971468713585555;11,0871533354872;11,33282709968687;11,490593378813369;11,766816861826577;11,905552613893121;12,037433215107637;12,13006970759745;12,455776778594593;12,68510992503689;12,705295739555124;13,034006381053903;13,505273979894154;13,540672076939876;13,599256316183936;13,723013850805918;13,89106470588249;14,101380271402254;14,154649188540825;14,255549739384422;14,453996154575183;14,661882127151946;14,673013420961485;14,917719186468533;14,992159756033894;15,413986562036413;15,921802425477685;16,24917706375348;16,418232028127644;16,50106051110815;16,51940830737807;16,585852369610055;16,6133653746812;16,61795198570231;16,751269556928527;17,293436160910883;17,900622457577754;18,007504935204548;18,222064822054314
4,0380419582196145;-40,72123284817261;-40,72104229898752;-40,67280823952493;-40,67272033578767;-40,62361421227031;-40,62359821157875;-27,12665708865701;-17,165863095588687;-17,162871872421828;-16,843507186439393;-16,8356817908327;-16,788669731920606;-16,785345605002277;-16,76745717732691;-16,766147667193955;-16,73362536179124;-16,73260323540054;-16,73134701497865;-16,730401783397152;-16,655827039777527;-16,65558980047781;-16,638905868002645;-16,63794551785927;-16,29147798547819;-16,290835871278034;-7,195984281497198;-7,158469773010606;-7,156386564145845;-5,860596106963332;-5,842015939514248;-5,839128973487175;-5,8348152418440655;-5,825693077668049;-5,809010131036833;-5,796821798121538;-5,783193703923975;-5,733818784338941;-5,731655946353623;-5,621571682772469;-5,55344665111796;-5,546624630254315;-5,5401601631439865;-5,53424772913808;-5,5298569935144455;-5,524840154538222;-5,514402113362814;-5,504660394515919;-5,497260902050454;-5,496603150187794;-5,495857157541623;-5,479550181902669;-5,47867641606801;-5,475509950289966;-5,470736491070787;-5,448359106494026;-5,442028246826394;-5,383764303687611;-5,366287844119339;6,4743983216005025;6,878142176065453;7,239485767903676;7,41875979762352;8,262720034386483;8,446077099924825;10,155307112696436;10,94502439323542;11,055730620026031;11,312460566090998;11,578477119061656;11,820337444281318;11,912320051422585;12,068796235408303;12,134332732195789;12,392173127983725;12,667758209981471;12,773273270788572;13,05770103932485;13,466351564018218;13,528970636433513;13,59317848807483;13,719854516754602;13,94920033796472;14,083695272452866;14,15522330816258;14,322352199089972;14,435836598279213;14,529077020372393;14,61956043157617;15,024500637860063;15,029309493313203;15,25632250269302;15,934243221536269;16,06994080064263;16,431639073445538;16,487613306726416;16,51835020916065;16,572670565879047;16,592536214548957;16,721472381485455;16,763688373585165;17,26592601376642;17,949978681653143;17,957258286979354;18,388942738527067
4,088041958219614;-40,721240839416105;-40,7210370915282;-40,67280973669552;-40,67271869853555;-40,623614393581555;-40,62359278798432;-27,12665707825312;-17,16595888467428;-17,16276393659447;-16,84376813421367;-16,835413676830996;-16,78879014088081;-16,785233462311872;-16,76751084912471;-16,766115284640872;-16,733649948722928;-16,732570853174803;-16,731377905122663;-16,73036815417508;-16,65583369095882;-16,65557934010084;-16,638941541113;-16,637908591807122;-16,291495950492507;-16,290814498641993;-7,195867885752957;-7,158470823631839;-7,156387388922746;-5,860607122447928;-5,841998151902237;-5,839181641759075;-5,834798861417652;-5,825671607703676;-5,80896637126278;-5,796844641624062;-5,783154409932077;-5,733816536241278;-5,731647588471107;-5,623831839739309;-5,553367987144678;-5,546494312443831;-5,540152569941545;-5,533487189634165;-5,5298510512553785;-5,524799079631421;-5,514520102446232;-5,504640714848819;-5,496676053601254;-5,4959787058859035;-5,495948684258372;-5,479546340788534;-5,478707011297147;-5,475506630955108;-5,470659459694588;-5,448351555804839;-5,442043002895353;-5,383765531082657;-5,366281196692755;6,456876004233875;6,864109520391061;7,270196687678598;7,4327923102295825;8,27655467881859;8,441414540086104;10,10865481686842;10,925686556087243;11,02864226231001;11,299635319415737;11,649045813158468;11,863290552465783;11,918393631827675;12,096187200389492;12,146002425256649;12,329798788518968;12,63639487612795;12,852113623543097;13,075122005647671;13,394555508324167;13,547812746510328;13,588702620398891;13,71734459000426;14,01699259728054;14,06980932523196;14,155694344007903;14,387719665587408;14,406903445331334;14,422808404774322;14,588524029300432;15,057764885774162;15,113494829828078;15,136788386259983;15,900606514527414;15,93798191018568;16,451220621864884;16,47737155882993;16,517975008851156;16,567317836694095;16,571658014607674;16,7729861905494;16,802447279208078;17,24403296350113;17,906982829993467;17,996707515996228;18,55142984759082
4,138041958219614;-40,721243245855746;-40,721035754520635;-40,67281500296914;-40,67271826708222;-40,623614133078156;-40,623600725058736;-27,12665708626883;-17,166029529970718;-17,162698248974642;-16,84392644030839;-16,835242015378707;-16,788865517172994;-16,785170696437042;-16,767548844725614;-16,76609389536769;-16,73368356437533;-16,73255503021466;-16,731395705180798;-16,730349571177634;-16,6558431274076;-16,655574735324056;-16,638958204200584;-16,6378957699703;-16,29151146403464;-16,290801101431462;-7,195794673360089;-7,158471880335147;-7,15638907466359;-5,860618758060028;-5,841986156452803;-5,839222554360258;-5,8347885406273985;-5,825652540515613;-5,808944449167352;-5,796863625771383;-5,783134181141015;-5,733816995842322;-5,731647176280978;-5,625245234313816;-5,553314540269062;-5,5464174601152205;-5,5401554516775064;-5,533043432224529;-5,529852166018618;-5,5247732587843075;-5,5145994405650445;-5,504634911440284;-5,496728499298983;-5,496012002366755;-5,495154285873672;-5,479543398979141;-5,478729411718538;-5,475504952900579;-5,47060933702652;-5,4483494792183675;-5,4420556974510506;-5,383768462098582;-5,366281230783335;6,446209594783824;6,855519147566664;7,2894718925889475;7,441292298986706;8,28599909547238;8,438057097536602;10,079867005112243;10,913913150418097;11,010443057631432;11,29274100461235;11,695507013546536;11,891476011832761;11,92279955095077;12,114747860133457;12,167376094974752;12,273411567604889;12,615233957930915;12,912568941199702;13,085780373014675;13,336936836661028;13,559990503690178;13,585959267324592;13,71573418008598;14,060867112351232;14,093655502025047;14,156005377050485;14,29719600188843;14,41496956708335;14,435245823857999;14,584032184637163;15,003668512076016;15,07566585485951;15,240491176972716;15,761374238012548;15,93774291958005;16,46982576000076;16,470930792847952;16,517856590418123;16,555154489895852;16,564925675397742;16,77875832533303;16,85264689400876;17,229904555658457;17,880399916946832;18,020240571770284;18,6228082473182
4,188041958219614;-40,72124203233784;-40,72103374493367;-40,672812798444426;-40,672717808015825;-40,62361646042872;-40,623597446689956;-27,126657083768986;-17,16604801503246;-17,162679979074515;-16,843978897741515;-16,835184710685457;-16,78888861479191;-16,785142755458573;-16,767558701786044;-16,76609070289063;-16,73368053396521;-16,732546912278888;-16,731398634789553;-16,73034522471001;-16,65584183719655;-16,655571252937467;-16,6389713338016;-16,63788899709153;-16,29150921016044;-16,290791740588798;-7,195768135980741;-7,158472347480136;-7,156388809914931;-5,860620398195837;-5,841976447594636;-5,83923244061968;-5,834785235893577;-5,825643948493279;-5,808937488559377;-5,79686400152187;-5,783123427067294;-5,733814504635464;-5,731647074715164;-5,625720143720738;-5,553294776968774;-5,546384859758347;-5,540158330091317;-5,532895802976841;-5,529848471004274;-5,524758744703588;-5,51462663815819;-5,504628447966768;-5,4967475460680335;-5,496022356920122;-5,494865212187899;-5,4795421907062165;-5,478732939210444;-5,4755054188735;-5,470589949688183;-5,448347611644351;-5,442058882432736;-5,383766725398902;-5,3662800660228624;6,442629089159601;6,852628463624521;7,29604451636337;7,444135659563796;8,289373851815023;8,436815543597568;10,07013374242909;10,909963239753413;11,004048096190505;11,290586330722629;11,71180448708711;11,90135198290586;11,924444270213849;12,121304816280968;12,186610944282625;12,241566799178155;12,607712866612875;12,936929876089545;13,089368585219182;13,313266908567078;13,564215550876606;13,585037947859394;13,715178116906312;14,057784941401312;14,15611337902156;14,156176796250186;14,223589591244217;14,412352323872756;14,450517969273731;14,59119043383386;14,95873903591995;15,08178432782651;15,29097700721959;15,698879810844861;15,937234414510637;16,468735599878745;16,478306653875144;16,517832718219164;16,547857038585857;16,564227319507758;16,78072574417792;16,869656448605326;17,225019354897153;17,87140355645915;18,028087225779487;18,625928692632357
4,225294877568304;-40,72097996499831;-40,72077163324819;-40,6730807860844;-40,672982223350175;-40,623613826734356;-40,62360289997696;-27,126656952599355;-17,163922279483256;-17,16055290549301;-16,84367794100022;-16,834913779650243;-16,789185957691725;-16,78541666049252;-16,772496300920828;-16,771065447207633;-16,733853693048438;-16,733772222275437;-16,732697284070387;-16,73246560525245;-16,653059798268753;-16,652738155201714;-16,63456998821487;-16,63355960909534;-16,29360331481975;-16,292880667743614;-7,195770315783384;-7,15842973687002;-7,156370152174061;-5,860602712018689;-5,842142504579691;-5,839217327155668;-5,835517068831543;-5,825570653886249;-5,80907168918466;-5,7968137540527955;-5,7823481210353505;-5,735638698613632;-5,729819129508043;-5,625717593425824;-5,553187264795908;-5,546321194528713;-5,540291261860543;-5,532715469892075;-5,529839109308961;-5,524870894737811;-5,5150111573475975;-5,504357667075871;-5,496536776521045;-5,496173820306295;-5,4947450808474;-5,480710154019321;-5,478260515676239;-5,475493961367247;-5,4704927876446945;-5,448539354695546;-5,441264313583661;-5,384207122654223;-5,3660005996405715;6,447613028818712;6,856389077007026;7,298589180515774;7,4430325816131315;8,292024437933481;8,419481712900954;10,078188412269899;10,90588316901783;11,0057294235989;11,294681293253655;11,7174964598059;11,916983914763064;11,926636188562517;12,086099813731375;12,18415769235088;12,248277751009368;12,621932000132647;12,93757168317728;13,093892743094955;13,31335158417107;13,55132702510615;13,56640082462052;13,69282042972831;14,06418609256294;14,117653720036703;14,147770694603668;14,275123501549183;14,449063707507332;14,458488935267138;14,582266144647393;14,959853634962894;15,078506658952916;15,290850837950877;15,69478479776346;15,925296063242408;16,41132119915334;16,455508153717766;16,48603920381826;16,610163280527434;16,64387322622851;16,699590557195442;16,953167679689045;17,208649629567816;17,8952663045617;18,036083185018843;18,606749361211634
4,262592598678313;-40,72019080752115;-40,7199894257349;-40,673874836848434;-40,67378054486649;-40,62362698622598;-40,62361223224911;-27,126656588073796;-17,157554974105587;-17,154219523433166;-16,84278171160802;-16,834093016553794;-16,790089115826934;-16,78622255983529;-16,785707202771174;-16,784354020625894;-16,740075226201125;-16,73921730758742;-16,73366274216245;-16,732515219356184;-16,64557450328262;-16,64515793573228;-16,623062176911155;-16,622188198818847;-16,299830454505273;-16,299083167312794;-7,195776740955946;-7,158306747714101;-7,156316857632236;-5,860561765025443;-5,842620876237129;-5,83917865988134;-5,837515188725533;-5,825354703422909;-5,809471259136877;-5,796669261810885;-5,780200280408462;-5,7381882546490175;-5,727279022297322;-5,625705591892473;-5,5528697691068105;-5,546130194781931;-5,540650413038319;-5,532243000237269;-5,529814315733055;-5,525199640166163;-5,516022764890098;-5,503684964858813;-5,49647289062319;-5,495919583264329;-5,494516887041592;-5,483039179311862;-5,477821247492181;-5,475473110752334;-5,470203692085036;-5,449114200725797;-5,439072233256591;-5,385446023798903;-5,3652493725627055;6,462539431647261;6,867547425672134;7,306217735692973;7,439518173237762;8,299836001459843;8,369120586444534;10,10225666451882;10,879796308703357;11,027205590329645;11,306919393908872;11,734172285959955;11,932379615380118;11,960004294660122;11,994037722219868;12,177642411241747;12,268585375300919;12,651819412016298;12,936627763212702;13,107212255870147;13,31363505093222;13,51606904754484;13,51786023144938;13,632011760296544;14,041867504195402;14,0831188965244;14,16532358981411;14,37330537946133;14,44527307628891;14,55595264374285;14,557294979126244;14,963197169699892;15,0684527924289;15,290501695292862;15,68295897238139;15,890792970614116;16,328045800019623;16,41656812468229;16,48227303983893;16,590120542630753;16,702420826613672;16,763085663867983;17,070138186432846;17,167102640283623;17,95877298942913;18,058971366458376;18,56388169277084
4,299845518027003;-40,71888283138647;-40,71868432341229;-40,67518794105623;-40,675091646016455;-40,62363960688821;-40,62362140662071;-27,12665595737214;-17,147040501012043;-17,14374987730622;-16,84128903950959;-16,832735547766205;-16,804278699731313;-16,802957876610897;-16,791575894322875;-16,787558744372863;-16,748559007115844;-16,74784726393712;-16,733703914868695;-16,732545525243733;-16,63500404213963;-16,6344796007171;-16,607464364970067;-16,606730589783293;-16,31000509287759;-16,309237309343164;-7,195786248821917;-7,158108188513621;-7,156233185102196;-5,860526145570132;-5,843373130969858;-5,840316082944283;-5,8391083693164205;-5,824985841960222;-5,8100991251122664;-5,79645203173723;-5,777082122838705;-5,740704914616539;-5,7247828952557045;-5,625684535683943;-5,552338867422397;-5,545814975074883;-5,541096695726085;-5,531598229826931;-5,5297848985711155;-5,525724886114118;-5,517387992116746;-5,502865712288949;-5,49676725958528;-5,494907454104636;-5,494323630642854;-5,486066757175219;-5,477441606758061;-5,475427332221284;-5,4697163016631345;-5,450041634533318;-5,435881283961375;-5,387300820294549;-5,364190963453544;6,487331188939747;6,88569836451894;7,318917331441297;7,432998753066271;8,290202584579832;8,312388855956275;10,142052848516489;10,827426414256127;11,0783232350579;11,327130326224596;11,760636195922755;11,867265913105665;11,938876810100936;12,021220552287785;12,169966066590291;12,302985738390639;12,677720400997035;12,926184985978816;13,12850232173154;13,314101074344714;13,451591932775356;13,467607931248981;13,54928291358728;13,962997391466855;14,113670642402974;14,210376562895473;14,441285095278316;14,487386729456082;14,513764931472837;14,675204488944821;14,968531697275608;15,051057927207369;15,290036442171614;15,664368654048594;15,839994705852988;16,255977292681337;16,353973537201746;16,4844698986105;16,518466971057933;16,802053490046735;16,888236126260033;17,115172847969568;17,189511378528824;18,04582557878365;18,09356079789952;18,510511763152266
4,337098437375693;-40,71707044336664;-40,71687388607042;-40,6770087267153;-40,67690363811397;-40,6236492147338;-40,623632426898006;-27,12665513455072;-17,13253216000837;-17,129291234006363;-16,839231676423708;-16,830855535231304;-16,826060636544412;-16,82471475036947;-16,793632426908307;-16,789413055733675;-16,758017393044323;-16,757451536018493;-16,733741664570502;-16,732565595961532;-16,622583404713268;-16,621955087275868;-16,59006310296708;-16,589460090569897;-16,323858878913427;-16,32305847967917;-7,195797486403225;-7,157847257654962;-7,156131841293864;-5,860571458976071;-5,844341136656748;-5,843387462347857;-5,839023842679034;-5,824458811575287;-5,810919231295559;-5,7961971147248965;-5,7734418554944105;-5,74312050213273;-5,72245306971234;-5,625653126611112;-5,55160621154012;-5,545399910891105;-5,541520851110239;-5,530902722086697;-5,529783342353928;-5,526411608522405;-5,518903082641669;-5,502053669357102;-5,4969947849525305;-5,4942358199385275;-5,493577904197706;-5,489433114972193;-5,47705877603855;-5,475363237723866;-5,469044529464007;-5,451298900732276;-5,432092412513514;-5,389606065906533;-5,36301346608335;6,521858768427492;6,910051005089832;7,336665686758085;7,422516308518072;8,188990124279865;8,328955370979367;10,197089286914377;10,762103153888226;11,15093503997919;11,354895509230216;11,721015879839022;11,794911815920361;11,940643068790274;12,089690912260364;12,166740627166636;12,352213402084411;12,688722517466001;12,896958049860928;13,156122621392864;13,314530917906984;13,375158536155164;13,416709615474584;13,46020011918654;13,892271753387156;14,154215284491986;14,268570422142622;14,441490116027548;14,458585699338903;14,607832240942214;14,801655715753927;14,974675192976864;15,026009968427545;15,289590781932263;15,639708213013591;15,783722504434868;16,19350969473634;16,27059697311359;16,38708491585337;16,587032482791194;16,9005618893363;17,010819814599365;17,06516004503144;17,308530725895626;18,13415156978089;18,141708236039264;18,391106624970465
4,374396158485702;-40,71477062642274;-40,71458422216774;-40,67931182129303;-40,679207530116855;-40,623655289668356;-40,62364113652724;-27,12665418704347;-17,114246419237105;-17,111083150321786;-16,849872621385583;-16,84841206681024;-16,8365966565157;-16,82846166627121;-16,796249733210338;-16,79176662778288;-16,767657231804737;-16,76723910878171;-16,733774333425686;-16,732584900024104;-16,609032632029272;-16,60833469608781;-16,572278757555782;-16,57181836745162;-16,340957205568166;-16,340080517270973;-7,195810137128835;-7,157540916432299;-7,156028691141718;-5,86079511315395;-5,846247434967987;-5,845452667310874;-5,838944530476414;-5,823770673341704;-5,81190260258895;-5,795929621837914;-5,7696399783093915;-5,745410744164931;-5,7203600045875564;-5,62561484060504;-5,550690503892092;-5,544916003367102;-5,541871020693427;-5,53023102267567;-5,5298398153924895;-5,527226288598744;-5,520447807723347;-5,501279169072614;-5,497122962641113;-5,494282946712708;-5,4928204132539715;-5,49205546360677;-5,476663263672465;-5,475297335119174;-5,468192876980287;-5,452850550274007;-5,4279872722472025;-5,392233670766994;-5,361847459866001;6,565940130483699;6,939166778150837;7,359434559731489;7,406858980008341;8,072618958762362;8,348474908369539;10,26668180655004;10,69438776685087;11,23808090793721;11,388493179514148;11,56597788875235;11,834361452975903;11,930487218444105;12,153005824001841;12,175329984469407;12,4170837578592;12,681163290606658;12,847453052107836;13,187273021957129;13,292239402577591;13,314544146788533;13,368218619535545;13,374534596403779;13,83580119053337;14,200814883699861;14,330518427362886;14,396173940428975;14,451988028561638;14,729681052773023;14,923208768093767;14,978709038648503;15,001877497886696;15,289248809197414;15,609895502032138;15,732762480624991;16,134992341855313;16,16976533834834;16,301092896909537;16,678141470115893;16,99183401419063;17,025547571278576;17,123102702039848;17,42607025284363;18,15585205308574;18,23425707081206;18,244239251673648
4,411649077834392;-40,71200700546315;-40,71183015192791;-40,68208073369205;-40,68196774711474;-40,62366643749774;-40,62365086827325;-27,126653197942748;-17,09250942789792;-17,089431281476106;-16,874974446810945;-16,873405395857088;-16,83345639354585;-16,825591075992275;-16,79938707177349;-16,794606419601863;-16,776950342570313;-16,77667369094946;-16,73381371790605;-16,732606876565658;-16,59477731347265;-16,594021116404512;-16,555184168382116;-16,554892969318292;-16,36059778614541;-16,359593570331082;-7,195823743838545;-7,157208225300661;-7,15594119042465;-5,861307170853783;-5,848491521047043;-5,846627213584194;-5,838872376050349;-5,822924641509027;-5,8130134744160165;-5,795682643651935;-5,765943731288511;-5,747567593836092;-5,71856779838576;-5,625574318308315;-5,549616780462107;-5,544429142859094;-5,542110929809503;-5,52997963096418;-5,529599291918696;-5,528114663854172;-5,521950200279401;-5,5005377801119115;-5,497146297764352;-5,4959490207229;-5,494486925400587;-5,490473238942552;-5,47626281223332;-5,475238312295613;-5,467177877187978;-5,4546340779453395;-5,423775838840192;-5,395106692086021;-5,360785073327617;6,619339152926823;6,970331721215793;7,38494022659041;7,3871954115505405;7,948703090715107;8,369520689847116;10,34996155378859;10,63125878567332;11,33501204624482;11,382414872718742;11,453732788790292;11,875865863499055;11,904105464446474;12,194253431559364;12,200206455532896;12,498150186639709;12,655194204990112;12,792955001709274;13,206149145105169;13,21766971403877;13,296832124433921;13,313867236069834;13,316998957300015;13,799484867217604;14,233577254484075;14,348449588558186;14,3909686542903;14,477761205364436;14,849491553593205;14,927081648260472;14,975717490393583;15,088303875144014;15,289085952448174;15,57926457956701;15,693652239964184;16,055235392602526;16,072898883085635;16,229163126632635;16,782933310616695;17,002197146918363;17,071162230161818;17,21798515460401;17,541362433721005;18,018097637685724;18,243265880695535;18,31311519670339
4,448901997183082;-40,708818471177466;-40,70865075224396;-40,685276345530475;-40,68516030501862;-40,62367805860476;-40,62365742417369;-27,126652271828615;-17,067726573830495;-17,064780998881968;-16,90104986332752;-16,899319480584065;-16,829826348442825;-16,82228150634996;-16,80302011237468;-16,79789450092411;-16,785460550058563;-16,785322226971946;-16,733844837831718;-16,73262290515003;-16,580070553686657;-16,579281182325957;-16,539990794722975;-16,539932292675726;-16,38159571140396;-16,380397041806933;-7,1958366755236;-7,1568723876528635;-7,155886924288246;-5,8621392971778175;-5,849897354308807;-5,847774045628109;-5,8388157905830305;-5,821934903684073;-5,8142203271746915;-5,795475428452646;-5,762540875278473;-5,749596603819827;-5,717124525506521;-5,625535354252045;-5,548421460029771;-5,544027404304723;-5,542246784808772;-5,530220732364142;-5,529012054536102;-5,529001674664071;-5,523362371198771;-5,499798543365657;-5,498597663441483;-5,49708508258322;-5,49485718353519;-5,488975569183265;-5,475896340681811;-5,475195442260194;-5,466021932368213;-5,456572587656674;-5,419599563009522;-5,398166720093304;-5,359888988577113;6,681755698847558;6,998001554732002;7,357037788630413;7,419925432682188;7,825439053545384;8,39026131096793;10,445860020128094;10,57760821040579;11,233686099305203;11,437764897127344;11,491892245069671;11,862630920841127;11,916091157058366;12,191721594191483;12,240420220439441;12,595230048236404;12,612884346659566;12,762280282520688;13,12115072697535;13,228236142460277;13,242040971439833;13,254143884280374;13,312580100788566;13,789597821848487;14,195114921784;14,374719367344673;14,447040364114015;14,518383843894805;14,869602704183176;14,960320361188298;14,963915091431058;15,226925186887534;15,289174714297406;15,557494013517388;15,666867191239616;15,931476477638144;15,99939574722678;16,173244921523626;16,893284634285934;16,999071487253982;17,13491569739133;17,29035431667906;17,65373162958808;17,82934617350776;18,235315931982353;18,281020414524523
4,486199718293091;-40,705233439764456;-40,70507743287385;-40,68886648540529;-40,688747643016136;-40,62368749564992;-40,62366915168488;-27,126651514900406;-17,040549346740733;-17,037735191022534;-16,9278657178596;-16,925934706567855;-16,825741391805078;-16,81855895515544;-16,807105065811715;-16,801593626119477;-16,792702108567084;-16,792679927360705;-16,733874471254797;-16,732638558145272;-16,565090354549984;-16,56428675002546;-16,529017840244542;-16,52874980844204;-16,4017328304437;-16,400221640328486;-7,195847560823512;-7,156556292136657;-7,155883209061479;-5,863098966083421;-5,850510016031667;-5,848810167666485;-5,838782483452542;-5,820805531842172;-5,815503574451832;-5,795316943937704;-5,759552773138743;-5,751515785983625;-5,716074074989301;-5,625503853560161;-5,547159344890236;-5,5438478354141605;-5,542302848499952;-5,530516659000637;-5,529836952324277;-5,528383962751283;-5,524656864843961;-5,500583675089624;-5,499045361420778;-5,496990985817278;-5,4953706423784245;-5,48770553019906;-5,475588401605004;-5,475183522692744;-5,464754193375452;-5,458559166497025;-5,41555109878735;-5,401379141085151;-5,359213102431912;6,752823794014499;7,010448301449595;7,32818000374863;7,457618147776595;7,711670874486047;8,408450122756438;10,536927843064426;10,553122758662376;11,078742144359003;11,54140859144615;11,547812498128797;11,809460615053192;11,951749770245554;12,136628488426403;12,292703314274153;12,55734112140004;12,706602211327022;12,774399689442376;13,041261116858522;13,169539766360705;13,17479365550794;13,256495782863343;13,311078105531047;13,810733563621842;14,117155091512858;14,44472405527054;14,497510132387065;14,564517495408381;14,797117524016763;14,931407078350809;15,068087587953851;15,289556098332106;15,370483403432159;15,554174181626522;15,650346038769586;15,80503802198758;15,907999045510891;16,1342258616354;17,000534999571006;17,018422557251846;17,179809230002725;17,338611446936525;17,63853845517097;17,76252625811552;18,151105811389257;18,316336911206566
4,523452637641781;-40,70128557628973;-40,70114356510159;-40,692808870454414;-40,69269251956933;-40,62369471790665;-40,62367152870288;-27,126650969736303;-17,011865138660983;-17,009228890726664;-16,955266243934023;-16,953110078115973;-16,821246893813143;-16,814458324530506;-16,811599941675894;-16,805670260802888;-16,798032079036687;-16,797958844293685;-16,73389031220257;-16,732649818137865;-16,549952538679833;-16,549151966141558;-16,525899910098484;-16,52527280084288;-16,416898342173425;-16,41501347633858;-7,195854370942676;-7,156280343410027;-7,155943637081881;-5,8638605440233755;-5,850544387254574;-5,849649594480859;-5,838764920059198;-5,819556258874507;-5,816839933113606;-5,7952179161884265;-5,75705009009254;-5,753333721305878;-5,715435217997649;-5,625480376740822;-5,545910128710917;-5,544058343520539;-5,542308267097463;-5,53074922909302;-5,530473972971859;-5,52768391887138;-5,525817867314975;-5,501784271025097;-5,498273313743477;-5,497001243846671;-5,4959048167584506;-5,486821043260791;-5,475366111698141;-5,475192584477392;-5,463403524576773;-5,4604338036052695;-5,411700291746234;-5,40470066126431;-5,358786069191797;6,832091006970168;6,988105777483658;7,310716238736038;7,500301103302197;7,616177121592032;8,421466261475826;10,511596422652831;10,670305537822514;10,931453800278645;11,610776779498197;11,634707550524992;11,747601585430127;11,979865522933672;12,052988737029043;12,354104193889167;12,49235964833679;12,820017151377963;12,8248848157274;12,972668576242292;13,080066026655194;13,123194835636145;13,261545693066335;13,309883411690484;13,862882400116147;14,030650510365955;14,52848862731968;14,542546786935944;14,595592544588587;14,713236163681817;14,899303111788852;15,151512614615363;15,290166355864521;15,515548203185727;15,572690109566532;15,642293813734568;15,688471150927237;15,79502112921829;16,111804316509918;17,06107434422213;17,092040145989305;17,19646724746097;17,364727929891433;17,471578427460486;17,867023387164636;18,06101216326841;18,347776953299036
4,560705556990471;-40,69709152109412;-40,69699074443468;-40,69696510491343;-40,69686433188663;-40,6237007588375;-40,62367297498728;-27,126650750811724;-16,98317656274817;-16,983099943333105;-16,980772909260782;-16,98069661236904;-16,816473057815724;-16,816355560237497;-16,810114054064595;-16,809996726244133;-16,800194331758515;-16,800077015254004;-16,733896644715035;-16,73265383584599;-16,534784612169393;-16,534707002448332;-16,53399241309141;-16,533915101996303;-16,42232585132067;-16,420270953634333;-7,19585536313391;-7,156089527692755;-7,15605480818627;-5,864157830965018;-5,8502325803788375;-5,850224425552939;-5,838756238845752;-5,818208815395365;-5,818207561755822;-5,795182780208031;-5,755069923288034;-5,755067541860577;-5,715216737646253;-5,6254658379953835;-5,544791368659279;-5,544783864741316;-5,5422976699055155;-5,53078617481166;-5,530779656292353;-5,526830296453137;-5,526826264127186;-5,5021794841576535;-5,497492041119924;-5,4974873420504045;-5,49611248458707;-5,486490071210801;-5,475239800757788;-5,475239612911323;-5,462019911185917;-5,462019372442866;-5,408105133696706;-5,4081048856379415;-5,3586330208075275;6,918877183613845;6,919022085280559;7,3088534293892184;7,547989107030444;7,54809024725053;8,426447927825798;10,50299823567433;10,795709185104895;10,795780186273273;11,67927430889556;11,67932677876422;11,680984663433149;11,998019702712753;11,998049637950741;12,42229541821301;12,422341517238017;12,872830854980421;12,872865605297777;12,981680022599873;12,98175209765612;13,0992472214949;13,261895167284191;13,309425358982443;13,94143686019718;13,941551093455992;14,583475573460667;14,583518234907379;14,620667011620755;14,620763221675828;14,88546265729931;15,18825778005961;15,290608002732814;15,610084652606444;15,610145933817208;15,640421153641846;15,660436610366574;15,660479420009922;16,104722576032056;17,12628993377631;17,126361507256252;17,160294842870606;17,372565272875264;17,40108356440772;17,966301533660268;17,96636846337366;18,377698661655298
4,610705556990471;-40,69709651667831;-40,69699574005639;-40,69696682609753;-40,69686605304164;-40,62370118459636;-40,62367652418499;-27,1266507778489;-16,983168256628225;-16,98309164030029;-16,980788164458247;-16,980711867002444;-16,816436420417805;-16,81631892517481;-16,810155069803468;-16,810037742032318;-16,80019477967762;-16,800079956491455;-16,73388986208983;-16,73266248693051;-16,53478969680271;-16,534712088890476;-16,533998783868068;-16,533921471115534;-16,42231587023819;-16,420296150294796;-7,195882049467283;-7,156090382687471;-7,156055663189535;-5,864163731479399;-5,8502356975327965;-5,850227543166031;-5,838750468446703;-5,818221097846552;-5,818219844380776;-5,795179172105974;-5,755081138603238;-5,755078757495235;-5,715222822784232;-5,6249877072097885;-5,544822415618502;-5,544814909931294;-5,542413802957664;-5,530789374764851;-5,530782858154396;-5,526817171725615;-5,526813142044094;-5,502178095334453;-5,497469282525722;-5,49746458168326;-5,4964713278894;-5,486493955728271;-5,475237927469071;-5,47523773954291;-5,462025093704295;-5,462024554798414;-5,40811007044148;-5,40810982309554;-5,358638749782086;6,921220857899267;6,921365501949601;7,311221063791887;7,544933863431857;7,545035555482487;8,420386223870786;10,508681527560222;10,798768088092796;10,798838045732873;11,66480154193139;11,664851567615367;11,683471113676262;12,007348855771966;12,007377404583396;12,423004490558043;12,423050330954462;12,873737632673425;12,873773257496177;12,984186791439445;12,984258233227465;13,100031255906472;13,260608266657218;13,309984823110524;13,941176715415198;13,941290138170435;14,526813873448543;14,526828934903866;14,680893847065386;14,680932439705874;14,829625330513043;15,193248921499627;15,313790930623504;15,619731713754657;15,619791182037558;15,658504350270235;15,658544790397944;15,681757942738502;16,09804819944289;17,12980109023201;17,129872520894327;17,15920722431882;17,36698735510694;17,408798708963126;17,948815501702878;17,948883736602262;18,371881780522358
4,660705556990471;-40,697096121840985;-40,69699534530255;-40,69696948691294;-40,69686871379305;-40,62370130805092;-40,623679302685034;-27,126650776724652;-16,98312709120386;-16,983050484205503;-16,980835869354696;-16,98075956973417;-16,816317709441496;-16,816200220988822;-16,81027266984397;-16,810155342264203;-16,800203498902135;-16,800072383059334;-16,733875585820915;-16,732686054756773;-16,53477645311863;-16,53469885073341;-16,534013744015116;-16,53393642591012;-16,42227920895192;-16,420335773520275;-7,195958013965828;-7,156089553338275;-7,156054833808753;-5,86417554082072;-5,850242370464317;-5,8502342172149815;-5,838718786138307;-5,818249603666976;-5,818248350804232;-5,795170644561636;-5,75510114638313;-5,75509876728727;-5,715223394300239;-5,623581294738696;-5,544904329679998;-5,544896818881768;-5,542746173225548;-5,530797433862804;-5,530790922362271;-5,526766960104956;-5,526762937962106;-5,502170375602659;-5,497511593835289;-5,4973975610434715;-5,497392810406096;-5,486507666066539;-5,4752303309133765;-5,4752301424915695;-5,462026877635134;-5,462026338364844;-5,408107370799492;-5,408107124286139;-5,358637826200171;6,928152009340203;6,928295880284483;7,318201016296355;7,535939809835327;7,536043125640306;8,402810342283932;10,525059435789474;10,807965092778511;10,808031988808166;11,626110630919598;11,626155385100882;11,690734980442544;12,030801480455064;12,030827878685841;12,42515070357153;12,425195779220443;12,876202665488533;12,876240699946202;12,991555611273117;12,991625356821151;13,102384795020383;13,256814770658504;13,312036004022428;13,9406178574442;13,940728901550408;14,458774584367783;14,458803243242926;14,702717732334198;14,759288758794735;14,759314057046257;15,208114181266506;15,356122384204278;15,63949382145867;15,639498458502304;15,661857766194288;15,661873819400947;15,791331757503016;16,078366078026818;17,140214299614012;17,140285288431212;17,15632493885164;17,357362913116624;17,4247422856012;17,896584262973104;17,8966562344144;18,353314740611186
4,7107055569904706;-40,69709402463559;-40,69699324819563;-40,69697623852468;-40,69687546529212;-40,62370207247715;-40,62367478159322;-27,126650771020028;-16,98305533831837;-16,982978745744173;-16,980918623557596;-16,98084232030501;-16,816128012720178;-16,816010535048388;-16,810463962791427;-16,810346635220416;-16,800216728500583;-16,800064126835778;-16,733829965982416;-16,73271410449661;-16,534751446340135;-16,534673852472668;-16,534041627909357;-16,533964301277145;-16,422222315211844;-16,420396037257827;-7,196074051813432;-7,1560883724672655;-7,156053652900684;-5,86419359570578;-5,850248931465854;-5,850240779714272;-5,83866877279691;-5,818294382299968;-5,818293130351612;-5,795159482608988;-5,755131497263879;-5,755129121066798;-5,7152265558696715;-5,621309601934475;-5,545033121338517;-5,54502560232742;-5,543312897355114;-5,530805451239847;-5,530798947572515;-5,526692100698539;-5,5266880905164175;-5,502167383783128;-5,499142227740316;-5,4972815999372955;-5,497276870912201;-5,486531938305128;-5,4752181973471234;-5,4752180081351725;-5,462031250459107;-5,462030710572851;-5,408103972430825;-5,408103727348466;-5,3586386735765315;6,939360913528922;6,939503495986817;7,329412544748966;7,521522367521758;7,521628287270288;8,375447237900351;10,550246153621433;10,823354112153618;10,823416124915981;11,571827973347144;11,571867096723633;11,7021938358909;12,060269382146267;12,060295154802192;12,42875129149954;12,428795138207485;12,879607013882891;12,879648414097653;13,003224015877601;13,003291546189569;13,106278421355631;13,250690738221653;13,31663725701887;13,940332180821263;13,940439421033968;14,39399441396173;14,394031442416352;14,550954348789748;14,84053521403735;14,840552601582324;15,232509772872591;15,399734912826865;15,631706273750483;15,63174189538454;15,707839211906757;15,70789821341897;15,93756302399862;16,046548802513477;17,152934619751456;17,15690542691398;17,15697524224121;17,34835266847652;17,443925897619327;17,810611928558597;17,810689593131045;18,319576417028305
4,76070555699047;-40,69708988979272;-40,696989113503896;-40,69697567534215;-40,69687490197474;-40,62369560763401;-40,62368047002193;-27,126650741376615;-16,982964586083487;-16,982888013910937;-16,981015979858274;-16,980939669889377;-16,81585649784543;-16,815739034271438;-16,810719184840682;-16,810601856806187;-16,800227119100338;-16,800051445992906;-16,733788602790263;-16,73276317046404;-16,53472239559459;-16,534644814562476;-16,53406296504131;-16,53398562563488;-16,422125499128327;-16,420483267759995;-7,196221291013271;-7,156085332090812;-7,156050612476722;-5,864208745988898;-5,850256041794573;-5,85024789241064;-5,838601234276146;-5,818345041299282;-5,81834379059035;-5,795137085103144;-5,755168061872667;-5,755165689328223;-5,715227863545344;-5,618320662597845;-5,545187198662186;-5,545179670351989;-5,544130326825403;-5,530812149702259;-5,530805654965801;-5,526593635528888;-5,526589640290936;-5,502244902468525;-5,501132276418117;-5,497136297741532;-5,497131554089368;-5,4865533512473545;-5,475199528665253;-5,475199338589823;-5,462027645088902;-5,462027104455026;-5,408097575535098;-5,408097332433304;-5,358637026251848;6,954300296152043;6,9544410802256325;7,344184835322564;7,502550473520801;7,502659833173012;8,340894065675961;10,581458364958053;10,845004078075878;10,845059680341912;11,508565993908503;11,508599694780326;11,716873683062547;12,08993060834412;12,089957561637284;12,4337759241826;12,433818171490703;12,883327607669248;12,883372614957986;13,018098506207345;13,0181639459083;13,111662355505702;13,24252257890655;13,32544823732037;13,941157887340966;13,941260087030795;14,333170663365793;14,333214857985688;14,3939753133063;14,922927033601884;14,922937880334594;15,265907838454725;15,445821185585071;15,612941250366283;15,612978869132423;15,779638774112072;15,779703366428233;16,003941671628205;16,093583885314793;17,15177997160691;17,178281419363852;17,178349960416305;17,340822389322156;17,464906486097036;17,69420951274243;17,694293616695152;18,269910603972612
4,81070555699047;-40,697082546504895;-40,69698177038462;-40,696981754559125;-40,69688098100491;-40,62369544187063;-40,623677925160486;-27,126650728542366;-16,982847366129466;-16,982770817885186;-16,981143769750958;-16,981067451516015;-16,815529887511033;-16,815412440407414;-16,811033307182704;-16,81091597771899;-16,800235389710608;-16,80003945821781;-16,733713681171036;-16,732827135228575;-16,534680654311924;-16,534603088540862;-16,534103147511406;-16,534025793467052;-16,422023442520477;-16,420585323215533;-7,196383842751984;-7,156082951927291;-7,156048232241012;-5,864232921455777;-5,850265767227363;-5,850257619813867;-5,838531600443447;-5,818401581001921;-5,818400331440967;-5,795107662281457;-5,755207589019028;-5,755205220656252;-5,715228374166906;-5,614790165724749;-5,545353114658309;-5,5453455758710355;-5,54520784377227;-5,5308207508328175;-5,5308142651541035;-5,526491199282216;-5,526487220299214;-5,50376401126549;-5,501958907217489;-5,496972704612272;-5,496967944183565;-5,486572872309918;-5,475181343567743;-5,4751811523668055;-5,462029778340913;-5,46202923679721;-5,408089199886055;-5,408088958722857;-5,3586342982931505;6,972126354144226;6,97226485229439;7,361518463974748;7,480263244873706;7,480376690034289;8,302324612925098;10,615432072437574;10,872951963255202;10,872999980378204;11,440533488039103;11,440561759795168;11,733466358462584;12,116610907218524;12,116640256184116;12,439995335274395;12,440035772555536;12,886935317371432;12,886983607827135;13,03462233011953;13,034686252390415;13,118478524254297;13,232647472725175;13,340507660639034;13,943966859885974;13,9440629641028;14,240262016511343;14,276656188699798;14,276707262927909;15,005017794520528;15,005022645715563;15,307538057673515;15,495440398778717;15,587741727495121;15,587778418185444;15,872028562994831;15,872096534870792;15,952256871616008;16,240592908278135;17,157901468731875;17,199481112842438;17,199545605612304;17,33488006419535;17,48670394561788;17,556225810322978;17,556314059566834;18,207086322494888
4,86070555699047;-40,697074109315096;-40,69699488058225;-40,696973333408074;-40,696894106809665;-40,62369124750012;-40,62367779156453;-27,126650719683276;-16,98270986035865;-16,982633339041673;-16,98129219598979;-16,981215865592386;-16,815159226008976;-16,815041796832737;-16,81140231058286;-16,811284978278866;-16,800248792721945;-16,800031215887042;-16,733635552351448;-16,73289363984467;-16,53463236676681;-16,534554818919162;-16,534153120947856;-16,53407574864482;-16,421907172580454;-16,420704944283326;-7,1965475160237204;-7,156080762894568;-7,156046043142737;-5,864258037316425;-5,850278357375091;-5,850270212188799;-5,838466090896417;-5,818461865438159;-5,818460617176503;-5,795081982075587;-5,7552491299778135;-5,755246765756534;-5,71523080166115;-5,610989345442767;-5,5465327090443735;-5,545516826586361;-5,545509277970411;-5,530829671186012;-5,530823193878802;-5,526395502214015;-5,52639153878096;-5,506119614124552;-5,501982191628994;-5,496818908568419;-5,496814132233532;-5,486596239550964;-5,475166015282636;-5,475165822980612;-5,462031989308968;-5,462031446884152;-5,408082021035584;-5,408081781877558;-5,3586335133344525;6,99161580330164;6,991751592908892;7,380024089128543;7,456323316509082;7,45644125129999;8,263253604724527;10,64880218317537;10,907185005567406;10,907224630230486;11,370510872950948;11,370533423346911;11,750377731432007;12,138766119504867;12,13879836874611;12,446932163349985;12,446970794348918;12,89019156768814;12,890242536922942;13,051025162734145;13,05108825912275;13,126627393002025;13,221468680988465;13,363953933934834;13,949511474297442;13,949600551118424;14,094479091428811;14,224955145992414;14,225013238788648;15,085390241113943;15,085391050015916;15,356441067749936;15,54698014826873;15,556335272329171;15,556370110667245;15,893456863086454;15,983780380567165;15,983851266024608;16,363221817844135;17,17873155317264;17,200007227341285;17,20004822393733;17,330490744787074;17,423010199700197;17,42308279873408;17,508187785158064;18,13703885114412
4,91070555699047;-40,69706330187771;-40,69700434189712;-40,69696252620688;-40,69690356788512;-40,6236863901569;-40,623675109472856;-27,12665070638458;-16,982552254965206;-16,982475762306624;-16,981458760168803;-16,98138241457225;-16,81473329381023;-16,81461588310351;-16,81181238646858;-16,811695049269687;-16,80025939987101;-16,800022562821415;-16,73354306970516;-16,732962180153468;-16,534578986725005;-16,534501458970528;-16,534205484286687;-16,534128091704787;-16,42177097874623;-16,420840375759973;-7,196693221407966;-7,156078474213974;-7,156043754413826;-5,8642800695450825;-5,850284662307481;-5,850276519130601;-5,838396167232648;-5,818511805698688;-5,818510558675291;-5,7950611261198235;-5,7552866444605;-5,755284283775683;-5,715233090146687;-5,607251048582777;-5,548004836619252;-5,54566221925019;-5,54565466176188;-5,530832332122028;-5,530825862272269;-5,526306389873435;-5,526302441086989;-5,508291289669772;-5,501968254705482;-5,496673641213977;-5,496668850206011;-5,486619687597593;-5,475150846251705;-5,475150652871454;-5,462032732601215;-5,462032189303904;-5,408076528300561;-5,408076291042518;-5,358632906632878;7,011050343097284;7,01118316091125;7,397909362363363;7,4328864726908135;7,433008982502525;8,22735037097579;10,678435455328714;10,94760294536927;10,947633710759897;11,300515975784492;11,300532302310563;11,765900778904518;12,155811809700143;12,155846853938959;12,453816038339287;12,453853084904122;12,892942074518492;12,892995051656635;13,065630139340682;13,065692972902122;13,13597336025119;13,2094122100047;13,397523954847296;13,958119262803583;13,95820008684231;13,960116827654296;14,178946057765932;14,179011658063152;15,16275953727549;15,16276567046221;15,411383725141034;15,518656105517985;15,518688534669952;15,596749318972602;15,829729581849621;16,113537728349172;16,113611097825164;16,449962159741077;17,114651494521055;17,114682414642573;17,22065710482402;17,32777771823508;17,36538537631931;17,365393321622715;17,52792187179955;18,021308134432143
4,96070555699047;-40,69705516167295;-40,697014818331056;-40,69695438626564;-40,69691404405237;-40,62369147869094;-40,62367524831966;-27,12665070809327;-16,98238240867806;-16,982305945664358;-16,9816437648245;-16,98156740146701;-16,814279202475902;-16,814161809848567;-16,81226484523148;-16,812147500822938;-16,80026585313417;-16,80001593596847;-16,73345348403209;-16,733054727124156;-16,53452147784169;-16,534443972057613;-16,53426402116858;-16,534186607638087;-16,421627276027642;-16,42098650626522;-7,19681137481992;-7,156077164426912;-7,156042444592097;-5,86429782636356;-5,8502953082125515;-5,850287166664225;-5,838349421277282;-5,8185550530255385;-5,81855380697083;-5,7950416420676145;-5,755318489930509;-5,755316132383814;-5,715237033418506;-5,604026354898603;-5,5494475603708615;-5,545780921852572;-5,5457733578040544;-5,530839112414662;-5,530832647839668;-5,526240492937539;-5,526236555693839;-5,510025704628553;-5,501952558967479;-5,49656115033895;-5,496556347796038;-5,4866353422547;-5,475141306600183;-5,47514111238632;-5,462035405177215;-5,462034861219205;-5,408072038813044;-5,408071802866496;-5,358634613891361;7,028122965800906;7,028252888936277;7,412642140274773;7,412764093001853;7,413058794655772;8,198241412816126;10,701659178778119;10,993956300994599;10,993978002115767;11,232135091049937;11,232144530921012;11,778390094112678;12,167716037992266;12,167753329872136;12,45970109035773;12,45973693678409;12,89504739960038;12,895101749065725;13,077052692290046;13,07711558754735;13,146317641089714;13,196938584926876;13,44148817024122;13,84101244408822;13,969202094138764;13,96927445138929;14,140284851117354;14,140358733917642;15,23601872380723;15,236029720451807;15,470487576828292;15,474627403466979;15,474657063574378;15,639389073089761;15,763737688669117;16,25935794409327;16,25943305930438;16,499055317482302;16,953879304404573;16,95394437091243;17,27953765582801;17,328492186991266;17,375955919040788;17,375975121752603;17,544157159336006;17,896635452403462
5,0107055569904695;-40,69704488296822;-40,69702403880423;-40,696944107827285;-40,69692326425789;-40,62368349042794;-40,62367521367098;-27,126650697552424;-16,982206205625932;-16,98212977208102;-16,981817324147077;-16,981740937382565;-16,813813448185773;-16,813696072861852;-16,812719054427514;-16,81260169954829;-16,800269365075888;-16,80001289070594;-16,73336391586181;-16,733133441428016;-16,53446511664191;-16,53438763377192;-16,534319585669884;-16,534242148434352;-16,421481365657808;-16,421134037981155;-7,196884929460068;-7,156075826619439;-7,156041106740012;-5,86430800621294;-5,850298321092595;-5,85029018030718;-5,838314166858386;-5,818578659638486;-5,818577414092519;-5,7950268998998125;-5,755335264784204;-5,755332909031945;-5,715236842361963;-5,60178149551149;-5,550535534119188;-5,545853942057927;-5,545846373696068;-5,530838559057246;-5,530832097552972;-5,526190603719066;-5,526186673776969;-5,511137431412031;-5,501940492149136;-5,496486999320657;-5,496482189262657;-5,486643186662795;-5,475132540280986;-5,475132345460789;-5,4620369090127046;-5,462036364675265;-5,408066905519321;-5,408066670619666;-5,358632907827755;7,040083346595382;7,040211043213058;7,398648256039013;7,398777829481884;7,423292483214333;8,179188311552203;10,716444086578418;11,045708269533618;11,045720691858671;11,166822777936412;11,166824362496415;11,786484643546865;12,17469960729305;12,174738332034924;12,463677192718915;12,463712305170331;12,89638199604822;12,896437139993111;13,084305020428422;13,084368064467961;13,157181328680075;13,18471248504875;13,491004974464204;13,745124825055921;13,980191213957449;13,980254652516146;14,112387918536191;14,112470306335057;15,304248217187158;15,304263116201641;15,424301392846683;15,424328403904727;15,529367698877307;15,668664177227074;15,700476855935966;16,418007453480243;16,418082723878097;16,52010190562922;16,77671301490626;16,77678911367044;17,315102529801916;17,35499516174862;17,39602454022935;17,396048235120777;17,555075453058173;17,80263297526648
5,060705556990469;-40,69703939189522;-40,69702943154104;-40,696938616958555;-40,69692865680738;-40,62368349281569;-40,62368218771595;-27,126650726245877;-16,982080168715818;-16,982003762217357;-16,98195177116676;-16,98187536042991;-16,813498401206104;-16,813381040719293;-16,813025152272633;-16,812907784787125;-16,80027145588735;-16,800013743507954;-16,73331584746146;-16,73318921442415;-16,534436350990834;-16,53435888483152;-16,5343532886825;-16,53427583558124;-16,4213749135321;-16,421245933059385;-7,196910815411151;-7,156076167268728;-7,156041447382695;-5,8643167458936185;-5,850305779077881;-5,850297638480683;-5,83829808135278;-5,818585770127515;-5,818584524764463;-5,795023849292903;-5,75534258608054;-5,7553402307280574;-5,715240024076069;-5,600980102156584;-5,550944977721654;-5,54587776129758;-5,545870191703703;-5,530843921489154;-5,530837460687858;-5,5261713990955315;-5,526167471665855;-5,5115176338284115;-5,501941082164228;-5,496461444359781;-5,496456631746277;-5,486647861102318;-5,4751361623376855;-5,475135967341511;-5,462039017297557;-5,462038472838464;-5,408066945642462;-5,4080667113923075;-5,358635625690257;7,044424215185714;7,044551055816673;7,393607761282084;7,393738477155131;7,426922799632485;8,172545812319706;10,721514931439648;11,093727931112738;11,093728703708425;11,11422322986443;11,114234346559348;11,789285835784858;12,17699397841734;12,177033192855802;12,465080579191637;12,465115446438926;12,896838351715532;12,89689375543135;13,086784473162135;13,08684758647357;13,164824962364575;13,176599821322062;13,519792613011873;13,700665379102011;13,985289305928758;13,985348138089241;14,101584415374107;14,101671255609245;15,361612292027125;15,36161382895242;15,372962381336105;15,373003176152585;15,564643098307133;15,663701992051594;15,67915930601299;16,525333850522042;16,556099269172847;16,55616649725894;16,6315133438924;16,631600383009708;17,317728348457194;17,38164039051681;17,40469930229741;17,404723156242813;17,559016946196248;17,76404934341656