"Energy (eV)";"Total";"Y 1s";"Y 2pz";"Y 2px";"Y 2py";"Y 3dz2";"Y 3dzx";"Y 3dzy";"Y 3dx2-y2";"Y 3dxy";"Y 4s";"Y 5pz";"Y 5px";"Y 5py";"Sn 1dz2";"Sn 1dzx";"Sn 1dzy";"Sn 1dx2-y2";"Sn 1dxy";"Sn 2s";"Sn 3pz";"Sn 3px";"Sn 3py";"Nb 1s";"Nb 2pz";"Nb 2px";"Nb 2py";"Nb 3dz2";"Nb 3dzx";"Nb 3dzy";"Nb 3dx2-y2";"Nb 3dxy";"Nb 4s";"Nb 5pz";"Nb 5px";"Nb 5py"
-41,18;0,00204;2,58e-10;5,41e-9;4,35e-22;4,35e-22;9,34e-8;2,16e-20;2,16e-20;6,7e-10;6,7e-10;0,00000953;0,0000404;3,65e-20;3,65e-20;5,436e-8;5,5e-11;5,5e-11;3,24e-11;3,24e-11;0,000002056;0,00003173;4,86e-9;4,86e-9;0,001902;2,862e-8;1,172e-20;1,174e-20;0,00001626;5,664e-20;5,648e-20;0,000005172;0,000005171;0,00002574;3,63e-7;4,562e-19;4,564e-19
-41,13;0,0162;2,05e-9;4,29e-8;3,47e-21;3,47e-21;7,4e-7;1,72e-19;1,72e-19;1,17e-8;1,17e-8;0,0000755;0,00032;2,9e-19;2,9e-19;4,302e-7;9,6e-10;9,6e-10;5,656e-10;5,656e-10;0,0000163;0,000252;8,44e-8;8,44e-8;0,01506;2,274e-7;9,34e-20;9,32e-20;0,000129;4,486e-19;4,492e-19;0,00004108;0,00004099;0,0002052;0,00000288;3,624e-18;3,624e-18
-41,08;0,0981;1,24e-8;2,6e-7;2,11e-20;2,11e-20;0,00000448;1,04e-18;1,04e-18;1,55e-7;1,55e-7;0,000457;0,00194;1,76e-18;1,76e-18;0,000002602;1,278e-8;1,278e-8;7,534e-9;7,534e-9;0,0000986;0,001525;0,000001122;0,000001122;0,0918;0,000001374;5,674e-19;5,66e-19;0,00078;2,724e-18;2,724e-18;0,000251;0,0002509;0,001248;0,0000174;2,2e-17;2,198e-17
-41,03;0,456;5,71e-8;0,0000012;9,93e-20;9,93e-20;0,0000207;4,84e-18;4,84e-18;0,00000158;0,00000158;0,00211;0,00897;8,23e-18;8,23e-18;0,00001202;1,296e-7;1,296e-7;7,63e-8;7,63e-8;0,000455;0,007056;0,00001142;0,00001142;0,4254;0,00000636;2,628e-18;2,628e-18;0,003618;1,268e-17;1,266e-17;0,001184;0,001185;0,00588;0,0000804;1,022e-16;1,022e-16
-40,98;1,63;2,01e-7;0,00000424;3,63e-19;3,63e-19;0,0000728;1,73e-17;1,73e-17;0,0000122;0,0000122;0,00743;0,0317;2,96e-17;2,96e-17;0,00004238;0,000001004;0,000001004;5,916e-7;5,916e-7;0,001604;0,0249;0,0000884;0,0000884;1,518;0,0000225;9,4e-18;9,38e-18;0,01284;4,532e-17;4,536e-17;0,004344;0,004355;0,02154;0,0002838;3,638e-16;3,64e-16
-40,93;4,51;5,41e-7;0,0000114;1,05e-18;1,05e-18;0,000196;4,76e-17;4,76e-17;0,0000723;0,0000723;0,02;0,0853;8,3e-17;8,3e-17;0,0001142;0,00000594;0,00000594;0,000003498;0,000003498;0,004314;0,06698;0,000524;0,000524;4,206;0,0000606;2,604e-17;2,604e-17;0,03492;1,254e-16;1,254e-16;0,01276;0,01279;0,063;0,000762;1,002e-15;1,002e-15
-40,88;9,82;0,00000111;0,0000235;2,51e-18;2,51e-18;0,000402;1,03e-16;1,03e-16;0,000326;0,000326;0,0411;0,175;1,86e-16;1,86e-16;0,0002344;0,00002682;0,00002682;0,00001582;0,00001582;0,00886;0,138;0,002362;0,002362;9,18;0,000126;5,666e-17;5,676e-17;0,0732;2,732e-16;2,728e-16;0,03106;0,03108;0,1512;0,001572;2,158e-15;2,156e-15
-40,83;17,3;0,00000174;0,0000369;5,12e-18;5,12e-18;0,00063;1,79e-16;1,79e-16;0,00113;0,00113;0,0643;0,275;3,44e-16;3,44e-16;0,0003672;0,0000924;0,0000924;0,00005446;0,00005446;0,01388;0,2165;0,00814;0,00814;16,14;0,0002004;1e-16;9,98e-17;0,1212;4,794e-16;4,816e-16;0,06528;0,06512;0,3126;0,002466;3,724e-15;3,722e-15
-40,78;25,7;0,00000208;0,0000442;9,25e-18;9,25e-18;0,000754;2,61e-16;2,61e-16;0,00296;0,00296;0,077;0,33;5,49e-16;5,49e-16;0,0004396;0,0002432;0,0002432;0,0001434;0,0001434;0,0166;0,2593;0,0214;0,0214;24;0,0002472;1,486e-16;1,49e-16;0,1608;7,166e-16;7,148e-16;0,1216;0,1216;0,573;0,002952;5,35e-15;5,34e-15
-40,73;33,6;0,0000019;0,0000404;1,47e-17;1,47e-17;0,000689;3,32e-16;3,32e-16;0,00594;0,00594;0,0703;0,302;7,77e-16;7,77e-16;0,0004014;0,000488;0,000488;0,0002887;0,0002887;0,01516;0,2371;0,043;0,043;31,38;0,0002412;1,942e-16;1,944e-16;0,1788;9,296e-16;9,32e-16;0,1986;0,1986;0,924;0,0027;6,662e-15;6,66e-15
-40,68;38,9;0,00000133;0,0000282;1,99e-17;1,99e-17;0,00048;3,75e-16;3,75e-16;0,00911;0,00911;0,049;0,211;9,65e-16;9,65e-16;0,0002798;0,000748;0,000748;0,0004412;0,0004412;0,01056;0,1655;0,066;0,066;36,3;0,0001914;2,248e-16;2,248e-16;0,174;1,076e-15;1,078e-15;0,2728;0,2726;1,254;0,001884;7,42e-15;7,4e-15
-40,63;38,8;7,05e-7;0,000015;2,18e-17;2,18e-17;0,000255;3,67e-16;3,67e-16;0,0107;0,0107;0,0261;0,112;1,01e-15;1,01e-15;0,0001488;0,000876;0,000876;0,0005164;0,0005164;0,005622;0,08822;0,0772;0,0772;36,18;0,000129;2,242e-16;2,242e-16;0,1494;1,07e-15;1,072e-15;0,302;0,302;1,386;0,001008;7,16e-15;7,16e-15
-40,58;31,9;2,86e-7;0,00000611;1,89e-17;1,89e-17;0,000104;2,98e-16;2,98e-16;0,00952;0,00952;0,0106;0,0456;8,51e-16;8,51e-16;0,00006044;0,000782;0,000782;0,0004602;0,0004602;0,002286;0,03586;0,069;0,069;29,76;0,0000768;1,844e-16;1,846e-16;0,1116;8,812e-16;8,82e-16;0,2628;0,2628;1,2;0,000411;5,772e-15;5,77e-15
-40,53;20,9;8,88e-8;0,0000019;1,27e-17;1,27e-17;0,0000321;1,94e-16;1,94e-16;0,00649;0,00649;0,00328;0,0142;5,65e-16;5,65e-16;0,00001878;0,000534;0,000534;0,0003144;0,0003144;0,0007086;0,01114;0,047;0,047;19,5;0,0000402;1,208e-16;1,21e-16;0,0696;5,78e-16;5,764e-16;0,1771;0,1768;0,81;0,000129;3,742e-15;3,74e-15
-40,48;10,7;2,1e-8;4,5e-7;6,57e-18;6,57e-18;0,0000076;9,9e-17;9,9e-17;0,00338;0,00338;0,000776;0,00336;2,9e-16;2,9e-16;0,000004442;0,0002772;0,0002772;0,0001634;0,0001634;0,0001676;0,002636;0,02442;0,02442;9,96;0,00001806;6,16e-17;6,18e-17;0,03456;2,942e-16;2,944e-16;0,0917;0,09164;0,4182;0,00003132;1,9e-15;1,9e-15
-40,43;4,2;3,79e-9;8,14e-8;2,6e-18;2,6e-18;0,00000137;3,89e-17;3,89e-17;0,00134;0,00134;0,00014;0,000607;1,15e-16;1,15e-16;8,014e-7;0,00011;0,00011;0,00006502;0,00006502;0,00003026;0,0004758;0,0097;0,0097;3,924;0,00000666;2,43e-17;2,432e-17;0,01344;1,158e-16;1,158e-16;0,03628;0,03632;0,1656;0,000005964;7,48e-16;7,46e-16
-40,38;1,27;5,23e-10;1,12e-8;7,87e-19;7,87e-19;1,89e-7;1,17e-17;1,17e-17;0,000406;0,000406;0,0000193;0,0000838;3,47e-17;3,47e-17;1,106e-7;0,00003336;0,00003336;0,00001967;0,00001967;0,00000417;0,0000657;0,002942;0,002942;1,182;0,00000195;7,36e-18;7,34e-18;0,004032;3,498e-17;3,498e-17;0,01097;0,01098;0,05016;9,18e-7;2,254e-16;2,252e-16
-40,33;0,293;5,5e-11;1,18e-9;1,82e-19;1,82e-19;1,99e-8;2,71e-18;2,71e-18;0,0000941;0,0000941;0,00000203;0,00000883;8,02e-18;8,02e-18;1,164e-8;0,00000772;0,00000772;0,000004554;0,000004554;4,388e-7;0,000006946;0,00068;0,00068;0,2736;4,434e-7;1,694e-18;1,696e-18;0,00093;8,094e-18;8,1e-18;0,00254;0,00254;0,01158;1,176e-7;5,204e-17;5,204e-17
-40,28;0,0517;4,42e-12;9,52e-11;3,21e-20;3,21e-20;1,6e-9;4,78e-19;4,78e-19;0,0000166;0,0000166;1,63e-7;7,11e-7;1,42e-18;1,42e-18;9,38e-10;0,000001364;0,000001364;8,05e-7;8,05e-7;3,526e-8;5,578e-7;0,0001202;0,0001202;0,0483;7,8e-8;2,994e-19;2,992e-19;0,0001638;1,428e-18;1,426e-18;0,0004466;0,000448;0,002046;1,326e-8;9,18e-18;9,18e-18
-40,23;0,00696;2,71e-13;5,85e-12;4,33e-21;4,33e-21;9,81e-11;6,44e-20;6,44e-20;0,00000224;0,00000224;1e-8;4,36e-8;1,91e-19;1,91e-19;5,75e-11;1,838e-7;1,838e-7;1,085e-7;1,085e-7;2,162e-9;3,429e-8;0,0000162;0,0000162;0,00648;1,044e-8;4,034e-20;4,032e-20;0,00002202;1,92e-19;1,922e-19;0,00006026;0,0000604;0,000276;1,326e-9;1,238e-18;1,238e-18
-40,18;0,000716;1,27e-14;2,74e-13;4,46e-22;4,46e-22;4,59e-12;6,63e-21;6,63e-21;2,3e-7;2,3e-7;4,69e-10;2,05e-9;1,96e-20;1,96e-20;2,688e-12;1,892e-8;1,892e-8;1,115e-8;1,115e-8;1,012e-10;1,608e-9;0,000001666;0,000001666;0,000672;1,074e-9;4,148e-21;4,15e-21;0,000002268;1,978e-20;1,976e-20;0,00000624;0,000006212;0,00002844;1,146e-10;1,27e-19;1,274e-19
-40,13;0,0000563;4,53e-16;9,82e-15;3,5e-23;3,5e-23;1,64e-13;5,21e-22;5,21e-22;1,81e-8;1,81e-8;1,68e-11;7,33e-11;1,54e-21;1,54e-21;9,64e-14;1,486e-9;1,486e-9;8,758e-10;8,758e-10;3,618e-12;5,746e-11;1,31e-7;1,31e-7;0,00005256;8,4e-11;3,258e-22;3,258e-22;1,782e-7;1,552e-21;1,552e-21;4,896e-7;4,884e-7;0,000002232;8,22e-12;9,98e-21;1e-20
-40,08;0,00000337;1,24e-17;2,69e-16;2,1e-24;2,1e-24;4,49e-15;3,12e-23;3,12e-23;1,09e-9;1,09e-9;4,58e-13;2e-12;9,25e-23;9,25e-23;2,628e-15;8,9e-11;8,9e-11;5,258e-11;5,258e-11;9,9e-14;1,576e-12;7,86e-9;7,86e-9;0,00000315;5,046e-12;1,956e-23;1,954e-23;1,068e-8;9,32e-23;9,32e-23;2,93e-8;2,93e-8;1,338e-7;4,716e-13;5,984e-22;6,006e-22
-40,03;1,54e-7;1,98e-21;5e-20;9,61e-26;9,61e-26;8,42e-19;1,43e-24;1,43e-24;4,97e-11;4,97e-11;8,62e-17;3,71e-16;4,23e-24;4,23e-24;4,838e-19;4,07e-12;4,07e-12;2,396e-12;2,396e-12;1,834e-17;2,876e-16;3,594e-10;3,594e-10;1,44e-7;2,31e-13;8,96e-25;8,92e-25;4,884e-10;4,256e-24;4,268e-24;1,339e-9;1,342e-9;6,12e-9;2,076e-14;2,74e-23;2,74e-23
-39,98;5,39e-9;6,93e-23;1,75e-21;3,36e-27;3,36e-27;2,94e-20;4,99e-26;4,99e-26;1,74e-12;1,74e-12;3,01e-18;1,3e-17;1,48e-25;1,48e-25;1,688e-20;1,424e-13;1,424e-13;8,404e-14;8,404e-14;6,408e-19;1,005e-17;1,256e-11;1,256e-11;5,04e-9;8,04e-15;3,126e-26;3,126e-26;1,704e-11;1,488e-25;1,488e-25;4,68e-11;4,68e-11;2,136e-10;7,26e-16;9,56e-25;9,58e-25
-39,93;1,44e-10;1,85e-24;4,66e-23;8,95e-29;8,95e-29;7,85e-22;1,33e-27;1,33e-27;4,63e-14;4,63e-14;8,04e-20;3,46e-19;3,94e-27;3,94e-27;4,496e-22;3,794e-15;3,794e-15;2,24e-15;2,24e-15;1,708e-20;2,678e-19;3,348e-13;3,348e-13;1,344e-10;2,148e-16;8,32e-28;8,34e-28;4,548e-13;3,962e-27;3,964e-27;1,248e-12;1,248e-12;5,7e-12;1,932e-17;2,552e-26;2,554e-26
-39,88;0;0;0;0;0;0;0;0;0;0;0;0;0;0;0;0;0;0;0;0;0;0;0;0;0;0;0;0;0;0;0;0;0;0;0;0
-39,83;0;0;0;0;0;0;0;0;0;0;0;0;0;0;0;0;0;0;0;0;0;0;0;0;0;0;0;0;0;0;0;0;0;0;0;0
-39,78;0;0;0;0;0;0;0;0;0;0;0;0;0;0;0;0;0;0;0;0;0;0;0;0;0;0;0;0;0;0;0;0;0;0;0;0
-39,73;0;0;0;0;0;0;0;0;0;0;0;0;0;0;0;0;0;0;0;0;0;0;0;0;0;0;0;0;0;0;0;0;0;0;0;0
-39,68;0;0;0;0;0;0;0;0;0;0;0;0;0;0;0;0;0;0;0;0;0;0;0;0;0;0;0;0;0;0;0;0;0;0;0;0
-39,63;0;0;0;0;0;0;0;0;0;0;0;0;0;0;0;0;0;0;0;0;0;0;0;0;0;0;0;0;0;0;0;0;0;0;0;0
-39,58;0;0;0;0;0;0;0;0;0;0;0;0;0;0;0;0;0;0;0;0;0;0;0;0;0;0;0;0;0;0;0;0;0;0;0;0
-39,53;0;0;0;0;0;0;0;0;0;0;0;0;0;0;0;0;0;0;0;0;0;0;0;0;0;0;0;0;0;0;0;0;0;0;0;0
-39,48;0;0;0;0;0;0;0;0;0;0;0;0;0;0;0;0;0;0;0;0;0;0;0;0;0;0;0;0;0;0;0;0;0;0;0;0
-39,43;0;0;0;0;0;0;0;0;0;0;0;0;0;0;0;0;0;0;0;0;0;0;0;0;0;0;0;0;0;0;0;0;0;0;0;0
-39,38;0;0;0;0;0;0;0;0;0;0;0;0;0;0;0;0;0;0;0;0;0;0;0;0;0;0;0;0;0;0;0;0;0;0;0;0
-39,33;0;0;0;0;0;0;0;0;0;0;0;0;0;0;0;0;0;0;0;0;0;0;0;0;0;0;0;0;0;0;0;0;0;0;0;0
-39,28;0;0;0;0;0;0;0;0;0;0;0;0;0;0;0;0;0;0;0;0;0;0;0;0;0;0;0;0;0;0;0;0;0;0;0;0
-39,23;0;0;0;0;0;0;0;0;0;0;0;0;0;0;0;0;0;0;0;0;0;0;0;0;0;0;0;0;0;0;0;0;0;0;0;0
-39,18;0;0;0;0;0;0;0;0;0;0;0;0;0;0;0;0;0;0;0;0;0;0;0;0;0;0;0;0;0;0;0;0;0;0;0;0
-39,13;0;0;0;0;0;0;0;0;0;0;0;0;0;0;0;0;0;0;0;0;0;0;0;0;0;0;0;0;0;0;0;0;0;0;0;0
-39,08;0;0;0;0;0;0;0;0;0;0;0;0;0;0;0;0;0;0;0;0;0;0;0;0;0;0;0;0;0;0;0;0;0;0;0;0
-39,03;0;0;0;0;0;0;0;0;0;0;0;0;0;0;0;0;0;0;0;0;0;0;0;0;0;0;0;0;0;0;0;0;0;0;0;0
-38,98;0;0;0;0;0;0;0;0;0;0;0;0;0;0;0;0;0;0;0;0;0;0;0;0;0;0;0;0;0;0;0;0;0;0;0;0
-38,93;0;0;0;0;0;0;0;0;0;0;0;0;0;0;0;0;0;0;0;0;0;0;0;0;0;0;0;0;0;0;0;0;0;0;0;0
-38,88;0;0;0;0;0;0;0;0;0;0;0;0;0;0;0;0;0;0;0;0;0;0;0;0;0;0;0;0;0;0;0;0;0;0;0;0
-38,83;0;0;0;0;0;0;0;0;0;0;0;0;0;0;0;0;0;0;0;0;0;0;0;0;0;0;0;0;0;0;0;0;0;0;0;0
-38,78;0;0;0;0;0;0;0;0;0;0;0;0;0;0;0;0;0;0;0;0;0;0;0;0;0;0;0;0;0;0;0;0;0;0;0;0
-38,73;0;0;0;0;0;0;0;0;0;0;0;0;0;0;0;0;0;0;0;0;0;0;0;0;0;0;0;0;0;0;0;0;0;0;0;0
-38,68;0;0;0;0;0;0;0;0;0;0;0;0;0;0;0;0;0;0;0;0;0;0;0;0;0;0;0;0;0;0;0;0;0;0;0;0
-38,63;0;0;0;0;0;0;0;0;0;0;0;0;0;0;0;0;0;0;0;0;0;0;0;0;0;0;0;0;0;0;0;0;0;0;0;0
-38,58;0;0;0;0;0;0;0;0;0;0;0;0;0;0;0;0;0;0;0;0;0;0;0;0;0;0;0;0;0;0;0;0;0;0;0;0
-38,53;0;0;0;0;0;0;0;0;0;0;0;0;0;0;0;0;0;0;0;0;0;0;0;0;0;0;0;0;0;0;0;0;0;0;0;0
-38,48;0;0;0;0;0;0;0;0;0;0;0;0;0;0;0;0;0;0;0;0;0;0;0;0;0;0;0;0;0;0;0;0;0;0;0;0
-38,43;0;0;0;0;0;0;0;0;0;0;0;0;0;0;0;0;0;0;0;0;0;0;0;0;0;0;0;0;0;0;0;0;0;0;0;0
-38,38;0;0;0;0;0;0;0;0;0;0;0;0;0;0;0;0;0;0;0;0;0;0;0;0;0;0;0;0;0;0;0;0;0;0;0;0
-38,33;0;0;0;0;0;0;0;0;0;0;0;0;0;0;0;0;0;0;0;0;0;0;0;0;0;0;0;0;0;0;0;0;0;0;0;0
-38,28;0;0;0;0;0;0;0;0;0;0;0;0;0;0;0;0;0;0;0;0;0;0;0;0;0;0;0;0;0;0;0;0;0;0;0;0
-38,23;0;0;0;0;0;0;0;0;0;0;0;0;0;0;0;0;0;0;0;0;0;0;0;0;0;0;0;0;0;0;0;0;0;0;0;0
-38,18;0;0;0;0;0;0;0;0;0;0;0;0;0;0;0;0;0;0;0;0;0;0;0;0;0;0;0;0;0;0;0;0;0;0;0;0
-38,13;0;0;0;0;0;0;0;0;0;0;0;0;0;0;0;0;0;0;0;0;0;0;0;0;0;0;0;0;0;0;0;0;0;0;0;0
-38,08;0;0;0;0;0;0;0;0;0;0;0;0;0;0;0;0;0;0;0;0;0;0;0;0;0;0;0;0;0;0;0;0;0;0;0;0
-38,03;0;0;0;0;0;0;0;0;0;0;0;0;0;0;0;0;0;0;0;0;0;0;0;0;0;0;0;0;0;0;0;0;0;0;0;0
-37,98;0;0;0;0;0;0;0;0;0;0;0;0;0;0;0;0;0;0;0;0;0;0;0;0;0;0;0;0;0;0;0;0;0;0;0;0
-37,93;0;0;0;0;0;0;0;0;0;0;0;0;0;0;0;0;0;0;0;0;0;0;0;0;0;0;0;0;0;0;0;0;0;0;0;0
-37,88;0;0;0;0;0;0;0;0;0;0;0;0;0;0;0;0;0;0;0;0;0;0;0;0;0;0;0;0;0;0;0;0;0;0;0;0
-37,83;0;0;0;0;0;0;0;0;0;0;0;0;0;0;0;0;0;0;0;0;0;0;0;0;0;0;0;0;0;0;0;0;0;0;0;0
-37,78;0;0;0;0;0;0;0;0;0;0;0;0;0;0;0;0;0;0;0;0;0;0;0;0;0;0;0;0;0;0;0;0;0;0;0;0
-37,73;0;0;0;0;0;0;0;0;0;0;0;0;0;0;0;0;0;0;0;0;0;0;0;0;0;0;0;0;0;0;0;0;0;0;0;0
-37,68;0;0;0;0;0;0;0;0;0;0;0;0;0;0;0;0;0;0;0;0;0;0;0;0;0;0;0;0;0;0;0;0;0;0;0;0
-37,63;0;0;0;0;0;0;0;0;0;0;0;0;0;0;0;0;0;0;0;0;0;0;0;0;0;0;0;0;0;0;0;0;0;0;0;0
-37,58;0;0;0;0;0;0;0;0;0;0;0;0;0;0;0;0;0;0;0;0;0;0;0;0;0;0;0;0;0;0;0;0;0;0;0;0
-37,53;0;0;0;0;0;0;0;0;0;0;0;0;0;0;0;0;0;0;0;0;0;0;0;0;0;0;0;0;0;0;0;0;0;0;0;0
-37,48;0;0;0;0;0;0;0;0;0;0;0;0;0;0;0;0;0;0;0;0;0;0;0;0;0;0;0;0;0;0;0;0;0;0;0;0
-37,43;0;0;0;0;0;0;0;0;0;0;0;0;0;0;0;0;0;0;0;0;0;0;0;0;0;0;0;0;0;0;0;0;0;0;0;0
-37,38;0;0;0;0;0;0;0;0;0;0;0;0;0;0;0;0;0;0;0;0;0;0;0;0;0;0;0;0;0;0;0;0;0;0;0;0
-37,33;0;0;0;0;0;0;0;0;0;0;0;0;0;0;0;0;0;0;0;0;0;0;0;0;0;0;0;0;0;0;0;0;0;0;0;0
-37,28;0;0;0;0;0;0;0;0;0;0;0;0;0;0;0;0;0;0;0;0;0;0;0;0;0;0;0;0;0;0;0;0;0;0;0;0
-37,23;0;0;0;0;0;0;0;0;0;0;0;0;0;0;0;0;0;0;0;0;0;0;0;0;0;0;0;0;0;0;0;0;0;0;0;0
-37,18;0;0;0;0;0;0;0;0;0;0;0;0;0;0;0;0;0;0;0;0;0;0;0;0;0;0;0;0;0;0;0;0;0;0;0;0
-37,13;0;0;0;0;0;0;0;0;0;0;0;0;0;0;0;0;0;0;0;0;0;0;0;0;0;0;0;0;0;0;0;0;0;0;0;0
-37,08;0;0;0;0;0;0;0;0;0;0;0;0;0;0;0;0;0;0;0;0;0;0;0;0;0;0;0;0;0;0;0;0;0;0;0;0
-37,03;0;0;0;0;0;0;0;0;0;0;0;0;0;0;0;0;0;0;0;0;0;0;0;0;0;0;0;0;0;0;0;0;0;0;0;0
-36,98;0;0;0;0;0;0;0;0;0;0;0;0;0;0;0;0;0;0;0;0;0;0;0;0;0;0;0;0;0;0;0;0;0;0;0;0
-36,93;0;0;0;0;0;0;0;0;0;0;0;0;0;0;0;0;0;0;0;0;0;0;0;0;0;0;0;0;0;0;0;0;0;0;0;0
-36,88;0;0;0;0;0;0;0;0;0;0;0;0;0;0;0;0;0;0;0;0;0;0;0;0;0;0;0;0;0;0;0;0;0;0;0;0
-36,83;0;0;0;0;0;0;0;0;0;0;0;0;0;0;0;0;0;0;0;0;0;0;0;0;0;0;0;0;0;0;0;0;0;0;0;0
-36,78;0;0;0;0;0;0;0;0;0;0;0;0;0;0;0;0;0;0;0;0;0;0;0;0;0;0;0;0;0;0;0;0;0;0;0;0
-36,73;0;0;0;0;0;0;0;0;0;0;0;0;0;0;0;0;0;0;0;0;0;0;0;0;0;0;0;0;0;0;0;0;0;0;0;0
-36,68;0;0;0;0;0;0;0;0;0;0;0;0;0;0;0;0;0;0;0;0;0;0;0;0;0;0;0;0;0;0;0;0;0;0;0;0
-36,63;0;0;0;0;0;0;0;0;0;0;0;0;0;0;0;0;0;0;0;0;0;0;0;0;0;0;0;0;0;0;0;0;0;0;0;0
-36,58;0;0;0;0;0;0;0;0;0;0;0;0;0;0;0;0;0;0;0;0;0;0;0;0;0;0;0;0;0;0;0;0;0;0;0;0
-36,53;0;0;0;0;0;0;0;0;0;0;0;0;0;0;0;0;0;0;0;0;0;0;0;0;0;0;0;0;0;0;0;0;0;0;0;0
-36,48;0;0;0;0;0;0;0;0;0;0;0;0;0;0;0;0;0;0;0;0;0;0;0;0;0;0;0;0;0;0;0;0;0;0;0;0
-36,43;0;0;0;0;0;0;0;0;0;0;0;0;0;0;0;0;0;0;0;0;0;0;0;0;0;0;0;0;0;0;0;0;0;0;0;0
-36,38;0;0;0;0;0;0;0;0;0;0;0;0;0;0;0;0;0;0;0;0;0;0;0;0;0;0;0;0;0;0;0;0;0;0;0;0
-36,33;0;0;0;0;0;0;0;0;0;0;0;0;0;0;0;0;0;0;0;0;0;0;0;0;0;0;0;0;0;0;0;0;0;0;0;0
-36,28;0;0;0;0;0;0;0;0;0;0;0;0;0;0;0;0;0;0;0;0;0;0;0;0;0;0;0;0;0;0;0;0;0;0;0;0
-36,23;0;0;0;0;0;0;0;0;0;0;0;0;0;0;0;0;0;0;0;0;0;0;0;0;0;0;0;0;0;0;0;0;0;0;0;0
-36,18;0;0;0;0;0;0;0;0;0;0;0;0;0;0;0;0;0;0;0;0;0;0;0;0;0;0;0;0;0;0;0;0;0;0;0;0
-36,13;0;0;0;0;0;0;0;0;0;0;0;0;0;0;0;0;0;0;0;0;0;0;0;0;0;0;0;0;0;0;0;0;0;0;0;0
-36,08;0;0;0;0;0;0;0;0;0;0;0;0;0;0;0;0;0;0;0;0;0;0;0;0;0;0;0;0;0;0;0;0;0;0;0;0
-36,03;0;0;0;0;0;0;0;0;0;0;0;0;0;0;0;0;0;0;0;0;0;0;0;0;0;0;0;0;0;0;0;0;0;0;0;0
-35,98;0;0;0;0;0;0;0;0;0;0;0;0;0;0;0;0;0;0;0;0;0;0;0;0;0;0;0;0;0;0;0;0;0;0;0;0
-35,93;0;0;0;0;0;0;0;0;0;0;0;0;0;0;0;0;0;0;0;0;0;0;0;0;0;0;0;0;0;0;0;0;0;0;0;0
-35,88;0;0;0;0;0;0;0;0;0;0;0;0;0;0;0;0;0;0;0;0;0;0;0;0;0;0;0;0;0;0;0;0;0;0;0;0
-35,83;0;0;0;0;0;0;0;0;0;0;0;0;0;0;0;0;0;0;0;0;0;0;0;0;0;0;0;0;0;0;0;0;0;0;0;0
-35,78;0;0;0;0;0;0;0;0;0;0;0;0;0;0;0;0;0;0;0;0;0;0;0;0;0;0;0;0;0;0;0;0;0;0;0;0
-35,73;0;0;0;0;0;0;0;0;0;0;0;0;0;0;0;0;0;0;0;0;0;0;0;0;0;0;0;0;0;0;0;0;0;0;0;0
-35,68;0;0;0;0;0;0;0;0;0;0;0;0;0;0;0;0;0;0;0;0;0;0;0;0;0;0;0;0;0;0;0;0;0;0;0;0
-35,63;0;0;0;0;0;0;0;0;0;0;0;0;0;0;0;0;0;0;0;0;0;0;0;0;0;0;0;0;0;0;0;0;0;0;0;0
-35,58;0;0;0;0;0;0;0;0;0;0;0;0;0;0;0;0;0;0;0;0;0;0;0;0;0;0;0;0;0;0;0;0;0;0;0;0
-35,53;0;0;0;0;0;0;0;0;0;0;0;0;0;0;0;0;0;0;0;0;0;0;0;0;0;0;0;0;0;0;0;0;0;0;0;0
-35,48;0;0;0;0;0;0;0;0;0;0;0;0;0;0;0;0;0;0;0;0;0;0;0;0;0;0;0;0;0;0;0;0;0;0;0;0
-35,43;0;0;0;0;0;0;0;0;0;0;0;0;0;0;0;0;0;0;0;0;0;0;0;0;0;0;0;0;0;0;0;0;0;0;0;0
-35,38;0;0;0;0;0;0;0;0;0;0;0;0;0;0;0;0;0;0;0;0;0;0;0;0;0;0;0;0;0;0;0;0;0;0;0;0
-35,33;0;0;0;0;0;0;0;0;0;0;0;0;0;0;0;0;0;0;0;0;0;0;0;0;0;0;0;0;0;0;0;0;0;0;0;0
-35,28;0;0;0;0;0;0;0;0;0;0;0;0;0;0;0;0;0;0;0;0;0;0;0;0;0;0;0;0;0;0;0;0;0;0;0;0
-35,23;0;0;0;0;0;0;0;0;0;0;0;0;0;0;0;0;0;0;0;0;0;0;0;0;0;0;0;0;0;0;0;0;0;0;0;0
-35,18;0;0;0;0;0;0;0;0;0;0;0;0;0;0;0;0;0;0;0;0;0;0;0;0;0;0;0;0;0;0;0;0;0;0;0;0
-35,13;0;0;0;0;0;0;0;0;0;0;0;0;0;0;0;0;0;0;0;0;0;0;0;0;0;0;0;0;0;0;0;0;0;0;0;0
-35,08;0;0;0;0;0;0;0;0;0;0;0;0;0;0;0;0;0;0;0;0;0;0;0;0;0;0;0;0;0;0;0;0;0;0;0;0
-35,03;0;0;0;0;0;0;0;0;0;0;0;0;0;0;0;0;0;0;0;0;0;0;0;0;0;0;0;0;0;0;0;0;0;0;0;0
-34,98;0;0;0;0;0;0;0;0;0;0;0;0;0;0;0;0;0;0;0;0;0;0;0;0;0;0;0;0;0;0;0;0;0;0;0;0
-34,93;0;0;0;0;0;0;0;0;0;0;0;0;0;0;0;0;0;0;0;0;0;0;0;0;0;0;0;0;0;0;0;0;0;0;0;0
-34,88;0;0;0;0;0;0;0;0;0;0;0;0;0;0;0;0;0;0;0;0;0;0;0;0;0;0;0;0;0;0;0;0;0;0;0;0
-34,83;0;0;0;0;0;0;0;0;0;0;0;0;0;0;0;0;0;0;0;0;0;0;0;0;0;0;0;0;0;0;0;0;0;0;0;0
-34,78;0;0;0;0;0;0;0;0;0;0;0;0;0;0;0;0;0;0;0;0;0;0;0;0;0;0;0;0;0;0;0;0;0;0;0;0
-34,73;0;0;0;0;0;0;0;0;0;0;0;0;0;0;0;0;0;0;0;0;0;0;0;0;0;0;0;0;0;0;0;0;0;0;0;0
-34,68;0;0;0;0;0;0;0;0;0;0;0;0;0;0;0;0;0;0;0;0;0;0;0;0;0;0;0;0;0;0;0;0;0;0;0;0
-34,63;0;0;0;0;0;0;0;0;0;0;0;0;0;0;0;0;0;0;0;0;0;0;0;0;0;0;0;0;0;0;0;0;0;0;0;0
-34,58;0;0;0;0;0;0;0;0;0;0;0;0;0;0;0;0;0;0;0;0;0;0;0;0;0;0;0;0;0;0;0;0;0;0;0;0
-34,53;0;0;0;0;0;0;0;0;0;0;0;0;0;0;0;0;0;0;0;0;0;0;0;0;0;0;0;0;0;0;0;0;0;0;0;0
-34,48;0;0;0;0;0;0;0;0;0;0;0;0;0;0;0;0;0;0;0;0;0;0;0;0;0;0;0;0;0;0;0;0;0;0;0;0
-34,43;0;0;0;0;0;0;0;0;0;0;0;0;0;0;0;0;0;0;0;0;0;0;0;0;0;0;0;0;0;0;0;0;0;0;0;0
-34,38;0;0;0;0;0;0;0;0;0;0;0;0;0;0;0;0;0;0;0;0;0;0;0;0;0;0;0;0;0;0;0;0;0;0;0;0
-34,33;0;0;0;0;0;0;0;0;0;0;0;0;0;0;0;0;0;0;0;0;0;0;0;0;0;0;0;0;0;0;0;0;0;0;0;0
-34,28;0;0;0;0;0;0;0;0;0;0;0;0;0;0;0;0;0;0;0;0;0;0;0;0;0;0;0;0;0;0;0;0;0;0;0;0
-34,23;0;0;0;0;0;0;0;0;0;0;0;0;0;0;0;0;0;0;0;0;0;0;0;0;0;0;0;0;0;0;0;0;0;0;0;0
-34,18;0;0;0;0;0;0;0;0;0;0;0;0;0;0;0;0;0;0;0;0;0;0;0;0;0;0;0;0;0;0;0;0;0;0;0;0
-34,13;0;0;0;0;0;0;0;0;0;0;0;0;0;0;0;0;0;0;0;0;0;0;0;0;0;0;0;0;0;0;0;0;0;0;0;0
-34,08;0;0;0;0;0;0;0;0;0;0;0;0;0;0;0;0;0;0;0;0;0;0;0;0;0;0;0;0;0;0;0;0;0;0;0;0
-34,03;0;0;0;0;0;0;0;0;0;0;0;0;0;0;0;0;0;0;0;0;0;0;0;0;0;0;0;0;0;0;0;0;0;0;0;0
-33,98;0;0;0;0;0;0;0;0;0;0;0;0;0;0;0;0;0;0;0;0;0;0;0;0;0;0;0;0;0;0;0;0;0;0;0;0
-33,93;0;0;0;0;0;0;0;0;0;0;0;0;0;0;0;0;0;0;0;0;0;0;0;0;0;0;0;0;0;0;0;0;0;0;0;0
-33,88;0;0;0;0;0;0;0;0;0;0;0;0;0;0;0;0;0;0;0;0;0;0;0;0;0;0;0;0;0;0;0;0;0;0;0;0
-33,83;0;0;0;0;0;0;0;0;0;0;0;0;0;0;0;0;0;0;0;0;0;0;0;0;0;0;0;0;0;0;0;0;0;0;0;0
-33,78;0;0;0;0;0;0;0;0;0;0;0;0;0;0;0;0;0;0;0;0;0;0;0;0;0;0;0;0;0;0;0;0;0;0;0;0
-33,73;0;0;0;0;0;0;0;0;0;0;0;0;0;0;0;0;0;0;0;0;0;0;0;0;0;0;0;0;0;0;0;0;0;0;0;0
-33,68;0;0;0;0;0;0;0;0;0;0;0;0;0;0;0;0;0;0;0;0;0;0;0;0;0;0;0;0;0;0;0;0;0;0;0;0
-33,63;0;0;0;0;0;0;0;0;0;0;0;0;0;0;0;0;0;0;0;0;0;0;0;0;0;0;0;0;0;0;0;0;0;0;0;0
-33,58;0;0;0;0;0;0;0;0;0;0;0;0;0;0;0;0;0;0;0;0;0;0;0;0;0;0;0;0;0;0;0;0;0;0;0;0
-33,53;0;0;0;0;0;0;0;0;0;0;0;0;0;0;0;0;0;0;0;0;0;0;0;0;0;0;0;0;0;0;0;0;0;0;0;0
-33,48;0;0;0;0;0;0;0;0;0;0;0;0;0;0;0;0;0;0;0;0;0;0;0;0;0;0;0;0;0;0;0;0;0;0;0;0
-33,43;0;0;0;0;0;0;0;0;0;0;0;0;0;0;0;0;0;0;0;0;0;0;0;0;0;0;0;0;0;0;0;0;0;0;0;0
-33,38;0;0;0;0;0;0;0;0;0;0;0;0;0;0;0;0;0;0;0;0;0;0;0;0;0;0;0;0;0;0;0;0;0;0;0;0
-33,33;0;0;0;0;0;0;0;0;0;0;0;0;0;0;0;0;0;0;0;0;0;0;0;0;0;0;0;0;0;0;0;0;0;0;0;0
-33,28;0;0;0;0;0;0;0;0;0;0;0;0;0;0;0;0;0;0;0;0;0;0;0;0;0;0;0;0;0;0;0;0;0;0;0;0
-33,23;0;0;0;0;0;0;0;0;0;0;0;0;0;0;0;0;0;0;0;0;0;0;0;0;0;0;0;0;0;0;0;0;0;0;0;0
-33,18;0;0;0;0;0;0;0;0;0;0;0;0;0;0;0;0;0;0;0;0;0;0;0;0;0;0;0;0;0;0;0;0;0;0;0;0
-33,13;0;0;0;0;0;0;0;0;0;0;0;0;0;0;0;0;0;0;0;0;0;0;0;0;0;0;0;0;0;0;0;0;0;0;0;0
-33,08;0;0;0;0;0;0;0;0;0;0;0;0;0;0;0;0;0;0;0;0;0;0;0;0;0;0;0;0;0;0;0;0;0;0;0;0
-33,03;0;0;0;0;0;0;0;0;0;0;0;0;0;0;0;0;0;0;0;0;0;0;0;0;0;0;0;0;0;0;0;0;0;0;0;0
-32,98;0;0;0;0;0;0;0;0;0;0;0;0;0;0;0;0;0;0;0;0;0;0;0;0;0;0;0;0;0;0;0;0;0;0;0;0
-32,93;0;0;0;0;0;0;0;0;0;0;0;0;0;0;0;0;0;0;0;0;0;0;0;0;0;0;0;0;0;0;0;0;0;0;0;0
-32,88;0;0;0;0;0;0;0;0;0;0;0;0;0;0;0;0;0;0;0;0;0;0;0;0;0;0;0;0;0;0;0;0;0;0;0;0
-32,83;0;0;0;0;0;0;0;0;0;0;0;0;0;0;0;0;0;0;0;0;0;0;0;0;0;0;0;0;0;0;0;0;0;0;0;0
-32,78;0;0;0;0;0;0;0;0;0;0;0;0;0;0;0;0;0;0;0;0;0;0;0;0;0;0;0;0;0;0;0;0;0;0;0;0
-32,73;0;0;0;0;0;0;0;0;0;0;0;0;0;0;0;0;0;0;0;0;0;0;0;0;0;0;0;0;0;0;0;0;0;0;0;0
-32,68;0;0;0;0;0;0;0;0;0;0;0;0;0;0;0;0;0;0;0;0;0;0;0;0;0;0;0;0;0;0;0;0;0;0;0;0
-32,63;0;0;0;0;0;0;0;0;0;0;0;0;0;0;0;0;0;0;0;0;0;0;0;0;0;0;0;0;0;0;0;0;0;0;0;0
-32,58;0;0;0;0;0;0;0;0;0;0;0;0;0;0;0;0;0;0;0;0;0;0;0;0;0;0;0;0;0;0;0;0;0;0;0;0
-32,53;0;0;0;0;0;0;0;0;0;0;0;0;0;0;0;0;0;0;0;0;0;0;0;0;0;0;0;0;0;0;0;0;0;0;0;0
-32,48;0;0;0;0;0;0;0;0;0;0;0;0;0;0;0;0;0;0;0;0;0;0;0;0;0;0;0;0;0;0;0;0;0;0;0;0
-32,43;0;0;0;0;0;0;0;0;0;0;0;0;0;0;0;0;0;0;0;0;0;0;0;0;0;0;0;0;0;0;0;0;0;0;0;0
-32,38;0;0;0;0;0;0;0;0;0;0;0;0;0;0;0;0;0;0;0;0;0;0;0;0;0;0;0;0;0;0;0;0;0;0;0;0
-32,33;0;0;0;0;0;0;0;0;0;0;0;0;0;0;0;0;0;0;0;0;0;0;0;0;0;0;0;0;0;0;0;0;0;0;0;0
-32,28;0;0;0;0;0;0;0;0;0;0;0;0;0;0;0;0;0;0;0;0;0;0;0;0;0;0;0;0;0;0;0;0;0;0;0;0
-32,23;0;0;0;0;0;0;0;0;0;0;0;0;0;0;0;0;0;0;0;0;0;0;0;0;0;0;0;0;0;0;0;0;0;0;0;0
-32,18;0;0;0;0;0;0;0;0;0;0;0;0;0;0;0;0;0;0;0;0;0;0;0;0;0;0;0;0;0;0;0;0;0;0;0;0
-32,13;0;0;0;0;0;0;0;0;0;0;0;0;0;0;0;0;0;0;0;0;0;0;0;0;0;0;0;0;0;0;0;0;0;0;0;0
-32,08;0;0;0;0;0;0;0;0;0;0;0;0;0;0;0;0;0;0;0;0;0;0;0;0;0;0;0;0;0;0;0;0;0;0;0;0
-32,03;0;0;0;0;0;0;0;0;0;0;0;0;0;0;0;0;0;0;0;0;0;0;0;0;0;0;0;0;0;0;0;0;0;0;0;0
-31,98;0;0;0;0;0;0;0;0;0;0;0;0;0;0;0;0;0;0;0;0;0;0;0;0;0;0;0;0;0;0;0;0;0;0;0;0
-31,93;0;0;0;0;0;0;0;0;0;0;0;0;0;0;0;0;0;0;0;0;0;0;0;0;0;0;0;0;0;0;0;0;0;0;0;0
-31,88;0;0;0;0;0;0;0;0;0;0;0;0;0;0;0;0;0;0;0;0;0;0;0;0;0;0;0;0;0;0;0;0;0;0;0;0
-31,83;0;0;0;0;0;0;0;0;0;0;0;0;0;0;0;0;0;0;0;0;0;0;0;0;0;0;0;0;0;0;0;0;0;0;0;0
-31,78;0;0;0;0;0;0;0;0;0;0;0;0;0;0;0;0;0;0;0;0;0;0;0;0;0;0;0;0;0;0;0;0;0;0;0;0
-31,73;0;0;0;0;0;0;0;0;0;0;0;0;0;0;0;0;0;0;0;0;0;0;0;0;0;0;0;0;0;0;0;0;0;0;0;0
-31,68;0;0;0;0;0;0;0;0;0;0;0;0;0;0;0;0;0;0;0;0;0;0;0;0;0;0;0;0;0;0;0;0;0;0;0;0
-31,63;0;0;0;0;0;0;0;0;0;0;0;0;0;0;0;0;0;0;0;0;0;0;0;0;0;0;0;0;0;0;0;0;0;0;0;0
-31,58;0;0;0;0;0;0;0;0;0;0;0;0;0;0;0;0;0;0;0;0;0;0;0;0;0;0;0;0;0;0;0;0;0;0;0;0
-31,53;0;0;0;0;0;0;0;0;0;0;0;0;0;0;0;0;0;0;0;0;0;0;0;0;0;0;0;0;0;0;0;0;0;0;0;0
-31,48;0;0;0;0;0;0;0;0;0;0;0;0;0;0;0;0;0;0;0;0;0;0;0;0;0;0;0;0;0;0;0;0;0;0;0;0
-31,43;0;0;0;0;0;0;0;0;0;0;0;0;0;0;0;0;0;0;0;0;0;0;0;0;0;0;0;0;0;0;0;0;0;0;0;0
-31,38;0;0;0;0;0;0;0;0;0;0;0;0;0;0;0;0;0;0;0;0;0;0;0;0;0;0;0;0;0;0;0;0;0;0;0;0
-31,33;0;0;0;0;0;0;0;0;0;0;0;0;0;0;0;0;0;0;0;0;0;0;0;0;0;0;0;0;0;0;0;0;0;0;0;0
-31,28;0;0;0;0;0;0;0;0;0;0;0;0;0;0;0;0;0;0;0;0;0;0;0;0;0;0;0;0;0;0;0;0;0;0;0;0
-31,23;0;0;0;0;0;0;0;0;0;0;0;0;0;0;0;0;0;0;0;0;0;0;0;0;0;0;0;0;0;0;0;0;0;0;0;0
-31,18;0;0;0;0;0;0;0;0;0;0;0;0;0;0;0;0;0;0;0;0;0;0;0;0;0;0;0;0;0;0;0;0;0;0;0;0
-31,13;0;0;0;0;0;0;0;0;0;0;0;0;0;0;0;0;0;0;0;0;0;0;0;0;0;0;0;0;0;0;0;0;0;0;0;0
-31,08;0;0;0;0;0;0;0;0;0;0;0;0;0;0;0;0;0;0;0;0;0;0;0;0;0;0;0;0;0;0;0;0;0;0;0;0
-31,03;0;0;0;0;0;0;0;0;0;0;0;0;0;0;0;0;0;0;0;0;0;0;0;0;0;0;0;0;0;0;0;0;0;0;0;0
-30,98;0;0;0;0;0;0;0;0;0;0;0;0;0;0;0;0;0;0;0;0;0;0;0;0;0;0;0;0;0;0;0;0;0;0;0;0
-30,93;0;0;0;0;0;0;0;0;0;0;0;0;0;0;0;0;0;0;0;0;0;0;0;0;0;0;0;0;0;0;0;0;0;0;0;0
-30,88;0;0;0;0;0;0;0;0;0;0;0;0;0;0;0;0;0;0;0;0;0;0;0;0;0;0;0;0;0;0;0;0;0;0;0;0
-30,83;0;0;0;0;0;0;0;0;0;0;0;0;0;0;0;0;0;0;0;0;0;0;0;0;0;0;0;0;0;0;0;0;0;0;0;0
-30,78;0;0;0;0;0;0;0;0;0;0;0;0;0;0;0;0;0;0;0;0;0;0;0;0;0;0;0;0;0;0;0;0;0;0;0;0
-30,73;0;0;0;0;0;0;0;0;0;0;0;0;0;0;0;0;0;0;0;0;0;0;0;0;0;0;0;0;0;0;0;0;0;0;0;0
-30,68;0;0;0;0;0;0;0;0;0;0;0;0;0;0;0;0;0;0;0;0;0;0;0;0;0;0;0;0;0;0;0;0;0;0;0;0
-30,63;0;0;0;0;0;0;0;0;0;0;0;0;0;0;0;0;0;0;0;0;0;0;0;0;0;0;0;0;0;0;0;0;0;0;0;0
-30,58;0;0;0;0;0;0;0;0;0;0;0;0;0;0;0;0;0;0;0;0;0;0;0;0;0;0;0;0;0;0;0;0;0;0;0;0
-30,53;0;0;0;0;0;0;0;0;0;0;0;0;0;0;0;0;0;0;0;0;0;0;0;0;0;0;0;0;0;0;0;0;0;0;0;0
-30,48;0;0;0;0;0;0;0;0;0;0;0;0;0;0;0;0;0;0;0;0;0;0;0;0;0;0;0;0;0;0;0;0;0;0;0;0
-30,43;0;0;0;0;0;0;0;0;0;0;0;0;0;0;0;0;0;0;0;0;0;0;0;0;0;0;0;0;0;0;0;0;0;0;0;0
-30,38;0;0;0;0;0;0;0;0;0;0;0;0;0;0;0;0;0;0;0;0;0;0;0;0;0;0;0;0;0;0;0;0;0;0;0;0
-30,33;0;0;0;0;0;0;0;0;0;0;0;0;0;0;0;0;0;0;0;0;0;0;0;0;0;0;0;0;0;0;0;0;0;0;0;0
-30,28;0;0;0;0;0;0;0;0;0;0;0;0;0;0;0;0;0;0;0;0;0;0;0;0;0;0;0;0;0;0;0;0;0;0;0;0
-30,23;0;0;0;0;0;0;0;0;0;0;0;0;0;0;0;0;0;0;0;0;0;0;0;0;0;0;0;0;0;0;0;0;0;0;0;0
-30,18;0;0;0;0;0;0;0;0;0;0;0;0;0;0;0;0;0;0;0;0;0;0;0;0;0;0;0;0;0;0;0;0;0;0;0;0
-30,13;0;0;0;0;0;0;0;0;0;0;0;0;0;0;0;0;0;0;0;0;0;0;0;0;0;0;0;0;0;0;0;0;0;0;0;0
-30,08;0;0;0;0;0;0;0;0;0;0;0;0;0;0;0;0;0;0;0;0;0;0;0;0;0;0;0;0;0;0;0;0;0;0;0;0
-30,03;0;0;0;0;0;0;0;0;0;0;0;0;0;0;0;0;0;0;0;0;0;0;0;0;0;0;0;0;0;0;0;0;0;0;0;0
-29,98;0;0;0;0;0;0;0;0;0;0;0;0;0;0;0;0;0;0;0;0;0;0;0;0;0;0;0;0;0;0;0;0;0;0;0;0
-29,93;0;0;0;0;0;0;0;0;0;0;0;0;0;0;0;0;0;0;0;0;0;0;0;0;0;0;0;0;0;0;0;0;0;0;0;0
-29,88;0;0;0;0;0;0;0;0;0;0;0;0;0;0;0;0;0;0;0;0;0;0;0;0;0;0;0;0;0;0;0;0;0;0;0;0
-29,83;0;0;0;0;0;0;0;0;0;0;0;0;0;0;0;0;0;0;0;0;0;0;0;0;0;0;0;0;0;0;0;0;0;0;0;0
-29,78;0;0;0;0;0;0;0;0;0;0;0;0;0;0;0;0;0;0;0;0;0;0;0;0;0;0;0;0;0;0;0;0;0;0;0;0
-29,73;0;0;0;0;0;0;0;0;0;0;0;0;0;0;0;0;0;0;0;0;0;0;0;0;0;0;0;0;0;0;0;0;0;0;0;0
-29,68;0;0;0;0;0;0;0;0;0;0;0;0;0;0;0;0;0;0;0;0;0;0;0;0;0;0;0;0;0;0;0;0;0;0;0;0
-29,63;0;0;0;0;0;0;0;0;0;0;0;0;0;0;0;0;0;0;0;0;0;0;0;0;0;0;0;0;0;0;0;0;0;0;0;0
-29,58;0;0;0;0;0;0;0;0;0;0;0;0;0;0;0;0;0;0;0;0;0;0;0;0;0;0;0;0;0;0;0;0;0;0;0;0
-29,53;0;0;0;0;0;0;0;0;0;0;0;0;0;0;0;0;0;0;0;0;0;0;0;0;0;0;0;0;0;0;0;0;0;0;0;0
-29,48;0;0;0;0;0;0;0;0;0;0;0;0;0;0;0;0;0;0;0;0;0;0;0;0;0;0;0;0;0;0;0;0;0;0;0;0
-29,43;0;0;0;0;0;0;0;0;0;0;0;0;0;0;0;0;0;0;0;0;0;0;0;0;0;0;0;0;0;0;0;0;0;0;0;0
-29,38;0;0;0;0;0;0;0;0;0;0;0;0;0;0;0;0;0;0;0;0;0;0;0;0;0;0;0;0;0;0;0;0;0;0;0;0
-29,33;0;0;0;0;0;0;0;0;0;0;0;0;0;0;0;0;0;0;0;0;0;0;0;0;0;0;0;0;0;0;0;0;0;0;0;0
-29,28;0;0;0;0;0;0;0;0;0;0;0;0;0;0;0;0;0;0;0;0;0;0;0;0;0;0;0;0;0;0;0;0;0;0;0;0
-29,23;0;0;0;0;0;0;0;0;0;0;0;0;0;0;0;0;0;0;0;0;0;0;0;0;0;0;0;0;0;0;0;0;0;0;0;0
-29,18;0;0;0;0;0;0;0;0;0;0;0;0;0;0;0;0;0;0;0;0;0;0;0;0;0;0;0;0;0;0;0;0;0;0;0;0
-29,13;0;0;0;0;0;0;0;0;0;0;0;0;0;0;0;0;0;0;0;0;0;0;0;0;0;0;0;0;0;0;0;0;0;0;0;0
-29,08;0;0;0;0;0;0;0;0;0;0;0;0;0;0;0;0;0;0;0;0;0;0;0;0;0;0;0;0;0;0;0;0;0;0;0;0
-29,03;0;0;0;0;0;0;0;0;0;0;0;0;0;0;0;0;0;0;0;0;0;0;0;0;0;0;0;0;0;0;0;0;0;0;0;0
-28,98;0;0;0;0;0;0;0;0;0;0;0;0;0;0;0;0;0;0;0;0;0;0;0;0;0;0;0;0;0;0;0;0;0;0;0;0
-28,93;0;0;0;0;0;0;0;0;0;0;0;0;0;0;0;0;0;0;0;0;0;0;0;0;0;0;0;0;0;0;0;0;0;0;0;0
-28,88;0;0;0;0;0;0;0;0;0;0;0;0;0;0;0;0;0;0;0;0;0;0;0;0;0;0;0;0;0;0;0;0;0;0;0;0
-28,83;0;0;0;0;0;0;0;0;0;0;0;0;0;0;0;0;0;0;0;0;0;0;0;0;0;0;0;0;0;0;0;0;0;0;0;0
-28,78;0;0;0;0;0;0;0;0;0;0;0;0;0;0;0;0;0;0;0;0;0;0;0;0;0;0;0;0;0;0;0;0;0;0;0;0
-28,73;0;0;0;0;0;0;0;0;0;0;0;0;0;0;0;0;0;0;0;0;0;0;0;0;0;0;0;0;0;0;0;0;0;0;0;0
-28,68;0;0;0;0;0;0;0;0;0;0;0;0;0;0;0;0;0;0;0;0;0;0;0;0;0;0;0;0;0;0;0;0;0;0;0;0
-28,63;0;0;0;0;0;0;0;0;0;0;0;0;0;0;0;0;0;0;0;0;0;0;0;0;0;0;0;0;0;0;0;0;0;0;0;0
-28,58;0;0;0;0;0;0;0;0;0;0;0;0;0;0;0;0;0;0;0;0;0;0;0;0;0;0;0;0;0;0;0;0;0;0;0;0
-28,53;0;0;0;0;0;0;0;0;0;0;0;0;0;0;0;0;0;0;0;0;0;0;0;0;0;0;0;0;0;0;0;0;0;0;0;0
-28,48;0;0;0;0;0;0;0;0;0;0;0;0;0;0;0;0;0;0;0;0;0;0;0;0;0;0;0;0;0;0;0;0;0;0;0;0
-28,43;0;0;0;0;0;0;0;0;0;0;0;0;0;0;0;0;0;0;0;0;0;0;0;0;0;0;0;0;0;0;0;0;0;0;0;0
-28,38;0;0;0;0;0;0;0;0;0;0;0;0;0;0;0;0;0;0;0;0;0;0;0;0;0;0;0;0;0;0;0;0;0;0;0;0
-28,33;0;0;0;0;0;0;0;0;0;0;0;0;0;0;0;0;0;0;0;0;0;0;0;0;0;0;0;0;0;0;0;0;0;0;0;0
-28,28;0;0;0;0;0;0;0;0;0;0;0;0;0;0;0;0;0;0;0;0;0;0;0;0;0;0;0;0;0;0;0;0;0;0;0;0
-28,23;0;0;0;0;0;0;0;0;0;0;0;0;0;0;0;0;0;0;0;0;0;0;0;0;0;0;0;0;0;0;0;0;0;0;0;0
-28,18;0;0;0;0;0;0;0;0;0;0;0;0;0;0;0;0;0;0;0;0;0;0;0;0;0;0;0;0;0;0;0;0;0;0;0;0
-28,13;0;0;0;0;0;0;0;0;0;0;0;0;0;0;0;0;0;0;0;0;0;0;0;0;0;0;0;0;0;0;0;0;0;0;0;0
-28,08;0;0;0;0;0;0;0;0;0;0;0;0;0;0;0;0;0;0;0;0;0;0;0;0;0;0;0;0;0;0;0;0;0;0;0;0
-28,03;0;0;0;0;0;0;0;0;0;0;0;0;0;0;0;0;0;0;0;0;0;0;0;0;0;0;0;0;0;0;0;0;0;0;0;0
-27,98;0;0;0;0;0;0;0;0;0;0;0;0;0;0;0;0;0;0;0;0;0;0;0;0;0;0;0;0;0;0;0;0;0;0;0;0
-27,93;0;0;0;0;0;0;0;0;0;0;0;0;0;0;0;0;0;0;0;0;0;0;0;0;0;0;0;0;0;0;0;0;0;0;0;0
-27,88;0;0;0;0;0;0;0;0;0;0;0;0;0;0;0;0;0;0;0;0;0;0;0;0;0;0;0;0;0;0;0;0;0;0;0;0
-27,83;2,48e-11;2,33e-11;8,79e-30;5,43e-30;5,43e-30;1,11e-15;7,41e-28;7,41e-28;1,98e-24;1,98e-24;1,87e-13;2,21e-28;3,07e-28;3,07e-28;7,528e-16;1,519e-29;1,519e-29;2,818e-26;2,818e-26;5,226e-14;2,6e-14;1,831e-24;1,831e-24;1,758e-16;1,032e-15;2,548e-28;2,548e-28;6,78e-15;1,5e-27;1,5e-27;3,204e-14;3,196e-14;3,444e-13;7,92e-13;6,024e-27;6,008e-27
-27,78;9,54e-10;8,97e-10;3,39e-28;2,09e-28;2,09e-28;4,28e-14;2,85e-26;2,85e-26;7,61e-23;7,61e-23;7,22e-12;8,52e-27;1,18e-26;1,18e-26;2,899e-14;5,862e-28;5,862e-28;1,082e-24;1,082e-24;2,014e-12;9,98e-13;7,055e-23;7,055e-23;6,78e-15;3,972e-14;9,8e-27;9,82e-27;2,616e-13;5,78e-26;5,788e-26;1,232e-12;1,232e-12;1,326e-11;3,042e-11;2,318e-25;2,32e-25
-27,73;2,8e-8;2,64e-8;9,96e-27;6,15e-27;6,15e-27;1,26e-12;8,39e-25;8,39e-25;2,24e-21;2,24e-21;2,12e-10;2,5e-25;3,47e-25;3,47e-25;8,507e-13;1,721e-26;1,721e-26;3,186e-23;3,186e-23;5,922e-11;2,94e-11;2,07e-21;2,07e-21;1,992e-13;1,17e-12;2,886e-25;2,886e-25;7,68e-12;1,7e-24;1,7e-24;3,628e-11;3,62e-11;3,9e-10;8,94e-10;6,828e-24;6,8e-24
-27,68;6,29e-7;5,92e-7;2,24e-25;1,38e-25;1,38e-25;2,83e-11;1,88e-23;1,88e-23;5,02e-20;5,02e-20;4,76e-9;5,62e-24;7,79e-24;7,79e-24;1,914e-11;3,866e-25;3,866e-25;7,148e-22;7,148e-22;1,328e-9;6,58e-10;4,663e-20;4,663e-20;4,47e-12;2,622e-11;6,466e-24;6,484e-24;1,728e-10;3,812e-23;3,814e-23;8,128e-10;8,12e-10;8,76e-9;2,004e-8;1,528e-22;1,532e-22
-27,63;0,0000108;0,0000101;3,83e-24;2,37e-24;2,37e-24;4,84e-10;3,23e-22;3,23e-22;8,6e-19;8,6e-19;8,16e-8;9,63e-23;1,33e-22;1,33e-22;3,276e-10;6,626e-24;6,626e-24;1,223e-20;1,223e-20;2,276e-8;1,128e-8;7,979e-19;7,979e-19;7,68e-11;4,488e-10;1,11e-22;1,11e-22;2,958e-9;6,542e-22;6,54e-22;1,392e-8;1,392e-8;1,5e-7;3,438e-7;2,62e-21;2,62e-21
-27,58;0,000141;0,000133;5,01e-23;3,09e-23;3,09e-23;6,33e-9;4,22e-21;4,22e-21;1,12e-17;1,12e-17;0,00000107;1,26e-21;1,75e-21;1,75e-21;4,278e-9;8,648e-23;8,648e-23;1,599e-19;1,599e-19;2,976e-7;1,476e-7;1,043e-17;1,043e-17;1,002e-9;5,868e-9;1,45e-21;1,45e-21;3,87e-8;8,548e-21;8,54e-21;1,822e-7;1,82e-7;0,000001962;0,000004494;3,426e-20;3,426e-20
-27,53;0,00141;0,00132;5e-22;3,09e-22;3,09e-22;6,32e-8;4,21e-20;4,21e-20;1,12e-16;1,12e-16;0,0000106;1,26e-20;1,74e-20;1,74e-20;4,274e-8;8,648e-22;8,648e-22;1,597e-18;1,597e-18;0,000002972;0,000001472;1,041e-16;1,041e-16;1,002e-8;5,856e-8;1,448e-20;1,448e-20;3,858e-7;8,546e-20;8,54e-20;0,000001814;0,000001816;0,00001956;0,00004488;3,42e-19;3,418e-19
-27,48;0,0107;0,0101;3,81e-21;2,35e-21;2,35e-21;4,81e-7;3,21e-19;3,21e-19;8,55e-16;8,55e-16;0,0000811;9,57e-20;1,33e-19;1,33e-19;3,258e-7;6,584e-21;6,584e-21;1,217e-17;1,217e-17;0,00002262;0,00001122;7,919e-16;7,919e-16;7,62e-8;4,464e-7;1,104e-19;1,104e-19;0,00000294;6,496e-19;6,5e-19;0,00001382;0,00001384;0,0001494;0,000342;2,604e-18;2,604e-18
-27,43;0,0623;0,0586;2,21e-20;1,37e-20;1,37e-20;0,0000028;1,87e-18;1,87e-18;4,97e-15;4,97e-15;0,000472;5,57e-19;7,72e-19;7,72e-19;0,000001893;3,827e-20;3,827e-20;7,067e-17;7,067e-17;0,0001316;0,0000652;4,603e-15;4,603e-15;4,428e-7;0,000002592;6,41e-19;6,408e-19;0,0000171;3,778e-18;3,776e-18;0,00008044;0,0000804;0,00087;0,001986;1,516e-17;1,514e-17
-27,38;0,277;0,26;9,83e-20;6,07e-20;6,07e-20;0,0000124;8,28e-18;8,28e-18;2,21e-14;2,21e-14;0,00209;2,47e-18;3,42e-18;3,42e-18;0,000008405;1,699e-19;1,699e-19;3,145e-16;3,145e-16;0,0005846;0,00029;2,05e-14;2,05e-14;0,000001962;0,00001152;2,848e-18;2,846e-18;0,0000756;1,676e-17;1,678e-17;0,0003572;0,0003572;0,003846;0,00882;6,724e-17;6,724e-17
-27,33;0,938;0,882;3,33e-19;2,06e-19;2,06e-19;0,0000421;2,81e-17;2,81e-17;7,48e-14;7,48e-14;0,00709;8,37e-18;1,16e-17;1,16e-17;0,00002848;5,738e-19;5,738e-19;1,064e-15;1,064e-15;0,001978;0,000982;6,934e-14;6,934e-14;0,00000666;0,000039;9,64e-18;9,62e-18;0,0002574;5,684e-17;5,676e-17;0,00121;0,001212;0,01302;0,02988;2,28e-16;2,278e-16
-27,28;2,42;2,28;8,61e-19;5,32e-19;5,32e-19;0,000109;7,26e-17;7,26e-17;1,93e-13;1,93e-13;0,0183;2,17e-17;3e-17;3e-17;0,00007365;1,488e-18;1,488e-18;2,757e-15;2,757e-15;0,005116;0,00254;1,793e-13;1,793e-13;0,00001722;0,0001008;2,494e-17;2,494e-17;0,000666;1,47e-16;1,468e-16;0,003124;0,003128;0,03372;0,0774;5,91e-16;5,896e-16
-27,23;4,79;4,5;1,7e-18;1,05e-18;1,05e-18;0,000215;1,43e-16;1,43e-16;3,82e-13;3,82e-13;0,0362;4,27e-17;5,92e-17;5,92e-17;0,0001453;2,939e-18;2,939e-18;5,432e-15;5,432e-15;0,01011;0,005;3,537e-13;3,537e-13;0,00003396;0,0001992;4,922e-17;4,928e-17;0,001314;2,9e-16;2,898e-16;0,00618;0,00616;0,0666;0,1524;1,162e-15;1,162e-15
-27,18;7,21;6,78;2,56e-18;1,58e-18;1,58e-18;0,000324;2,16e-16;2,16e-16;5,75e-13;5,75e-13;0,0546;6,44e-17;8,93e-17;8,93e-17;0,0002191;4,433e-18;4,433e-18;8,19e-15;8,19e-15;0,01522;0,00754;5,326e-13;5,326e-13;0,00005118;0,0003;7,428e-17;7,44e-17;0,00198;4,37e-16;4,368e-16;0,009304;0,00932;0,1002;0,2298;1,754e-15;1,75e-15
-27,13;8,29;7,8;2,94e-18;1,82e-18;1,82e-18;0,000372;2,48e-16;2,48e-16;6,61e-13;6,61e-13;0,0628;7,41e-17;1,03e-16;1,03e-16;0,0002519;5,098e-18;5,098e-18;9,415e-15;9,415e-15;0,0175;0,00868;6,13e-13;6,13e-13;0,00005886;0,000345;8,52e-17;8,54e-17;0,002274;5,016e-16;5,032e-16;0,01071;0,01072;0,1152;0,2646;2,016e-15;2,014e-15
-27,08;7,28;6,85;2,59e-18;1,6e-18;1,6e-18;0,000327;2,18e-16;2,18e-16;5,81e-13;5,81e-13;0,0551;6,5e-17;9,01e-17;9,01e-17;0,0002211;4,475e-18;4,475e-18;8,271e-15;8,271e-15;0,01536;0,00762;5,386e-13;5,386e-13;0,00005166;0,000303;7,486e-17;7,5e-17;0,001998;4,41e-16;4,408e-16;0,009392;0,0094;0,1014;0,2322;1,77e-15;1,77e-15
-27,03;4,88;4,59;1,73e-18;1,07e-18;1,07e-18;0,000219;1,46e-16;1,46e-16;3,89e-13;3,89e-13;0,0369;4,36e-17;6,04e-17;6,04e-17;0,0001483;2,995e-18;2,995e-18;5,535e-15;5,535e-15;0,0103;0,0051;3,598e-13;3,598e-13;0,00003462;0,0002028;5,018e-17;5,024e-17;0,001338;2,956e-16;2,954e-16;0,0063;0,00628;0,0678;0,1554;1,184e-15;1,186e-15
-26,98;2,5;2,35;8,86e-19;5,47e-19;5,47e-19;0,000112;7,47e-17;7,47e-17;1,99e-13;1,99e-13;0,0189;2,23e-17;3,09e-17;3,09e-17;0,00007589;1,532e-18;1,532e-18;2,839e-15;2,839e-15;0,005264;0,00262;1,845e-13;1,845e-13;0,0000177;0,0001038;2,568e-17;2,568e-17;0,000684;1,51e-16;1,51e-16;0,003212;0,00322;0,03468;0,0798;6,074e-16;6,056e-16
-26,93;0,974;0,916;3,46e-19;2,14e-19;2,14e-19;0,0000437;2,92e-17;2,92e-17;7,77e-14;7,77e-14;0,00737;8,7e-18;1,21e-17;1,21e-17;0,0000296;5,965e-19;5,965e-19;1,105e-15;1,105e-15;0,002056;0,00102;7,195e-14;7,195e-14;0,0000069;0,00004056;1,002e-17;1,002e-17;0,000267;5,92e-17;5,908e-17;0,001258;0,001256;0,01356;0,03108;2,366e-16;2,368e-16
-26,88;0,29;0,273;1,03e-19;6,37e-20;6,37e-20;0,000013;8,69e-18;8,69e-18;2,31e-14;2,31e-14;0,0022;2,59e-18;3,59e-18;3,59e-18;0,000008813;1,783e-19;1,783e-19;3,288e-16;3,288e-16;0,0006136;0,000304;2,151e-14;2,151e-14;0,000002058;0,00001206;2,988e-18;2,986e-18;0,0000798;1,758e-17;1,758e-17;0,0003748;0,0003748;0,004038;0,00924;7,048e-17;7,06e-17
-26,83;0,066;0,0621;2,34e-20;1,45e-20;1,45e-20;0,00000296;1,98e-18;1,98e-18;5,27e-15;5,27e-15;0,0005;5,9e-19;8,17e-19;8,17e-19;0,000002007;4,056e-20;4,056e-20;7,495e-17;7,495e-17;0,0001394;0,000069;4,884e-15;4,884e-15;4,686e-7;0,000002748;6,788e-19;6,78e-19;0,00001812;3,998e-18;4,004e-18;0,0000852;0,0000852;0,000918;0,002106;1,604e-17;1,606e-17
-26,78;0,0115;0,0108;4,07e-21;2,51e-21;2,51e-21;5,14e-7;3,43e-19;3,43e-19;9,14e-16;9,14e-16;0,0000867;1,02e-19;1,42e-19;1,42e-19;3,486e-7;7,038e-21;7,038e-21;1,301e-17;1,301e-17;0,0000242;0,000012;8,482e-16;8,482e-16;8,16e-8;4,77e-7;1,18e-19;1,178e-19;0,000003144;6,93e-19;6,944e-19;0,00001478;0,0000148;0,0001596;0,0003654;2,786e-18;2,786e-18
-26,73;0,00152;0,00143;5,39e-22;3,33e-22;3,33e-22;6,82e-8;4,55e-20;4,55e-20;1,21e-16;1,21e-16;0,0000115;1,36e-20;1,88e-20;1,88e-20;4,615e-8;9,33e-22;9,33e-22;1,724e-18;1,724e-18;0,000003208;0,00000159;1,124e-16;1,124e-16;1,08e-8;6,3e-8;1,562e-20;1,564e-20;4,164e-7;9,216e-20;9,2e-20;0,00000196;0,00000196;0,00002112;0,00004842;3,69e-19;3,69e-19
-26,68;0,000154;0,000145;5,46e-23;3,37e-23;3,37e-23;6,9e-9;4,6e-21;4,6e-21;1,23e-17;1,23e-17;0,00000116;1,37e-21;1,9e-21;1,9e-21;4,678e-9;9,452e-23;9,452e-23;1,744e-19;1,744e-19;3,244e-7;1,608e-7;1,136e-17;1,136e-17;1,092e-9;6,42e-9;1,582e-21;1,58e-21;4,212e-8;9,314e-21;9,3e-21;1,982e-7;1,984e-7;0,000002136;0,000004896;3,734e-20;3,736e-20
-26,63;0,0000119;0,0000112;4,21e-24;2,6e-24;2,6e-24;5,33e-10;3,55e-22;3,55e-22;9,46e-19;9,46e-19;8,98e-8;1,06e-22;1,47e-22;1,47e-22;3,597e-10;7,286e-24;7,286e-24;1,346e-20;1,346e-20;2,504e-8;1,242e-8;8,763e-19;8,763e-19;8,4e-11;4,938e-10;1,222e-22;1,22e-22;3,252e-9;7,208e-22;7,184e-22;1,532e-8;1,532e-8;1,65e-7;3,78e-7;2,884e-21;2,882e-21
-26,58;6,99e-7;6,58e-7;2,48e-25;1,53e-25;1,53e-25;3,14e-11;2,09e-23;2,09e-23;5,58e-20;5,58e-20;5,29e-9;6,24e-24;8,66e-24;8,66e-24;2,126e-11;4,289e-25;4,289e-25;7,944e-22;7,944e-22;1,476e-9;7,32e-10;5,165e-20;5,165e-20;4,962e-12;2,91e-11;7,21e-24;7,18e-24;1,92e-10;4,236e-23;4,24e-23;9,028e-10;9,04e-10;9,72e-9;2,232e-8;1,7e-22;1,702e-22
-26,53;3,15e-8;2,96e-8;1,12e-26;6,9e-27;6,9e-27;1,41e-12;9,42e-25;9,42e-25;2,51e-21;2,51e-21;2,38e-10;2,81e-25;3,89e-25;3,89e-25;9,568e-13;1,932e-26;1,932e-26;3,574e-23;3,574e-23;6,65e-11;3,3e-11;2,331e-21;2,331e-21;2,232e-13;1,308e-12;3,236e-25;3,238e-25;8,64e-12;1,906e-24;1,904e-24;4,052e-11;4,08e-11;4,374e-10;1,002e-9;7,64e-24;7,66e-24
-26,48;1,08e-9;1,02e-9;3,84e-28;2,37e-28;2,37e-28;4,85e-14;3,23e-26;3,23e-26;8,62e-23;8,62e-23;8,17e-12;9,65e-27;1,34e-26;1,34e-26;3,282e-14;6,626e-28;6,626e-28;1,225e-24;1,225e-24;2,282e-12;1,13e-12;7,979e-23;7,979e-23;7,68e-15;4,494e-14;1,11e-26;1,112e-26;2,964e-13;6,544e-26;6,544e-26;1,394e-12;1,396e-12;1,5e-11;3,444e-11;2,626e-25;2,624e-25
-26,43;2,83e-11;2,66e-11;1,01e-29;6,21e-30;6,21e-30;1,27e-15;8,47e-28;8,47e-28;2,26e-24;2,26e-24;2,14e-13;2,53e-28;3,5e-28;3,5e-28;8,609e-16;1,738e-29;1,738e-29;3,206e-26;3,206e-26;5,988e-14;2,96e-14;2,09e-24;2,09e-24;2,01e-16;1,176e-15;2,914e-28;2,912e-28;7,74e-15;1,714e-27;1,716e-27;3,66e-14;3,656e-14;3,936e-13;9e-13;6,884e-27;6,86e-27
-26,38;0;0;0;0;0;0;0;0;0;0;0;0;0;0;0;0;0;0;0;0;0;0;0;0;0;0;0;0;0;0;0;0;0;0;0;0
-26,33;0;0;0;0;0;0;0;0;0;0;0;0;0;0;0;0;0;0;0;0;0;0;0;0;0;0;0;0;0;0;0;0;0;0;0;0
-26,28;0;0;0;0;0;0;0;0;0;0;0;0;0;0;0;0;0;0;0;0;0;0;0;0;0;0;0;0;0;0;0;0;0;0;0;0
-26,23;0;0;0;0;0;0;0;0;0;0;0;0;0;0;0;0;0;0;0;0;0;0;0;0;0;0;0;0;0;0;0;0;0;0;0;0
-26,18;0;0;0;0;0;0;0;0;0;0;0;0;0;0;0;0;0;0;0;0;0;0;0;0;0;0;0;0;0;0;0;0;0;0;0;0
-26,13;0;0;0;0;0;0;0;0;0;0;0;0;0;0;0;0;0;0;0;0;0;0;0;0;0;0;0;0;0;0;0;0;0;0;0;0
-26,08;0;0;0;0;0;0;0;0;0;0;0;0;0;0;0;0;0;0;0;0;0;0;0;0;0;0;0;0;0;0;0;0;0;0;0;0
-26,03;0;0;0;0;0;0;0;0;0;0;0;0;0;0;0;0;0;0;0;0;0;0;0;0;0;0;0;0;0;0;0;0;0;0;0;0
-25,98;0;0;0;0;0;0;0;0;0;0;0;0;0;0;0;0;0;0;0;0;0;0;0;0;0;0;0;0;0;0;0;0;0;0;0;0
-25,93;0;0;0;0;0;0;0;0;0;0;0;0;0;0;0;0;0;0;0;0;0;0;0;0;0;0;0;0;0;0;0;0;0;0;0;0
-25,88;0;0;0;0;0;0;0;0;0;0;0;0;0;0;0;0;0;0;0;0;0;0;0;0;0;0;0;0;0;0;0;0;0;0;0;0
-25,83;0;0;0;0;0;0;0;0;0;0;0;0;0;0;0;0;0;0;0;0;0;0;0;0;0;0;0;0;0;0;0;0;0;0;0;0
-25,78;0;0;0;0;0;0;0;0;0;0;0;0;0;0;0;0;0;0;0;0;0;0;0;0;0;0;0;0;0;0;0;0;0;0;0;0
-25,73;0;0;0;0;0;0;0;0;0;0;0;0;0;0;0;0;0;0;0;0;0;0;0;0;0;0;0;0;0;0;0;0;0;0;0;0
-25,68;0;0;0;0;0;0;0;0;0;0;0;0;0;0;0;0;0;0;0;0;0;0;0;0;0;0;0;0;0;0;0;0;0;0;0;0
-25,63;0;0;0;0;0;0;0;0;0;0;0;0;0;0;0;0;0;0;0;0;0;0;0;0;0;0;0;0;0;0;0;0;0;0;0;0
-25,58;0;0;0;0;0;0;0;0;0;0;0;0;0;0;0;0;0;0;0;0;0;0;0;0;0;0;0;0;0;0;0;0;0;0;0;0
-25,53;0;0;0;0;0;0;0;0;0;0;0;0;0;0;0;0;0;0;0;0;0;0;0;0;0;0;0;0;0;0;0;0;0;0;0;0
-25,48;0;0;0;0;0;0;0;0;0;0;0;0;0;0;0;0;0;0;0;0;0;0;0;0;0;0;0;0;0;0;0;0;0;0;0;0
-25,43;0;0;0;0;0;0;0;0;0;0;0;0;0;0;0;0;0;0;0;0;0;0;0;0;0;0;0;0;0;0;0;0;0;0;0;0
-25,38;0;0;0;0;0;0;0;0;0;0;0;0;0;0;0;0;0;0;0;0;0;0;0;0;0;0;0;0;0;0;0;0;0;0;0;0
-25,33;0;0;0;0;0;0;0;0;0;0;0;0;0;0;0;0;0;0;0;0;0;0;0;0;0;0;0;0;0;0;0;0;0;0;0;0
-25,28;0;0;0;0;0;0;0;0;0;0;0;0;0;0;0;0;0;0;0;0;0;0;0;0;0;0;0;0;0;0;0;0;0;0;0;0
-25,23;0;0;0;0;0;0;0;0;0;0;0;0;0;0;0;0;0;0;0;0;0;0;0;0;0;0;0;0;0;0;0;0;0;0;0;0
-25,18;0;0;0;0;0;0;0;0;0;0;0;0;0;0;0;0;0;0;0;0;0;0;0;0;0;0;0;0;0;0;0;0;0;0;0;0
-25,13;0;0;0;0;0;0;0;0;0;0;0;0;0;0;0;0;0;0;0;0;0;0;0;0;0;0;0;0;0;0;0;0;0;0;0;0
-25,08;0;0;0;0;0;0;0;0;0;0;0;0;0;0;0;0;0;0;0;0;0;0;0;0;0;0;0;0;0;0;0;0;0;0;0;0
-25,03;0;0;0;0;0;0;0;0;0;0;0;0;0;0;0;0;0;0;0;0;0;0;0;0;0;0;0;0;0;0;0;0;0;0;0;0
-24,98;0;0;0;0;0;0;0;0;0;0;0;0;0;0;0;0;0;0;0;0;0;0;0;0;0;0;0;0;0;0;0;0;0;0;0;0
-24,93;0;0;0;0;0;0;0;0;0;0;0;0;0;0;0;0;0;0;0;0;0;0;0;0;0;0;0;0;0;0;0;0;0;0;0;0
-24,88;0;0;0;0;0;0;0;0;0;0;0;0;0;0;0;0;0;0;0;0;0;0;0;0;0;0;0;0;0;0;0;0;0;0;0;0
-24,83;0;0;0;0;0;0;0;0;0;0;0;0;0;0;0;0;0;0;0;0;0;0;0;0;0;0;0;0;0;0;0;0;0;0;0;0
-24,78;0;0;0;0;0;0;0;0;0;0;0;0;0;0;0;0;0;0;0;0;0;0;0;0;0;0;0;0;0;0;0;0;0;0;0;0
-24,73;0;0;0;0;0;0;0;0;0;0;0;0;0;0;0;0;0;0;0;0;0;0;0;0;0;0;0;0;0;0;0;0;0;0;0;0
-24,68;0;0;0;0;0;0;0;0;0;0;0;0;0;0;0;0;0;0;0;0;0;0;0;0;0;0;0;0;0;0;0;0;0;0;0;0
-24,63;0;0;0;0;0;0;0;0;0;0;0;0;0;0;0;0;0;0;0;0;0;0;0;0;0;0;0;0;0;0;0;0;0;0;0;0
-24,58;0;0;0;0;0;0;0;0;0;0;0;0;0;0;0;0;0;0;0;0;0;0;0;0;0;0;0;0;0;0;0;0;0;0;0;0
-24,53;0;0;0;0;0;0;0;0;0;0;0;0;0;0;0;0;0;0;0;0;0;0;0;0;0;0;0;0;0;0;0;0;0;0;0;0
-24,48;0;0;0;0;0;0;0;0;0;0;0;0;0;0;0;0;0;0;0;0;0;0;0;0;0;0;0;0;0;0;0;0;0;0;0;0
-24,43;0;0;0;0;0;0;0;0;0;0;0;0;0;0;0;0;0;0;0;0;0;0;0;0;0;0;0;0;0;0;0;0;0;0;0;0
-24,38;0;0;0;0;0;0;0;0;0;0;0;0;0;0;0;0;0;0;0;0;0;0;0;0;0;0;0;0;0;0;0;0;0;0;0;0
-24,33;0;0;0;0;0;0;0;0;0;0;0;0;0;0;0;0;0;0;0;0;0;0;0;0;0;0;0;0;0;0;0;0;0;0;0;0
-24,28;0;0;0;0;0;0;0;0;0;0;0;0;0;0;0;0;0;0;0;0;0;0;0;0;0;0;0;0;0;0;0;0;0;0;0;0
-24,23;0;0;0;0;0;0;0;0;0;0;0;0;0;0;0;0;0;0;0;0;0;0;0;0;0;0;0;0;0;0;0;0;0;0;0;0
-24,18;0;0;0;0;0;0;0;0;0;0;0;0;0;0;0;0;0;0;0;0;0;0;0;0;0;0;0;0;0;0;0;0;0;0;0;0
-24,13;0;0;0;0;0;0;0;0;0;0;0;0;0;0;0;0;0;0;0;0;0;0;0;0;0;0;0;0;0;0;0;0;0;0;0;0
-24,08;0;0;0;0;0;0;0;0;0;0;0;0;0;0;0;0;0;0;0;0;0;0;0;0;0;0;0;0;0;0;0;0;0;0;0;0
-24,03;0;0;0;0;0;0;0;0;0;0;0;0;0;0;0;0;0;0;0;0;0;0;0;0;0;0;0;0;0;0;0;0;0;0;0;0
-23,98;0;0;0;0;0;0;0;0;0;0;0;0;0;0;0;0;0;0;0;0;0;0;0;0;0;0;0;0;0;0;0;0;0;0;0;0
-23,93;0;0;0;0;0;0;0;0;0;0;0;0;0;0;0;0;0;0;0;0;0;0;0;0;0;0;0;0;0;0;0;0;0;0;0;0
-23,88;0;0;0;0;0;0;0;0;0;0;0;0;0;0;0;0;0;0;0;0;0;0;0;0;0;0;0;0;0;0;0;0;0;0;0;0
-23,83;0;0;0;0;0;0;0;0;0;0;0;0;0;0;0;0;0;0;0;0;0;0;0;0;0;0;0;0;0;0;0;0;0;0;0;0
-23,78;0;0;0;0;0;0;0;0;0;0;0;0;0;0;0;0;0;0;0;0;0;0;0;0;0;0;0;0;0;0;0;0;0;0;0;0
-23,73;0;0;0;0;0;0;0;0;0;0;0;0;0;0;0;0;0;0;0;0;0;0;0;0;0;0;0;0;0;0;0;0;0;0;0;0
-23,68;0;0;0;0;0;0;0;0;0;0;0;0;0;0;0;0;0;0;0;0;0;0;0;0;0;0;0;0;0;0;0;0;0;0;0;0
-23,63;0;0;0;0;0;0;0;0;0;0;0;0;0;0;0;0;0;0;0;0;0;0;0;0;0;0;0;0;0;0;0;0;0;0;0;0
-23,58;0;0;0;0;0;0;0;0;0;0;0;0;0;0;0;0;0;0;0;0;0;0;0;0;0;0;0;0;0;0;0;0;0;0;0;0
-23,53;0;0;0;0;0;0;0;0;0;0;0;0;0;0;0;0;0;0;0;0;0;0;0;0;0;0;0;0;0;0;0;0;0;0;0;0
-23,48;0;0;0;0;0;0;0;0;0;0;0;0;0;0;0;0;0;0;0;0;0;0;0;0;0;0;0;0;0;0;0;0;0;0;0;0
-23,43;0;0;0;0;0;0;0;0;0;0;0;0;0;0;0;0;0;0;0;0;0;0;0;0;0;0;0;0;0;0;0;0;0;0;0;0
-23,38;0;0;0;0;0;0;0;0;0;0;0;0;0;0;0;0;0;0;0;0;0;0;0;0;0;0;0;0;0;0;0;0;0;0;0;0
-23,33;0;0;0;0;0;0;0;0;0;0;0;0;0;0;0;0;0;0;0;0;0;0;0;0;0;0;0;0;0;0;0;0;0;0;0;0
-23,28;0;0;0;0;0;0;0;0;0;0;0;0;0;0;0;0;0;0;0;0;0;0;0;0;0;0;0;0;0;0;0;0;0;0;0;0
-23,23;0;0;0;0;0;0;0;0;0;0;0;0;0;0;0;0;0;0;0;0;0;0;0;0;0;0;0;0;0;0;0;0;0;0;0;0
-23,18;0;0;0;0;0;0;0;0;0;0;0;0;0;0;0;0;0;0;0;0;0;0;0;0;0;0;0;0;0;0;0;0;0;0;0;0
-23,13;0;0;0;0;0;0;0;0;0;0;0;0;0;0;0;0;0;0;0;0;0;0;0;0;0;0;0;0;0;0;0;0;0;0;0;0
-23,08;0;0;0;0;0;0;0;0;0;0;0;0;0;0;0;0;0;0;0;0;0;0;0;0;0;0;0;0;0;0;0;0;0;0;0;0
-23,03;0;0;0;0;0;0;0;0;0;0;0;0;0;0;0;0;0;0;0;0;0;0;0;0;0;0;0;0;0;0;0;0;0;0;0;0
-22,98;0;0;0;0;0;0;0;0;0;0;0;0;0;0;0;0;0;0;0;0;0;0;0;0;0;0;0;0;0;0;0;0;0;0;0;0
-22,93;0;0;0;0;0;0;0;0;0;0;0;0;0;0;0;0;0;0;0;0;0;0;0;0;0;0;0;0;0;0;0;0;0;0;0;0
-22,88;0;0;0;0;0;0;0;0;0;0;0;0;0;0;0;0;0;0;0;0;0;0;0;0;0;0;0;0;0;0;0;0;0;0;0;0
-22,83;0;0;0;0;0;0;0;0;0;0;0;0;0;0;0;0;0;0;0;0;0;0;0;0;0;0;0;0;0;0;0;0;0;0;0;0
-22,78;0;0;0;0;0;0;0;0;0;0;0;0;0;0;0;0;0;0;0;0;0;0;0;0;0;0;0;0;0;0;0;0;0;0;0;0
-22,73;0;0;0;0;0;0;0;0;0;0;0;0;0;0;0;0;0;0;0;0;0;0;0;0;0;0;0;0;0;0;0;0;0;0;0;0
-22,68;0;0;0;0;0;0;0;0;0;0;0;0;0;0;0;0;0;0;0;0;0;0;0;0;0;0;0;0;0;0;0;0;0;0;0;0
-22,63;0;0;0;0;0;0;0;0;0;0;0;0;0;0;0;0;0;0;0;0;0;0;0;0;0;0;0;0;0;0;0;0;0;0;0;0
-22,58;0;0;0;0;0;0;0;0;0;0;0;0;0;0;0;0;0;0;0;0;0;0;0;0;0;0;0;0;0;0;0;0;0;0;0;0
-22,53;0;0;0;0;0;0;0;0;0;0;0;0;0;0;0;0;0;0;0;0;0;0;0;0;0;0;0;0;0;0;0;0;0;0;0;0
-22,48;0;0;0;0;0;0;0;0;0;0;0;0;0;0;0;0;0;0;0;0;0;0;0;0;0;0;0;0;0;0;0;0;0;0;0;0
-22,43;0;0;0;0;0;0;0;0;0;0;0;0;0;0;0;0;0;0;0;0;0;0;0;0;0;0;0;0;0;0;0;0;0;0;0;0
-22,38;0;0;0;0;0;0;0;0;0;0;0;0;0;0;0;0;0;0;0;0;0;0;0;0;0;0;0;0;0;0;0;0;0;0;0;0
-22,33;0;0;0;0;0;0;0;0;0;0;0;0;0;0;0;0;0;0;0;0;0;0;0;0;0;0;0;0;0;0;0;0;0;0;0;0
-22,28;0;0;0;0;0;0;0;0;0;0;0;0;0;0;0;0;0;0;0;0;0;0;0;0;0;0;0;0;0;0;0;0;0;0;0;0
-22,23;0;0;0;0;0;0;0;0;0;0;0;0;0;0;0;0;0;0;0;0;0;0;0;0;0;0;0;0;0;0;0;0;0;0;0;0
-22,18;0;0;0;0;0;0;0;0;0;0;0;0;0;0;0;0;0;0;0;0;0;0;0;0;0;0;0;0;0;0;0;0;0;0;0;0
-22,13;0;0;0;0;0;0;0;0;0;0;0;0;0;0;0;0;0;0;0;0;0;0;0;0;0;0;0;0;0;0;0;0;0;0;0;0
-22,08;0;0;0;0;0;0;0;0;0;0;0;0;0;0;0;0;0;0;0;0;0;0;0;0;0;0;0;0;0;0;0;0;0;0;0;0
-22,03;0;0;0;0;0;0;0;0;0;0;0;0;0;0;0;0;0;0;0;0;0;0;0;0;0;0;0;0;0;0;0;0;0;0;0;0
-21,98;0;0;0;0;0;0;0;0;0;0;0;0;0;0;0;0;0;0;0;0;0;0;0;0;0;0;0;0;0;0;0;0;0;0;0;0
-21,93;0;0;0;0;0;0;0;0;0;0;0;0;0;0;0;0;0;0;0;0;0;0;0;0;0;0;0;0;0;0;0;0;0;0;0;0
-21,88;0;0;0;0;0;0;0;0;0;0;0;0;0;0;0;0;0;0;0;0;0;0;0;0;0;0;0;0;0;0;0;0;0;0;0;0
-21,83;0;0;0;0;0;0;0;0;0;0;0;0;0;0;0;0;0;0;0;0;0;0;0;0;0;0;0;0;0;0;0;0;0;0;0;0
-21,78;0;0;0;0;0;0;0;0;0;0;0;0;0;0;0;0;0;0;0;0;0;0;0;0;0;0;0;0;0;0;0;0;0;0;0;0
-21,73;0;0;0;0;0;0;0;0;0;0;0;0;0;0;0;0;0;0;0;0;0;0;0;0;0;0;0;0;0;0;0;0;0;0;0;0
-21,68;0;0;0;0;0;0;0;0;0;0;0;0;0;0;0;0;0;0;0;0;0;0;0;0;0;0;0;0;0;0;0;0;0;0;0;0
-21,63;0;0;0;0;0;0;0;0;0;0;0;0;0;0;0;0;0;0;0;0;0;0;0;0;0;0;0;0;0;0;0;0;0;0;0;0
-21,58;0;0;0;0;0;0;0;0;0;0;0;0;0;0;0;0;0;0;0;0;0;0;0;0;0;0;0;0;0;0;0;0;0;0;0;0
-21,53;0;0;0;0;0;0;0;0;0;0;0;0;0;0;0;0;0;0;0;0;0;0;0;0;0;0;0;0;0;0;0;0;0;0;0;0
-21,48;0;0;0;0;0;0;0;0;0;0;0;0;0;0;0;0;0;0;0;0;0;0;0;0;0;0;0;0;0;0;0;0;0;0;0;0
-21,43;0;0;0;0;0;0;0;0;0;0;0;0;0;0;0;0;0;0;0;0;0;0;0;0;0;0;0;0;0;0;0;0;0;0;0;0
-21,38;0;0;0;0;0;0;0;0;0;0;0;0;0;0;0;0;0;0;0;0;0;0;0;0;0;0;0;0;0;0;0;0;0;0;0;0
-21,33;0;0;0;0;0;0;0;0;0;0;0;0;0;0;0;0;0;0;0;0;0;0;0;0;0;0;0;0;0;0;0;0;0;0;0;0
-21,28;0;0;0;0;0;0;0;0;0;0;0;0;0;0;0;0;0;0;0;0;0;0;0;0;0;0;0;0;0;0;0;0;0;0;0;0
-21,23;0;0;0;0;0;0;0;0;0;0;0;0;0;0;0;0;0;0;0;0;0;0;0;0;0;0;0;0;0;0;0;0;0;0;0;0
-21,18;0;0;0;0;0;0;0;0;0;0;0;0;0;0;0;0;0;0;0;0;0;0;0;0;0;0;0;0;0;0;0;0;0;0;0;0
-21,13;0;0;0;0;0;0;0;0;0;0;0;0;0;0;0;0;0;0;0;0;0;0;0;0;0;0;0;0;0;0;0;0;0;0;0;0
-21,08;0;0;0;0;0;0;0;0;0;0;0;0;0;0;0;0;0;0;0;0;0;0;0;0;0;0;0;0;0;0;0;0;0;0;0;0
-21,03;0;0;0;0;0;0;0;0;0;0;0;0;0;0;0;0;0;0;0;0;0;0;0;0;0;0;0;0;0;0;0;0;0;0;0;0
-20,98;0;0;0;0;0;0;0;0;0;0;0;0;0;0;0;0;0;0;0;0;0;0;0;0;0;0;0;0;0;0;0;0;0;0;0;0
-20,93;0;0;0;0;0;0;0;0;0;0;0;0;0;0;0;0;0;0;0;0;0;0;0;0;0;0;0;0;0;0;0;0;0;0;0;0
-20,88;0;0;0;0;0;0;0;0;0;0;0;0;0;0;0;0;0;0;0;0;0;0;0;0;0;0;0;0;0;0;0;0;0;0;0;0
-20,83;0;0;0;0;0;0;0;0;0;0;0;0;0;0;0;0;0;0;0;0;0;0;0;0;0;0;0;0;0;0;0;0;0;0;0;0
-20,78;0;0;0;0;0;0;0;0;0;0;0;0;0;0;0;0;0;0;0;0;0;0;0;0;0;0;0;0;0;0;0;0;0;0;0;0
-20,73;0;0;0;0;0;0;0;0;0;0;0;0;0;0;0;0;0;0;0;0;0;0;0;0;0;0;0;0;0;0;0;0;0;0;0;0
-20,68;0;0;0;0;0;0;0;0;0;0;0;0;0;0;0;0;0;0;0;0;0;0;0;0;0;0;0;0;0;0;0;0;0;0;0;0
-20,63;0;0;0;0;0;0;0;0;0;0;0;0;0;0;0;0;0;0;0;0;0;0;0;0;0;0;0;0;0;0;0;0;0;0;0;0
-20,58;0;0;0;0;0;0;0;0;0;0;0;0;0;0;0;0;0;0;0;0;0;0;0;0;0;0;0;0;0;0;0;0;0;0;0;0
-20,53;0;0;0;0;0;0;0;0;0;0;0;0;0;0;0;0;0;0;0;0;0;0;0;0;0;0;0;0;0;0;0;0;0;0;0;0
-20,48;0;0;0;0;0;0;0;0;0;0;0;0;0;0;0;0;0;0;0;0;0;0;0;0;0;0;0;0;0;0;0;0;0;0;0;0
-20,43;0;0;0;0;0;0;0;0;0;0;0;0;0;0;0;0;0;0;0;0;0;0;0;0;0;0;0;0;0;0;0;0;0;0;0;0
-20,38;0;0;0;0;0;0;0;0;0;0;0;0;0;0;0;0;0;0;0;0;0;0;0;0;0;0;0;0;0;0;0;0;0;0;0;0
-20,33;0;0;0;0;0;0;0;0;0;0;0;0;0;0;0;0;0;0;0;0;0;0;0;0;0;0;0;0;0;0;0;0;0;0;0;0
-20,28;0;0;0;0;0;0;0;0;0;0;0;0;0;0;0;0;0;0;0;0;0;0;0;0;0;0;0;0;0;0;0;0;0;0;0;0
-20,23;0;0;0;0;0;0;0;0;0;0;0;0;0;0;0;0;0;0;0;0;0;0;0;0;0;0;0;0;0;0;0;0;0;0;0;0
-20,18;0;0;0;0;0;0;0;0;0;0;0;0;0;0;0;0;0;0;0;0;0;0;0;0;0;0;0;0;0;0;0;0;0;0;0;0
-20,13;0;0;0;0;0;0;0;0;0;0;0;0;0;0;0;0;0;0;0;0;0;0;0;0;0;0;0;0;0;0;0;0;0;0;0;0
-20,08;0;0;0;0;0;0;0;0;0;0;0;0;0;0;0;0;0;0;0;0;0;0;0;0;0;0;0;0;0;0;0;0;0;0;0;0
-20,03;0;0;0;0;0;0;0;0;0;0;0;0;0;0;0;0;0;0;0;0;0;0;0;0;0;0;0;0;0;0;0;0;0;0;0;0
-19,98;0;0;0;0;0;0;0;0;0;0;0;0;0;0;0;0;0;0;0;0;0;0;0;0;0;0;0;0;0;0;0;0;0;0;0;0
-19,93;0;0;0;0;0;0;0;0;0;0;0;0;0;0;0;0;0;0;0;0;0;0;0;0;0;0;0;0;0;0;0;0;0;0;0;0
-19,88;0;0;0;0;0;0;0;0;0;0;0;0;0;0;0;0;0;0;0;0;0;0;0;0;0;0;0;0;0;0;0;0;0;0;0;0
-19,83;0;0;0;0;0;0;0;0;0;0;0;0;0;0;0;0;0;0;0;0;0;0;0;0;0;0;0;0;0;0;0;0;0;0;0;0
-19,78;0;0;0;0;0;0;0;0;0;0;0;0;0;0;0;0;0;0;0;0;0;0;0;0;0;0;0;0;0;0;0;0;0;0;0;0
-19,73;0;0;0;0;0;0;0;0;0;0;0;0;0;0;0;0;0;0;0;0;0;0;0;0;0;0;0;0;0;0;0;0;0;0;0;0
-19,68;0;0;0;0;0;0;0;0;0;0;0;0;0;0;0;0;0;0;0;0;0;0;0;0;0;0;0;0;0;0;0;0;0;0;0;0
-19,63;0;0;0;0;0;0;0;0;0;0;0;0;0;0;0;0;0;0;0;0;0;0;0;0;0;0;0;0;0;0;0;0;0;0;0;0
-19,58;0;0;0;0;0;0;0;0;0;0;0;0;0;0;0;0;0;0;0;0;0;0;0;0;0;0;0;0;0;0;0;0;0;0;0;0
-19,53;0;0;0;0;0;0;0;0;0;0;0;0;0;0;0;0;0;0;0;0;0;0;0;0;0;0;0;0;0;0;0;0;0;0;0;0
-19,48;0;0;0;0;0;0;0;0;0;0;0;0;0;0;0;0;0;0;0;0;0;0;0;0;0;0;0;0;0;0;0;0;0;0;0;0
-19,43;0;0;0;0;0;0;0;0;0;0;0;0;0;0;0;0;0;0;0;0;0;0;0;0;0;0;0;0;0;0;0;0;0;0;0;0
-19,38;0;0;0;0;0;0;0;0;0;0;0;0;0;0;0;0;0;0;0;0;0;0;0;0;0;0;0;0;0;0;0;0;0;0;0;0
-19,33;0;0;0;0;0;0;0;0;0;0;0;0;0;0;0;0;0;0;0;0;0;0;0;0;0;0;0;0;0;0;0;0;0;0;0;0
-19,28;0;0;0;0;0;0;0;0;0;0;0;0;0;0;0;0;0;0;0;0;0;0;0;0;0;0;0;0;0;0;0;0;0;0;0;0
-19,23;0;0;0;0;0;0;0;0;0;0;0;0;0;0;0;0;0;0;0;0;0;0;0;0;0;0;0;0;0;0;0;0;0;0;0;0
-19,18;0;0;0;0;0;0;0;0;0;0;0;0;0;0;0;0;0;0;0;0;0;0;0;0;0;0;0;0;0;0;0;0;0;0;0;0
-19,13;0;0;0;0;0;0;0;0;0;0;0;0;0;0;0;0;0;0;0;0;0;0;0;0;0;0;0;0;0;0;0;0;0;0;0;0
-19,08;0;0;0;0;0;0;0;0;0;0;0;0;0;0;0;0;0;0;0;0;0;0;0;0;0;0;0;0;0;0;0;0;0;0;0;0
-19,03;0;0;0;0;0;0;0;0;0;0;0;0;0;0;0;0;0;0;0;0;0;0;0;0;0;0;0;0;0;0;0;0;0;0;0;0
-18,98;0;0;0;0;0;0;0;0;0;0;0;0;0;0;0;0;0;0;0;0;0;0;0;0;0;0;0;0;0;0;0;0;0;0;0;0
-18,93;0;0;0;0;0;0;0;0;0;0;0;0;0;0;0;0;0;0;0;0;0;0;0;0;0;0;0;0;0;0;0;0;0;0;0;0
-18,88;0;0;0;0;0;0;0;0;0;0;0;0;0;0;0;0;0;0;0;0;0;0;0;0;0;0;0;0;0;0;0;0;0;0;0;0
-18,83;0;0;0;0;0;0;0;0;0;0;0;0;0;0;0;0;0;0;0;0;0;0;0;0;0;0;0;0;0;0;0;0;0;0;0;0
-18,78;0;0;0;0;0;0;0;0;0;0;0;0;0;0;0;0;0;0;0;0;0;0;0;0;0;0;0;0;0;0;0;0;0;0;0;0
-18,73;0;0;0;0;0;0;0;0;0;0;0;0;0;0;0;0;0;0;0;0;0;0;0;0;0;0;0;0;0;0;0;0;0;0;0;0
-18,68;0;0;0;0;0;0;0;0;0;0;0;0;0;0;0;0;0;0;0;0;0;0;0;0;0;0;0;0;0;0;0;0;0;0;0;0
-18,63;0;0;0;0;0;0;0;0;0;0;0;0;0;0;0;0;0;0;0;0;0;0;0;0;0;0;0;0;0;0;0;0;0;0;0;0
-18,58;0;0;0;0;0;0;0;0;0;0;0;0;0;0;0;0;0;0;0;0;0;0;0;0;0;0;0;0;0;0;0;0;0;0;0;0
-18,53;0;0;0;0;0;0;0;0;0;0;0;0;0;0;0;0;0;0;0;0;0;0;0;0;0;0;0;0;0;0;0;0;0;0;0;0
-18,48;0;0;0;0;0;0;0;0;0;0;0;0;0;0;0;0;0;0;0;0;0;0;0;0;0;0;0;0;0;0;0;0;0;0;0;0
-18,43;0;0;0;0;0;0;0;0;0;0;0;0;0;0;0;0;0;0;0;0;0;0;0;0;0;0;0;0;0;0;0;0;0;0;0;0
-18,38;0;0;0;0;0;0;0;0;0;0;0;0;0;0;0;0;0;0;0;0;0;0;0;0;0;0;0;0;0;0;0;0;0;0;0;0
-18,33;0;0;0;0;0;0;0;0;0;0;0;0;0;0;0;0;0;0;0;0;0;0;0;0;0;0;0;0;0;0;0;0;0;0;0;0
-18,28;0;0;0;0;0;0;0;0;0;0;0;0;0;0;0;0;0;0;0;0;0;0;0;0;0;0;0;0;0;0;0;0;0;0;0;0
-18,23;0;0;0;0;0;0;0;0;0;0;0;0;0;0;0;0;0;0;0;0;0;0;0;0;0;0;0;0;0;0;0;0;0;0;0;0
-18,18;0;0;0;0;0;0;0;0;0;0;0;0;0;0;0;0;0;0;0;0;0;0;0;0;0;0;0;0;0;0;0;0;0;0;0;0
-18,13;2,7e-11;1,46e-28;1,72e-29;1,09e-28;1,09e-28;7,58e-28;4,58e-23;4,58e-23;1,24e-27;1,24e-27;5,52e-27;4,47e-28;2,95e-23;2,95e-23;1,662e-14;2,638e-23;2,638e-23;2,832e-25;2,832e-25;5,46e-14;2,63e-13;8,384e-22;8,384e-22;4,542e-28;1,32e-28;1,316e-11;1,318e-11;1,086e-27;3,276e-18;3,272e-18;1,942e-27;1,94e-27;6,54e-27;8,04e-27;1,596e-13;1,596e-13
-18,08;1,08e-9;5,81e-27;6,9e-28;4,35e-27;4,35e-27;3,08e-26;1,88e-21;1,88e-21;4,92e-26;4,92e-26;2,19e-25;1,78e-26;1,17e-21;1,17e-21;6,56e-13;1,076e-21;1,076e-21;1,12e-23;1,12e-23;2,158e-12;1,08e-11;3,364e-20;3,364e-20;1,818e-26;5,244e-27;5,28e-10;5,28e-10;4,398e-26;1,34e-16;1,342e-16;7,756e-26;7,736e-26;2,628e-25;3,204e-25;6,32e-12;6,332e-12
-18,03;3,32e-8;1,77e-25;2,1e-26;1,32e-25;1,32e-25;9,55e-25;5,89e-20;5,89e-20;1,49e-24;1,49e-24;6,65e-24;5,44e-25;3,52e-20;3,52e-20;1,986e-11;3,356e-20;3,356e-20;3,382e-22;3,382e-22;6,52e-11;3,386e-10;1,025e-18;1,025e-18;5,568e-25;1,596e-25;1,62e-8;1,62e-8;1,356e-24;4,2e-15;4,196e-15;2,355e-24;2,356e-24;8,04e-24;9,78e-24;1,92e-10;1,92e-10
-17,98;7,76e-7;4,11e-24;4,91e-25;3,04e-24;3,04e-24;2,26e-23;1,41e-18;1,41e-18;3,46e-23;3,46e-23;1,54e-22;1,27e-23;8,12e-19;8,12e-19;4,58e-10;7,98e-19;7,98e-19;7,8e-21;7,8e-21;1,502e-9;8,1e-9;2,392e-17;2,392e-17;1,302e-23;3,696e-24;3,788e-7;3,784e-7;3,21e-23;1e-13;9,992e-14;5,466e-23;5,472e-23;1,878e-22;2,274e-22;4,44e-9;4,444e-9
-17,93;0,0000139;7,3e-23;8,73e-24;5,38e-23;5,38e-23;4,09e-22;2,58e-17;2,58e-17;6,13e-22;6,13e-22;2,72e-21;2,25e-22;1,43e-17;1,43e-17;8,04e-9;1,45e-17;1,45e-17;1,372e-19;1,372e-19;2,642e-8;1,48e-7;4,266e-16;4,266e-16;2,322e-22;6,54e-23;0,00000676;0,000006756;5,778e-22;1,82e-12;1,822e-12;9,7e-22;9,72e-22;3,354e-21;4,05e-21;7,84e-8;7,86e-8
-17,88;0,000189;9,89e-22;1,19e-22;7,24e-22;7,24e-22;5,64e-21;3,59e-16;3,59e-16;8,28e-21;8,28e-21;3,67e-20;3,05e-21;1,92e-16;1,92e-16;1,082e-7;2,012e-16;2,012e-16;1,842e-18;1,842e-18;3,55e-7;0,000002062;5,786e-15;5,786e-15;3,162e-21;8,88e-22;0,0000924;0,00009212;7,98e-21;2,532e-11;2,532e-11;1,317e-20;1,316e-20;4,572e-20;5,502e-20;0,00000106;0,000001059
-17,83;0,00197;1,02e-20;1,23e-21;7,45e-21;7,45e-21;5,95e-20;3,82e-15;3,82e-15;8,53e-20;8,53e-20;3,78e-19;3,16e-20;1,97e-15;1,97e-15;0,000001108;2,13e-15;2,13e-15;1,888e-17;1,888e-17;0,000003638;0,00002196;6,024e-14;6,024e-14;3,288e-20;9,12e-21;0,00096;0,00096;8,34e-20;2,688e-10;2,686e-10;1,361e-19;1,364e-19;4,752e-19;5,706e-19;0,00001092;0,00001092
-17,78;0,0157;8,08e-20;9,75e-21;5,85e-20;5,85e-20;4,78e-19;3,11e-14;3,11e-14;6,72e-19;6,72e-19;2,97e-18;2,5e-19;1,54e-14;1,54e-14;0,00000866;1,724e-14;1,724e-14;1,478e-16;1,478e-16;0,00002846;0,0001784;4,772e-13;4,772e-13;2,616e-19;7,2e-20;0,00764;0,007624;6,72e-19;2,176e-9;2,176e-9;1,076e-18;1,078e-18;3,774e-18;4,518e-18;0,0000856;0,00008576
-17,73;0,0951;4,87e-19;5,89e-20;3,51e-19;3,51e-19;2,94e-18;1,93e-13;1,93e-13;4,04e-18;4,04e-18;1,78e-17;1,51e-18;9,19e-14;9,19e-14;0,0000518;1,062e-13;1,062e-13;8,82e-16;8,82e-16;0,0001702;0,001106;2,892e-12;2,892e-12;1,584e-18;4,332e-19;0,0464;0,04624;4,104e-18;1,348e-8;1,346e-8;6,478e-18;6,5e-18;2,292e-17;2,73e-17;0,000516;0,0005136
-17,68;0,441;2,24e-18;2,72e-19;1,61e-18;1,61e-18;1,38e-17;9,11e-13;9,11e-13;1,85e-17;1,85e-17;8,17e-17;6,95e-18;4,19e-13;4,19e-13;0,000236;5,008e-13;5,008e-13;4,03e-15;4,03e-15;0,000776;0,00524;1,335e-11;1,335e-11;7,32e-18;1,992e-18;0,2148;0,2148;1,92e-17;6,36e-8;6,36e-8;2,988e-17;2,988e-17;1,062e-16;1,26e-16;0,002356;0,002354
-17,63;1,56;7,89e-18;9,6e-19;1,94e-15;1,94e-15;4,94e-17;3,54e-12;3,54e-12;6,49e-17;6,49e-17;2,86e-16;2,45e-17;1,64e-12;1,64e-12;0,000822;1,862e-12;1,862e-12;1,428e-14;1,428e-14;0,002696;0,0189;4,994e-11;4,994e-11;2,598e-17;6,96e-18;0,76;0,7596;6,84e-17;2,292e-7;2,292e-7;1,053e-16;1,052e-16;3,75e-16;4,446e-16;0,00824;0,008244
-17,58;4,22;1,94e-14;2,1e-15;6,82e-14;6,82e-14;2,11e-14;1,77e-11;1,77e-11;1,74e-16;1,74e-16;2,28e-13;8,81e-14;1,04e-11;1,04e-11;0,002182;7,14e-12;7,14e-12;4,76e-14;4,76e-14;0,00718;0,052;2,24e-10;2,24e-10;5,214e-16;1,752e-10;2,056;2,054;3,984e-16;6,32e-7;6,3e-7;5,13e-16;5,13e-16;9,9e-15;2,724e-12;0,022;0,02198
-17,53;8,7;6,62e-13;7,69e-14;1,83e-12;1,83e-12;7,17e-13;2,49e-10;2,49e-10;3,55e-16;3,55e-16;7,75e-12;3,23e-12;1,84e-10;1,84e-10;0,00442;6,924e-11;6,924e-11;3,538e-13;3,538e-13;0,01452;0,1096;2,858e-9;2,858e-9;1,668e-14;6,12e-9;4,24;4,232;8,16e-15;0,000001324;0,000001322;8,708e-15;8,704e-15;3,21e-13;9,3e-11;0,0448;0,04476
-17,48;13,7;1,72e-11;2,15e-12;3,76e-11;3,76e-11;1,87e-11;4,72e-9;4,72e-9;5,63e-16;5,63e-16;2,02e-10;9,03e-11;3,63e-9;3,63e-9;0,00686;1,218e-9;1,218e-9;5,84e-12;5,84e-12;0,02248;0,1764;5,376e-8;5,376e-8;4,626e-13;1,62e-7;6,68;6,688;2,172e-13;0,00000212;0,000002122;2,194e-13;2,193e-13;8,7e-12;2,436e-9;0,0696;0,06964
-17,43;16,5;3,43e-10;4,6e-11;5,88e-10;5,88e-10;3,71e-10;7,31e-8;7,31e-8;2,81e-14;2,81e-14;4,01e-9;1,93e-9;5,67e-8;5,67e-8;0,00808;1,878e-8;1,878e-8;8,981e-11;8,981e-11;0,02654;0,2164;8,344e-7;8,344e-7;9,84e-12;0,000003294;8,04;8,04;4,614e-12;0,000002596;0,0000026;4,496e-12;4,481e-12;1,818e-10;4,866e-8;0,0828;0,0828
-17,38;15,2;5,2e-9;7,49e-10;7,03e-9;7,03e-9;5,64e-9;8,7e-7;8,7e-7;1,02e-12;1,02e-12;6,09e-8;3,14e-8;6,78e-7;6,78e-7;0,00728;2,236e-7;2,236e-7;1,068e-9;1,068e-9;0,02394;0,2024;0,000009932;0,000009932;1,608e-10;0,00005118;7,4;7,384;7,5e-11;0,000002432;0,000002434;7,052e-11;7,04e-11;2,904e-9;7,44e-7;0,0752;0,07504
-17,33;10,6;6,03e-8;9,33e-9;6,41e-8;6,41e-8;6,53e-8;0,0000079;0,0000079;2,9e-11;2,9e-11;7,06e-7;3,91e-7;0,00000619;0,00000619;0,00502;0,000002034;0,000002034;9,766e-9;9,766e-9;0,01648;0,1448;0,00009052;0,00009052;1,998e-9;0,000606;5,203;5,192;9,36e-10;0,000001791;0,000001792;8,46e-10;8,48e-10;3,54e-8;0,00000864;0,052;0,05192
-17,28;5,78;5,33e-7;8,86e-8;4,47e-7;4,47e-7;5,78e-7;0,0000548;0,0000548;6,3e-10;6,3e-10;0,00000624;0,00000372;0,0000431;0,0000431;0,002638;0,00001412;0,00001412;6,833e-8;6,833e-8;0,008682;0,079;0,000628;0,000628;1,896e-8;0,005514;2,816;2,816;8,88e-9;0,00000137;0,000001372;7,768e-9;7,76e-9;3,3e-7;0,0000768;0,02749;0,02748
-17,23;2,8;0,0000036;6,42e-7;0,00000237;0,00000237;0,0000039;0,00029;0,00029;1,05e-8;1,05e-8;0,0000421;0,0000269;0,000229;0,000229;0,001076;0,0000748;0,0000748;3,671e-7;3,671e-7;0,003593;0,03339;0,003328;0,003328;1,374e-7;0,03822;1,344;1,344;6,42e-8;0,000002668;0,000002668;5,436e-8;5,44e-8;0,000002352;0,000522;0,01116;0,01116
-17,18;2,67;0,0000186;0,00000355;0,00000963;0,00000963;0,0000201;0,00117;0,00117;1,32e-7;1,32e-7;0,000217;0,000149;0,000929;0,000929;0,000421;0,0003028;0,0003028;0,000001537;0,000001537;0,001694;0,01354;0,01351;0,01351;7,62e-7;0,2028;1,202;1,204;3,546e-7;0,000009352;0,000009354;2,918e-7;2,921e-7;0,00001278;0,002712;0,003659;0,003648
-17,13;6,37;0,000073;0,000015;0,0000298;0,0000298;0,000079;0,00361;0,00361;0,00000128;0,00000128;0,000854;0,00063;0,00288;0,00288;0,000459;0,000936;0,000936;0,000005234;0,000005234;0,002748;0,01558;0,0417;0,0417;0,000003216;0,828;2,706;2,706;0,000001494;0,00002858;0,00002859;0,000001198;0,000001197;0,00005316;0,0108;0,001542;0,001542
-17,08;15,3;0,000219;0,0000484;0,0000705;0,0000705;0,000237;0,0085;0,0085;0,00000945;0,00000945;0,00256;0,00203;0,0068;0,0068;0,001169;0,002226;0,002226;0,00001587;0,00001587;0,007594;0,04252;0,09852;0,09852;0,00001038;2,586;6,204;6,216;0,000004818;0,00006744;0,00006738;0,000003756;0,000003764;0,0001686;0,033;0,001888;0,001888
-17,03;29,2;0,000502;0,000119;0,000127;0,000127;0,000544;0,0153;0,0153;0,0000532;0,0000532;0,00588;0,005;0,0123;0,0123;0,00266;0,0041;0,0041;0,00004834;0,00004834;0,01744;0,1037;0,1784;0,1784;0,00002568;6,3;11,16;11,15;0,00001188;0,0001216;0,0001214;0,000009088;0,000009101;0,0004098;0,0786;0,003158;0,00316
-16,98;43,7;0,000878;0,000224;0,000175;0,000175;0,000951;0,0209;0,0209;0,000229;0,000229;0,0103;0,00938;0,0169;0,0169;0,004664;0,006044;0,006044;0,0001508;0,0001508;0,03072;0,1947;0,2473;0,2473;0,00004878;12,12;15,3;15,3;0,00002232;0,000167;0,0001672;0,00001698;0,00001697;0,000762;0,1476;0,00432;0,004319
-16,93;52,5;0,00117;0,000321;0,000184;0,000184;0,00127;0,0219;0,0219;0,000751;0,000751;0,0137;0,0135;0,0178;0,0178;0,006254;0,00768;0,00768;0,0004346;0,0004346;0,04132;0,2789;0,2708;0,2708;0,000072;19,14;16,06;16,04;0,00003216;0,0001754;0,0001755;0,0000249;0,0000249;0,001074;0,2292;0,004536;0,004525
-16,88;53,3;0,00119;0,000351;0,000148;0,000148;0,00129;0,0175;0,0175;0,00188;0,00188;0,014;0,0147;0,0143;0,0143;0,006392;0,0095;0,0095;0,00104;0,00104;0,04244;0,3054;0,2422;0,2422;0,0000828;26,34;12,84;12,84;0,00003564;0,0001408;0,0001406;0,00002958;0,00002958;0,00117;0,312;0,00362;0,003625
-16,83;49,7;0,00093;0,000293;0,0000905;0,0000905;0,00101;0,0107;0,0107;0,0036;0,0036;0,0109;0,0123;0,00873;0,00873;0,004994;0,01217;0,01217;0,001958;0,001958;0,03332;0,2552;0,1972;0,1972;0,000078;32,82;7,856;7,856;0,00003066;0,00008596;0,00008608;0,00002984;0,00002985;0,000972;0,3906;0,002218;0,002217
-16,78;45,4;0,000552;0,000187;0,0000423;0,0000423;0,000598;0,00497;0,00497;0,00525;0,00525;0,00646;0,00784;0,00408;0,00408;0,002978;0,01493;0,01493;0,00284;0,00284;0,01996;0,1627;0,1634;0,1634;0,0000624;37,08;3,666;3,664;0,00002088;0,00004012;0,00004017;0,00002692;0,00002694;0,000624;0,4464;0,001047;0,001046
-16,73;39,6;0,00025;0,000091;0,0000151;0,0000151;0,000271;0,00177;0,00177;0,00585;0,00585;0,00293;0,00382;0,00146;0,00146;0,001356;0,01553;0,01553;0,003154;0,003154;0,009132;0,07912;0,138;0,138;0,00004428;36,12;1,31;1,311;0,00001158;0,00001432;0,00001435;0,0000221;0,0000221;0,0003156;0,4398;0,0004776;0,0004763
-16,68;30,3;0,0000865;0,0000338;0,00000415;0,00000415;0,0000937;0,000479;0,000479;0,00498;0,00498;0,00101;0,00142;0,000397;0,000397;0,0004704;0,01286;0,01286;0,002678;0,002678;0,003194;0,02942;0,1053;0,1053;0,00002826;28,8;0,3956;0,3954;0,000005544;0,000004;0,000003993;0,00001588;0,00001588;0,0001278;0,3534;0,0008104;0,0008102
-16,63;19,1;0,0000229;0,00000959;0,00000116;0,00000116;0,0000248;0,000101;0,000101;0,00323;0,00323;0,000267;0,000402;0,0000893;0,0000893;0,0001252;0,008233;0,008233;0,001736;0,001736;0,000851;0,008335;0,06589;0,06589;0,00001566;18,18;0,2734;0,2737;0,00000237;0,000001288;0,000001285;0,0000095;0,00000951;0,00004338;0,2232;0,003616;0,003612
-16,58;10,6;0,00000461;0,00000208;0,00000208;0,00000208;0,00000499;0,0000299;0,0000299;0,0016;0,0016;0,0000539;0,0000871;0,000056;0,000056;0,00002536;0,004058;0,004058;0,00086;0,00086;0,0001738;0,001805;0,03243;0,03243;0,00000714;8,88;0,7716;0,7728;9,06e-7;0,000001928;0,000001926;0,00000454;0,000004532;0,00001302;0,1092;0,01434;0,01433
-16,53;8,01;7,09e-7;3,43e-7;0,00000934;0,00000934;7,68e-7;0,0000697;0,0000697;0,000606;0,000606;0,0000083;0,0000144;0,000207;0,000207;0,000003924;0,001556;0,001556;0,000333;0,000333;0,00002708;0,0002982;0,01302;0,01302;0,000002598;3,324;2,26;2,263;2,982e-7;0,000005304;0,000005318;0,000001686;0,000001686;0,000003546;0,04098;0,0458;0,04588
-16,48;11,9;8,32e-8;4,32e-8;0,0000341;0,0000341;9,02e-8;0,000247;0,000247;0,000175;0,000175;9,74e-7;0,00000181;0,000754;0,000754;4,632e-7;0,000563;0,000563;0,0001254;0,0001254;0,000003224;0,0000376;0,006718;0,006718;7,32e-7;0,954;5,344;5,364;8,04e-8;0,00001226;0,00001228;4,816e-7;4,806e-7;8,52e-7;0,01176;0,1192;0,1194
-16,43;21,1;7,46e-9;4,16e-9;0,0000954;0,0000954;8,08e-9;0,000687;0,000687;0,0000385;0,0000385;8,73e-8;1,75e-7;0,00211;0,00211;4,186e-8;0,0004486;0,0004486;0,0001099;0,0001099;2,928e-7;0,000003621;0,009736;0,009736;1,596e-7;0,2094;10,2;10,19;1,71e-8;0,00002278;0,00002278;1,058e-7;1,059e-7;1,71e-7;0,002586;0,2548;0,2546
-16,38;32,7;5,11e-10;3,06e-10;0,000203;0,000203;5,53e-10;0,00146;0,00146;0,00000648;0,00000648;5,98e-9;1,28e-8;0,00449;0,00449;2,894e-9;0,000768;0,000768;0,000194;0,000194;2,036e-8;2,662e-7;0,01922;0,01922;2,664e-8;0,0351;15,88;15,86;2,82e-9;0,00003438;0,00003436;1,772e-8;1,774e-8;2,754e-8;0,0004332;0,4454;0,4456
-16,33;41,9;2,67e-11;1,72e-11;0,000331;0,000331;2,89e-11;0,00237;0,00237;8,32e-7;8,32e-7;3,13e-10;7,2e-10;0,00731;0,00731;1,662e-10;0,00122;0,00122;0,0003108;0,0003108;1,124e-9;1,531e-8;0,03108;0,03108;3,402e-9;0,004494;20,28;20,28;3,582e-10;0,00004256;0,00004254;2,274e-9;2,274e-9;3,468e-9;0,00005538;0,6328;0,634
-16,28;43,9;1,07e-12;7,36e-13;0,000412;0,000412;1,16e-12;0,00293;0,00293;8,15e-8;8,15e-8;1,25e-11;3,09e-11;0,00909;0,00909;2,373e-11;0,00151;0,00151;0,0003854;0,0003854;9,634e-11;1,113e-9;0,03848;0,03848;3,312e-10;0,0004392;21,2;21,18;3,486e-11;0,00004328;0,00004322;2,224e-10;2,224e-10;3,372e-10;0,000005412;0,7188;0,7208
-16,23;37,2;3,27e-14;2,41e-14;0,000391;0,000391;3,59e-14;0,00277;0,00277;6,1e-9;6,1e-9;3,87e-13;1,01e-12;0,00862;0,00862;1,689e-11;0,001428;0,001428;0,000366;0,000366;5,096e-11;4,662e-10;0,0364;0,0364;2,466e-11;0,00003276;17,86;17,9;2,598e-12;0,00003568;0,00003566;1,66e-11;1,664e-11;2,514e-11;4,032e-7;0,6466;0,6456
-16,18;25;8,1e-16;6,25e-16;0,000283;0,000283;1,23e-15;0,002;0,002;3,48e-10;3,48e-10;1,23e-14;2,6e-14;0,00625;0,00625;1,208e-11;0,00103;0,00103;0,000265;0,000265;3,601e-11;3,222e-10;0,02643;0,02643;1,404e-12;0,000001866;12,02;12;1,488e-13;0,00002356;0,00002358;9,48e-13;9,488e-13;1,434e-12;2,292e-8;0,4512;0,452
-16,13;13,2;2,34e-17;1,1e-17;0,000156;0,000156;2,15e-16;0,0011;0,0011;1,52e-11;1,52e-11;1,82e-15;3,34e-16;0,00345;0,00345;6,68e-12;0,000568;0,000568;0,0001464;0,0001464;1,988e-11;1,772e-10;0,01455;0,01455;6,06e-14;8,1e-8;6,336;6,328;6,96e-15;0,00001232;0,00001228;4,16e-14;4,162e-14;6,36e-14;9,96e-10;0,244;0,2442
-16,08;5,41;9,47e-18;4,46e-18;0,000066;0,000066;8,93e-17;0,000461;0,000461;5,05e-13;5,05e-13;7,61e-16;1,34e-16;0,00146;0,00146;2,82e-12;0,0002384;0,0002384;0,0000618;0,0000618;8,4e-12;7,44e-11;0,006128;0,006128;2,046e-15;2,688e-9;2,594;2,594;4,5e-16;0,00000501;0,000005008;1,524e-15;1,524e-15;2,634e-15;3,306e-11;0,1014;0,1016
-16,03;1,71;3,02e-18;1,42e-18;0,0000212;0,0000212;2,85e-17;0,000148;0,000148;1,29e-14;1,29e-14;2,44e-16;4,26e-17;0,000469;0,000469;9,08e-13;0,0000766;0,0000766;0,00001992;0,00001992;2,702e-12;2,386e-11;0,001969;0,001969;6,24e-17;6,78e-11;0,8216;0,822;8,1e-17;0,000001578;0,000001578;8,4e-17;8,42e-17;2,322e-16;8,34e-13;0,0324;0,03242
-15,98;0,416;7,39e-19;3,45e-19;0,00000522;0,00000522;6,95e-18;0,0000362;0,0000362;1,01e-17;1,01e-17;5,98e-17;1,04e-17;0,000115;0,000115;2,234e-13;0,00001876;0,00001876;0,0000049;0,0000049;6,64e-13;5,84e-12;0,0004832;0,0004832;2,856e-18;1,932e-18;0,1994;0,1992;1,848e-17;3,83e-7;3,826e-7;1,204e-17;1,204e-17;4,386e-17;8,58e-17;0,007918;0,00792
-15,93;0,0774;1,38e-19;6,44e-20;9,8e-7;9,8e-7;1,3e-18;0,00000677;0,00000677;1,89e-18;1,89e-18;1,12e-17;1,94e-18;0,0000216;0,0000216;4,184e-14;0,000003508;0,000003508;9,18e-7;9,18e-7;1,246e-13;1,092e-12;0,00009058;0,00009058;5,328e-19;3,6e-19;0,0371;0,03712;3,45e-18;7,14e-8;7,14e-8;2,25e-18;2,25e-18;8,16e-18;1,602e-17;0,001478;0,00148
-15,88;0,011;1,97e-20;9,18e-21;1,4e-7;1,4e-7;1,85e-19;9,65e-7;9,65e-7;2,7e-19;2,7e-19;1,6e-18;2,76e-19;0,0000031;0,0000031;6e-15;5,006e-7;5,006e-7;1,314e-7;1,314e-7;1,786e-14;1,556e-13;0,00001294;0,00001294;7,62e-20;5,13e-20;0,005306;0,005288;4,926e-19;1,014e-8;1,014e-8;3,21e-19;3,21e-19;1,164e-18;2,286e-18;0,0002112;0,0002112
-15,83;0,0012;2,15e-21;1e-21;1,53e-8;1,53e-8;2,02e-20;1,05e-7;1,05e-7;2,94e-20;2,94e-20;1,75e-19;3,01e-20;3,39e-7;3,39e-7;6,56e-16;5,458e-8;5,458e-8;1,438e-8;1,438e-8;1,954e-15;1,694e-14;0,000001411;0,000001411;8,28e-21;5,586e-21;0,000577;0,0005748;5,37e-20;1,104e-9;1,104e-9;3,498e-20;3,498e-20;1,272e-19;2,49e-19;0,00002302;0,00002304
-15,78;0,0000999;1,79e-22;8,32e-23;1,28e-9;1,28e-9;1,68e-21;8,73e-9;8,73e-9;2,44e-21;2,44e-21;1,45e-20;2,51e-21;2,83e-8;2,83e-8;5,48e-17;4,534e-9;4,534e-9;1,198e-9;1,198e-9;1,63e-16;1,408e-15;1,176e-7;1,176e-7;6,9e-22;4,644e-22;0,00004784;0,0000478;4,47e-21;9,18e-11;9,2e-11;2,91e-21;2,91e-21;1,056e-20;2,07e-20;0,000001918;0,000001916
-15,73;0,00000635;1,13e-23;5,29e-24;8,16e-11;8,16e-11;1,07e-22;5,54e-10;5,54e-10;1,55e-22;1,55e-22;9,25e-22;1,59e-22;1,8e-9;1,8e-9;3,49e-18;2,878e-10;2,878e-10;7,64e-11;7,64e-11;1,038e-17;8,92e-17;7,468e-9;7,468e-9;4,374e-23;2,952e-23;0,000003042;0,000003042;2,838e-22;5,852e-12;5,822e-12;1,85e-22;1,848e-22;6,72e-22;1,314e-21;1,218e-7;1,218e-7
-15,68;3,08e-7;5,5e-25;2,56e-25;3,96e-12;3,96e-12;5,18e-24;2,68e-11;2,68e-11;7,52e-24;7,52e-24;4,49e-23;7,74e-24;8,75e-11;8,75e-11;1,698e-19;1,394e-11;1,394e-11;3,714e-12;3,714e-12;5,06e-19;4,34e-18;3,628e-10;3,628e-10;2,118e-24;1,434e-24;1,476e-7;1,476e-7;1,38e-23;2,834e-13;2,836e-13;8,956e-24;8,98e-24;3,252e-23;6,36e-23;5,926e-9;5,916e-9
-15,63;1,14e-8;2,03e-26;9,49e-27;1,47e-13;1,47e-13;1,92e-25;9,9e-13;9,9e-13;2,78e-25;2,78e-25;1,66e-24;2,86e-25;3,25e-12;3,25e-12;6,3e-21;5,16e-13;5,16e-13;1,378e-13;1,378e-13;1,874e-20;1,598e-19;1,345e-11;1,345e-11;7,86e-26;5,298e-26;5,478e-9;5,46e-9;5,106e-25;1,05e-14;1,05e-14;3,322e-25;3,322e-25;1,206e-24;2,364e-24;2,188e-10;2,19e-10
-15,58;3,22e-10;5,74e-28;2,68e-28;4,17e-15;4,17e-15;5,42e-27;2,79e-14;2,79e-14;7,85e-27;7,85e-27;4,7e-26;8,1e-27;9,2e-14;9,2e-14;1,784e-22;1,458e-14;1,458e-14;3,898e-15;3,898e-15;5,32e-22;4,5e-21;3,796e-13;3,796e-13;2,214e-27;1,494e-27;1,542e-10;1,544e-10;1,446e-26;2,972e-16;2,968e-16;9,392e-27;9,38e-27;3,402e-26;6,66e-26;6,204e-12;6,188e-12
-15,53;0;0;0;0;0;0;0;0;0;0;0;0;0;0;0;0;0;0;0;0;0;0;0;0;0;0;0;0;0;0;0;0;0;0;0;0
-15,48;0;0;0;0;0;0;0;0;0;0;0;0;0;0;0;0;0;0;0;0;0;0;0;0;0;0;0;0;0;0;0;0;0;0;0;0
-15,43;0;0;0;0;0;0;0;0;0;0;0;0;0;0;0;0;0;0;0;0;0;0;0;0;0;0;0;0;0;0;0;0;0;0;0;0
-15,38;0;0;0;0;0;0;0;0;0;0;0;0;0;0;0;0;0;0;0;0;0;0;0;0;0;0;0;0;0;0;0;0;0;0;0;0
-15,33;0;0;0;0;0;0;0;0;0;0;0;0;0;0;0;0;0;0;0;0;0;0;0;0;0;0;0;0;0;0;0;0;0;0;0;0
-15,28;0;0;0;0;0;0;0;0;0;0;0;0;0;0;0;0;0;0;0;0;0;0;0;0;0;0;0;0;0;0;0;0;0;0;0;0
-15,23;0;0;0;0;0;0;0;0;0;0;0;0;0;0;0;0;0;0;0;0;0;0;0;0;0;0;0;0;0;0;0;0;0;0;0;0
-15,18;0;0;0;0;0;0;0;0;0;0;0;0;0;0;0;0;0;0;0;0;0;0;0;0;0;0;0;0;0;0;0;0;0;0;0;0
-15,13;0;0;0;0;0;0;0;0;0;0;0;0;0;0;0;0;0;0;0;0;0;0;0;0;0;0;0;0;0;0;0;0;0;0;0;0
-15,08;0;0;0;0;0;0;0;0;0;0;0;0;0;0;0;0;0;0;0;0;0;0;0;0;0;0;0;0;0;0;0;0;0;0;0;0
-15,03;0;0;0;0;0;0;0;0;0;0;0;0;0;0;0;0;0;0;0;0;0;0;0;0;0;0;0;0;0;0;0;0;0;0;0;0
-14,98;0;0;0;0;0;0;0;0;0;0;0;0;0;0;0;0;0;0;0;0;0;0;0;0;0;0;0;0;0;0;0;0;0;0;0;0
-14,93;0;0;0;0;0;0;0;0;0;0;0;0;0;0;0;0;0;0;0;0;0;0;0;0;0;0;0;0;0;0;0;0;0;0;0;0
-14,88;0;0;0;0;0;0;0;0;0;0;0;0;0;0;0;0;0;0;0;0;0;0;0;0;0;0;0;0;0;0;0;0;0;0;0;0
-14,83;0;0;0;0;0;0;0;0;0;0;0;0;0;0;0;0;0;0;0;0;0;0;0;0;0;0;0;0;0;0;0;0;0;0;0;0
-14,78;0;0;0;0;0;0;0;0;0;0;0;0;0;0;0;0;0;0;0;0;0;0;0;0;0;0;0;0;0;0;0;0;0;0;0;0
-14,73;0;0;0;0;0;0;0;0;0;0;0;0;0;0;0;0;0;0;0;0;0;0;0;0;0;0;0;0;0;0;0;0;0;0;0;0
-14,68;0;0;0;0;0;0;0;0;0;0;0;0;0;0;0;0;0;0;0;0;0;0;0;0;0;0;0;0;0;0;0;0;0;0;0;0
-14,63;0;0;0;0;0;0;0;0;0;0;0;0;0;0;0;0;0;0;0;0;0;0;0;0;0;0;0;0;0;0;0;0;0;0;0;0
-14,58;0;0;0;0;0;0;0;0;0;0;0;0;0;0;0;0;0;0;0;0;0;0;0;0;0;0;0;0;0;0;0;0;0;0;0;0
-14,53;0;0;0;0;0;0;0;0;0;0;0;0;0;0;0;0;0;0;0;0;0;0;0;0;0;0;0;0;0;0;0;0;0;0;0;0
-14,48;0;0;0;0;0;0;0;0;0;0;0;0;0;0;0;0;0;0;0;0;0;0;0;0;0;0;0;0;0;0;0;0;0;0;0;0
-14,43;0;0;0;0;0;0;0;0;0;0;0;0;0;0;0;0;0;0;0;0;0;0;0;0;0;0;0;0;0;0;0;0;0;0;0;0
-14,38;0;0;0;0;0;0;0;0;0;0;0;0;0;0;0;0;0;0;0;0;0;0;0;0;0;0;0;0;0;0;0;0;0;0;0;0
-14,33;0;0;0;0;0;0;0;0;0;0;0;0;0;0;0;0;0;0;0;0;0;0;0;0;0;0;0;0;0;0;0;0;0;0;0;0
-14,28;0;0;0;0;0;0;0;0;0;0;0;0;0;0;0;0;0;0;0;0;0;0;0;0;0;0;0;0;0;0;0;0;0;0;0;0
-14,23;0;0;0;0;0;0;0;0;0;0;0;0;0;0;0;0;0;0;0;0;0;0;0;0;0;0;0;0;0;0;0;0;0;0;0;0
-14,18;0;0;0;0;0;0;0;0;0;0;0;0;0;0;0;0;0;0;0;0;0;0;0;0;0;0;0;0;0;0;0;0;0;0;0;0
-14,13;0;0;0;0;0;0;0;0;0;0;0;0;0;0;0;0;0;0;0;0;0;0;0;0;0;0;0;0;0;0;0;0;0;0;0;0
-14,08;0;0;0;0;0;0;0;0;0;0;0;0;0;0;0;0;0;0;0;0;0;0;0;0;0;0;0;0;0;0;0;0;0;0;0;0
-14,03;0;0;0;0;0;0;0;0;0;0;0;0;0;0;0;0;0;0;0;0;0;0;0;0;0;0;0;0;0;0;0;0;0;0;0;0
-13,98;0;0;0;0;0;0;0;0;0;0;0;0;0;0;0;0;0;0;0;0;0;0;0;0;0;0;0;0;0;0;0;0;0;0;0;0
-13,93;0;0;0;0;0;0;0;0;0;0;0;0;0;0;0;0;0;0;0;0;0;0;0;0;0;0;0;0;0;0;0;0;0;0;0;0
-13,88;0;0;0;0;0;0;0;0;0;0;0;0;0;0;0;0;0;0;0;0;0;0;0;0;0;0;0;0;0;0;0;0;0;0;0;0
-13,83;0;0;0;0;0;0;0;0;0;0;0;0;0;0;0;0;0;0;0;0;0;0;0;0;0;0;0;0;0;0;0;0;0;0;0;0
-13,78;0;0;0;0;0;0;0;0;0;0;0;0;0;0;0;0;0;0;0;0;0;0;0;0;0;0;0;0;0;0;0;0;0;0;0;0
-13,73;0;0;0;0;0;0;0;0;0;0;0;0;0;0;0;0;0;0;0;0;0;0;0;0;0;0;0;0;0;0;0;0;0;0;0;0
-13,68;0;0;0;0;0;0;0;0;0;0;0;0;0;0;0;0;0;0;0;0;0;0;0;0;0;0;0;0;0;0;0;0;0;0;0;0
-13,63;0;0;0;0;0;0;0;0;0;0;0;0;0;0;0;0;0;0;0;0;0;0;0;0;0;0;0;0;0;0;0;0;0;0;0;0
-13,58;0;0;0;0;0;0;0;0;0;0;0;0;0;0;0;0;0;0;0;0;0;0;0;0;0;0;0;0;0;0;0;0;0;0;0;0
-13,53;0;0;0;0;0;0;0;0;0;0;0;0;0;0;0;0;0;0;0;0;0;0;0;0;0;0;0;0;0;0;0;0;0;0;0;0
-13,48;0;0;0;0;0;0;0;0;0;0;0;0;0;0;0;0;0;0;0;0;0;0;0;0;0;0;0;0;0;0;0;0;0;0;0;0
-13,43;0;0;0;0;0;0;0;0;0;0;0;0;0;0;0;0;0;0;0;0;0;0;0;0;0;0;0;0;0;0;0;0;0;0;0;0
-13,38;0;0;0;0;0;0;0;0;0;0;0;0;0;0;0;0;0;0;0;0;0;0;0;0;0;0;0;0;0;0;0;0;0;0;0;0
-13,33;0;0;0;0;0;0;0;0;0;0;0;0;0;0;0;0;0;0;0;0;0;0;0;0;0;0;0;0;0;0;0;0;0;0;0;0
-13,28;0;0;0;0;0;0;0;0;0;0;0;0;0;0;0;0;0;0;0;0;0;0;0;0;0;0;0;0;0;0;0;0;0;0;0;0
-13,23;0;0;0;0;0;0;0;0;0;0;0;0;0;0;0;0;0;0;0;0;0;0;0;0;0;0;0;0;0;0;0;0;0;0;0;0
-13,18;0;0;0;0;0;0;0;0;0;0;0;0;0;0;0;0;0;0;0;0;0;0;0;0;0;0;0;0;0;0;0;0;0;0;0;0
-13,13;0;0;0;0;0;0;0;0;0;0;0;0;0;0;0;0;0;0;0;0;0;0;0;0;0;0;0;0;0;0;0;0;0;0;0;0
-13,08;0;0;0;0;0;0;0;0;0;0;0;0;0;0;0;0;0;0;0;0;0;0;0;0;0;0;0;0;0;0;0;0;0;0;0;0
-13,03;0;0;0;0;0;0;0;0;0;0;0;0;0;0;0;0;0;0;0;0;0;0;0;0;0;0;0;0;0;0;0;0;0;0;0;0
-12,98;0;0;0;0;0;0;0;0;0;0;0;0;0;0;0;0;0;0;0;0;0;0;0;0;0;0;0;0;0;0;0;0;0;0;0;0
-12,93;0;0;0;0;0;0;0;0;0;0;0;0;0;0;0;0;0;0;0;0;0;0;0;0;0;0;0;0;0;0;0;0;0;0;0;0
-12,88;0;0;0;0;0;0;0;0;0;0;0;0;0;0;0;0;0;0;0;0;0;0;0;0;0;0;0;0;0;0;0;0;0;0;0;0
-12,83;0;0;0;0;0;0;0;0;0;0;0;0;0;0;0;0;0;0;0;0;0;0;0;0;0;0;0;0;0;0;0;0;0;0;0;0
-12,78;0;0;0;0;0;0;0;0;0;0;0;0;0;0;0;0;0;0;0;0;0;0;0;0;0;0;0;0;0;0;0;0;0;0;0;0
-12,73;0;0;0;0;0;0;0;0;0;0;0;0;0;0;0;0;0;0;0;0;0;0;0;0;0;0;0;0;0;0;0;0;0;0;0;0
-12,68;0;0;0;0;0;0;0;0;0;0;0;0;0;0;0;0;0;0;0;0;0;0;0;0;0;0;0;0;0;0;0;0;0;0;0;0
-12,63;0;0;0;0;0;0;0;0;0;0;0;0;0;0;0;0;0;0;0;0;0;0;0;0;0;0;0;0;0;0;0;0;0;0;0;0
-12,58;0;0;0;0;0;0;0;0;0;0;0;0;0;0;0;0;0;0;0;0;0;0;0;0;0;0;0;0;0;0;0;0;0;0;0;0
-12,53;0;0;0;0;0;0;0;0;0;0;0;0;0;0;0;0;0;0;0;0;0;0;0;0;0;0;0;0;0;0;0;0;0;0;0;0
-12,48;0;0;0;0;0;0;0;0;0;0;0;0;0;0;0;0;0;0;0;0;0;0;0;0;0;0;0;0;0;0;0;0;0;0;0;0
-12,43;0;0;0;0;0;0;0;0;0;0;0;0;0;0;0;0;0;0;0;0;0;0;0;0;0;0;0;0;0;0;0;0;0;0;0;0
-12,38;0;0;0;0;0;0;0;0;0;0;0;0;0;0;0;0;0;0;0;0;0;0;0;0;0;0;0;0;0;0;0;0;0;0;0;0
-12,33;0;0;0;0;0;0;0;0;0;0;0;0;0;0;0;0;0;0;0;0;0;0;0;0;0;0;0;0;0;0;0;0;0;0;0;0
-12,28;0;0;0;0;0;0;0;0;0;0;0;0;0;0;0;0;0;0;0;0;0;0;0;0;0;0;0;0;0;0;0;0;0;0;0;0
-12,23;0;0;0;0;0;0;0;0;0;0;0;0;0;0;0;0;0;0;0;0;0;0;0;0;0;0;0;0;0;0;0;0;0;0;0;0
-12,18;0;0;0;0;0;0;0;0;0;0;0;0;0;0;0;0;0;0;0;0;0;0;0;0;0;0;0;0;0;0;0;0;0;0;0;0
-12,13;0;0;0;0;0;0;0;0;0;0;0;0;0;0;0;0;0;0;0;0;0;0;0;0;0;0;0;0;0;0;0;0;0;0;0;0
-12,08;0;0;0;0;0;0;0;0;0;0;0;0;0;0;0;0;0;0;0;0;0;0;0;0;0;0;0;0;0;0;0;0;0;0;0;0
-12,03;0;0;0;0;0;0;0;0;0;0;0;0;0;0;0;0;0;0;0;0;0;0;0;0;0;0;0;0;0;0;0;0;0;0;0;0
-11,98;0;0;0;0;0;0;0;0;0;0;0;0;0;0;0;0;0;0;0;0;0;0;0;0;0;0;0;0;0;0;0;0;0;0;0;0
-11,93;0;0;0;0;0;0;0;0;0;0;0;0;0;0;0;0;0;0;0;0;0;0;0;0;0;0;0;0;0;0;0;0;0;0;0;0
-11,88;0;0;0;0;0;0;0;0;0;0;0;0;0;0;0;0;0;0;0;0;0;0;0;0;0;0;0;0;0;0;0;0;0;0;0;0
-11,83;0;0;0;0;0;0;0;0;0;0;0;0;0;0;0;0;0;0;0;0;0;0;0;0;0;0;0;0;0;0;0;0;0;0;0;0
-11,78;0;0;0;0;0;0;0;0;0;0;0;0;0;0;0;0;0;0;0;0;0;0;0;0;0;0;0;0;0;0;0;0;0;0;0;0
-11,73;0;0;0;0;0;0;0;0;0;0;0;0;0;0;0;0;0;0;0;0;0;0;0;0;0;0;0;0;0;0;0;0;0;0;0;0
-11,68;0;0;0;0;0;0;0;0;0;0;0;0;0;0;0;0;0;0;0;0;0;0;0;0;0;0;0;0;0;0;0;0;0;0;0;0
-11,63;0;0;0;0;0;0;0;0;0;0;0;0;0;0;0;0;0;0;0;0;0;0;0;0;0;0;0;0;0;0;0;0;0;0;0;0
-11,58;0;0;0;0;0;0;0;0;0;0;0;0;0;0;0;0;0;0;0;0;0;0;0;0;0;0;0;0;0;0;0;0;0;0;0;0
-11,53;0;0;0;0;0;0;0;0;0;0;0;0;0;0;0;0;0;0;0;0;0;0;0;0;0;0;0;0;0;0;0;0;0;0;0;0
-11,48;0;0;0;0;0;0;0;0;0;0;0;0;0;0;0;0;0;0;0;0;0;0;0;0;0;0;0;0;0;0;0;0;0;0;0;0
-11,43;0;0;0;0;0;0;0;0;0;0;0;0;0;0;0;0;0;0;0;0;0;0;0;0;0;0;0;0;0;0;0;0;0;0;0;0
-11,38;0;0;0;0;0;0;0;0;0;0;0;0;0;0;0;0;0;0;0;0;0;0;0;0;0;0;0;0;0;0;0;0;0;0;0;0
-11,33;0;0;0;0;0;0;0;0;0;0;0;0;0;0;0;0;0;0;0;0;0;0;0;0;0;0;0;0;0;0;0;0;0;0;0;0
-11,28;0;0;0;0;0;0;0;0;0;0;0;0;0;0;0;0;0;0;0;0;0;0;0;0;0;0;0;0;0;0;0;0;0;0;0;0
-11,23;0;0;0;0;0;0;0;0;0;0;0;0;0;0;0;0;0;0;0;0;0;0;0;0;0;0;0;0;0;0;0;0;0;0;0;0
-11,18;0;0;0;0;0;0;0;0;0;0;0;0;0;0;0;0;0;0;0;0;0;0;0;0;0;0;0;0;0;0;0;0;0;0;0;0
-11,13;0;0;0;0;0;0;0;0;0;0;0;0;0;0;0;0;0;0;0;0;0;0;0;0;0;0;0;0;0;0;0;0;0;0;0;0
-11,08;0;0;0;0;0;0;0;0;0;0;0;0;0;0;0;0;0;0;0;0;0;0;0;0;0;0;0;0;0;0;0;0;0;0;0;0
-11,03;0;0;0;0;0;0;0;0;0;0;0;0;0;0;0;0;0;0;0;0;0;0;0;0;0;0;0;0;0;0;0;0;0;0;0;0
-10,98;0;0;0;0;0;0;0;0;0;0;0;0;0;0;0;0;0;0;0;0;0;0;0;0;0;0;0;0;0;0;0;0;0;0;0;0
-10,93;0;0;0;0;0;0;0;0;0;0;0;0;0;0;0;0;0;0;0;0;0;0;0;0;0;0;0;0;0;0;0;0;0;0;0;0
-10,88;0;0;0;0;0;0;0;0;0;0;0;0;0;0;0;0;0;0;0;0;0;0;0;0;0;0;0;0;0;0;0;0;0;0;0;0
-10,83;0;0;0;0;0;0;0;0;0;0;0;0;0;0;0;0;0;0;0;0;0;0;0;0;0;0;0;0;0;0;0;0;0;0;0;0
-10,78;0;0;0;0;0;0;0;0;0;0;0;0;0;0;0;0;0;0;0;0;0;0;0;0;0;0;0;0;0;0;0;0;0;0;0;0
-10,73;0;0;0;0;0;0;0;0;0;0;0;0;0;0;0;0;0;0;0;0;0;0;0;0;0;0;0;0;0;0;0;0;0;0;0;0
-10,68;0;0;0;0;0;0;0;0;0;0;0;0;0;0;0;0;0;0;0;0;0;0;0;0;0;0;0;0;0;0;0;0;0;0;0;0
-10,63;0;0;0;0;0;0;0;0;0;0;0;0;0;0;0;0;0;0;0;0;0;0;0;0;0;0;0;0;0;0;0;0;0;0;0;0
-10,58;0;0;0;0;0;0;0;0;0;0;0;0;0;0;0;0;0;0;0;0;0;0;0;0;0;0;0;0;0;0;0;0;0;0;0;0
-10,53;0;0;0;0;0;0;0;0;0;0;0;0;0;0;0;0;0;0;0;0;0;0;0;0;0;0;0;0;0;0;0;0;0;0;0;0
-10,48;0;0;0;0;0;0;0;0;0;0;0;0;0;0;0;0;0;0;0;0;0;0;0;0;0;0;0;0;0;0;0;0;0;0;0;0
-10,43;0;0;0;0;0;0;0;0;0;0;0;0;0;0;0;0;0;0;0;0;0;0;0;0;0;0;0;0;0;0;0;0;0;0;0;0
-10,38;0;0;0;0;0;0;0;0;0;0;0;0;0;0;0;0;0;0;0;0;0;0;0;0;0;0;0;0;0;0;0;0;0;0;0;0
-10,33;0;0;0;0;0;0;0;0;0;0;0;0;0;0;0;0;0;0;0;0;0;0;0;0;0;0;0;0;0;0;0;0;0;0;0;0
-10,28;0;0;0;0;0;0;0;0;0;0;0;0;0;0;0;0;0;0;0;0;0;0;0;0;0;0;0;0;0;0;0;0;0;0;0;0
-10,23;0;0;0;0;0;0;0;0;0;0;0;0;0;0;0;0;0;0;0;0;0;0;0;0;0;0;0;0;0;0;0;0;0;0;0;0
-10,18;0;0;0;0;0;0;0;0;0;0;0;0;0;0;0;0;0;0;0;0;0;0;0;0;0;0;0;0;0;0;0;0;0;0;0;0
-10,13;0;0;0;0;0;0;0;0;0;0;0;0;0;0;0;0;0;0;0;0;0;0;0;0;0;0;0;0;0;0;0;0;0;0;0;0
-10,08;0;0;0;0;0;0;0;0;0;0;0;0;0;0;0;0;0;0;0;0;0;0;0;0;0;0;0;0;0;0;0;0;0;0;0;0
-10,03;0;0;0;0;0;0;0;0;0;0;0;0;0;0;0;0;0;0;0;0;0;0;0;0;0;0;0;0;0;0;0;0;0;0;0;0
-9,978;0;0;0;0;0;0;0;0;0;0;0;0;0;0;0;0;0;0;0;0;0;0;0;0;0;0;0;0;0;0;0;0;0;0;0;0
-9,928;0;0;0;0;0;0;0;0;0;0;0;0;0;0;0;0;0;0;0;0;0;0;0;0;0;0;0;0;0;0;0;0;0;0;0;0
-9,878;0;0;0;0;0;0;0;0;0;0;0;0;0;0;0;0;0;0;0;0;0;0;0;0;0;0;0;0;0;0;0;0;0;0;0;0
-9,828;0;0;0;0;0;0;0;0;0;0;0;0;0;0;0;0;0;0;0;0;0;0;0;0;0;0;0;0;0;0;0;0;0;0;0;0
-9,778;0;0;0;0;0;0;0;0;0;0;0;0;0;0;0;0;0;0;0;0;0;0;0;0;0;0;0;0;0;0;0;0;0;0;0;0
-9,728;0;0;0;0;0;0;0;0;0;0;0;0;0;0;0;0;0;0;0;0;0;0;0;0;0;0;0;0;0;0;0;0;0;0;0;0
-9,678;0;0;0;0;0;0;0;0;0;0;0;0;0;0;0;0;0;0;0;0;0;0;0;0;0;0;0;0;0;0;0;0;0;0;0;0
-9,628;0;0;0;0;0;0;0;0;0;0;0;0;0;0;0;0;0;0;0;0;0;0;0;0;0;0;0;0;0;0;0;0;0;0;0;0
-9,578;0;0;0;0;0;0;0;0;0;0;0;0;0;0;0;0;0;0;0;0;0;0;0;0;0;0;0;0;0;0;0;0;0;0;0;0
-9,528;0;0;0;0;0;0;0;0;0;0;0;0;0;0;0;0;0;0;0;0;0;0;0;0;0;0;0;0;0;0;0;0;0;0;0;0
-9,478;0;0;0;0;0;0;0;0;0;0;0;0;0;0;0;0;0;0;0;0;0;0;0;0;0;0;0;0;0;0;0;0;0;0;0;0
-9,428;0;0;0;0;0;0;0;0;0;0;0;0;0;0;0;0;0;0;0;0;0;0;0;0;0;0;0;0;0;0;0;0;0;0;0;0
-9,378;0;0;0;0;0;0;0;0;0;0;0;0;0;0;0;0;0;0;0;0;0;0;0;0;0;0;0;0;0;0;0;0;0;0;0;0
-9,328;0;0;0;0;0;0;0;0;0;0;0;0;0;0;0;0;0;0;0;0;0;0;0;0;0;0;0;0;0;0;0;0;0;0;0;0
-9,278;0;0;0;0;0;0;0;0;0;0;0;0;0;0;0;0;0;0;0;0;0;0;0;0;0;0;0;0;0;0;0;0;0;0;0;0
-9,228;0;0;0;0;0;0;0;0;0;0;0;0;0;0;0;0;0;0;0;0;0;0;0;0;0;0;0;0;0;0;0;0;0;0;0;0
-9,178;0;0;0;0;0;0;0;0;0;0;0;0;0;0;0;0;0;0;0;0;0;0;0;0;0;0;0;0;0;0;0;0;0;0;0;0
-9,128;0;0;0;0;0;0;0;0;0;0;0;0;0;0;0;0;0;0;0;0;0;0;0;0;0;0;0;0;0;0;0;0;0;0;0;0
-9,078;0;0;0;0;0;0;0;0;0;0;0;0;0;0;0;0;0;0;0;0;0;0;0;0;0;0;0;0;0;0;0;0;0;0;0;0
-9,028;0;0;0;0;0;0;0;0;0;0;0;0;0;0;0;0;0;0;0;0;0;0;0;0;0;0;0;0;0;0;0;0;0;0;0;0
-8,978;0;0;0;0;0;0;0;0;0;0;0;0;0;0;0;0;0;0;0;0;0;0;0;0;0;0;0;0;0;0;0;0;0;0;0;0
-8,928;0;0;0;0;0;0;0;0;0;0;0;0;0;0;0;0;0;0;0;0;0;0;0;0;0;0;0;0;0;0;0;0;0;0;0;0
-8,878;0;0;0;0;0;0;0;0;0;0;0;0;0;0;0;0;0;0;0;0;0;0;0;0;0;0;0;0;0;0;0;0;0;0;0;0
-8,828;0;0;0;0;0;0;0;0;0;0;0;0;0;0;0;0;0;0;0;0;0;0;0;0;0;0;0;0;0;0;0;0;0;0;0;0
-8,778;0;0;0;0;0;0;0;0;0;0;0;0;0;0;0;0;0;0;0;0;0;0;0;0;0;0;0;0;0;0;0;0;0;0;0;0
-8,728;0;0;0;0;0;0;0;0;0;0;0;0;0;0;0;0;0;0;0;0;0;0;0;0;0;0;0;0;0;0;0;0;0;0;0;0
-8,678;0;0;0;0;0;0;0;0;0;0;0;0;0;0;0;0;0;0;0;0;0;0;0;0;0;0;0;0;0;0;0;0;0;0;0;0
-8,628;0;0;0;0;0;0;0;0;0;0;0;0;0;0;0;0;0;0;0;0;0;0;0;0;0;0;0;0;0;0;0;0;0;0;0;0
-8,578;0;0;0;0;0;0;0;0;0;0;0;0;0;0;0;0;0;0;0;0;0;0;0;0;0;0;0;0;0;0;0;0;0;0;0;0
-8,528;0;0;0;0;0;0;0;0;0;0;0;0;0;0;0;0;0;0;0;0;0;0;0;0;0;0;0;0;0;0;0;0;0;0;0;0
-8,478;0;0;0;0;0;0;0;0;0;0;0;0;0;0;0;0;0;0;0;0;0;0;0;0;0;0;0;0;0;0;0;0;0;0;0;0
-8,428;0;0;0;0;0;0;0;0;0;0;0;0;0;0;0;0;0;0;0;0;0;0;0;0;0;0;0;0;0;0;0;0;0;0;0;0
-8,378;0;0;0;0;0;0;0;0;0;0;0;0;0;0;0;0;0;0;0;0;0;0;0;0;0;0;0;0;0;0;0;0;0;0;0;0
-8,328;0;0;0;0;0;0;0;0;0;0;0;0;0;0;0;0;0;0;0;0;0;0;0;0;0;0;0;0;0;0;0;0;0;0;0;0
-8,278;0;0;0;0;0;0;0;0;0;0;0;0;0;0;0;0;0;0;0;0;0;0;0;0;0;0;0;0;0;0;0;0;0;0;0;0
-8,228;0;0;0;0;0;0;0;0;0;0;0;0;0;0;0;0;0;0;0;0;0;0;0;0;0;0;0;0;0;0;0;0;0;0;0;0
-8,178;0;0;0;0;0;0;0;0;0;0;0;0;0;0;0;0;0;0;0;0;0;0;0;0;0;0;0;0;0;0;0;0;0;0;0;0
-8,128;0;0;0;0;0;0;0;0;0;0;0;0;0;0;0;0;0;0;0;0;0;0;0;0;0;0;0;0;0;0;0;0;0;0;0;0
-8,078;0;0;0;0;0;0;0;0;0;0;0;0;0;0;0;0;0;0;0;0;0;0;0;0;0;0;0;0;0;0;0;0;0;0;0;0
-8,028;0;0;0;0;0;0;0;0;0;0;0;0;0;0;0;0;0;0;0;0;0;0;0;0;0;0;0;0;0;0;0;0;0;0;0;0
-7,978;0;0;0;0;0;0;0;0;0;0;0;0;0;0;0;0;0;0;0;0;0;0;0;0;0;0;0;0;0;0;0;0;0;0;0;0
-7,928;0;0;0;0;0;0;0;0;0;0;0;0;0;0;0;0;0;0;0;0;0;0;0;0;0;0;0;0;0;0;0;0;0;0;0;0
-7,878;1,16e-10;3,84e-29;9,43e-11;8,82e-12;8,82e-12;3,02e-27;3,63e-27;3,63e-27;3,77e-27;3,77e-27;2,69e-26;7,81e-14;3,76e-14;3,76e-14;1,17e-12;4,9e-15;4,9e-15;1,474e-13;1,474e-13;1,292e-13;1,029e-12;9,142e-14;9,142e-14;3,426e-15;3,954e-15;8,6e-16;8,56e-16;2,1e-14;3,46e-14;3,464e-14;1,065e-13;1,064e-13;6,36e-13;3,408e-13;5,676e-14;5,685e-14
-7,828;4,17e-9;1,5e-27;3,29e-9;3,64e-10;3,64e-10;1,09e-25;1,28e-25;1,28e-25;1,37e-25;1,37e-25;9,75e-25;2,72e-12;1,55e-12;1,55e-12;4,08e-11;2,02e-13;2,02e-13;6,08e-12;6,08e-12;4,5e-12;3,589e-11;3,783e-12;3,783e-12;1,194e-13;1,38e-13;3,544e-14;3,548e-14;7,32e-13;1,432e-12;1,43e-12;3,716e-12;3,712e-12;2,226e-11;1,188e-11;2,346e-12;2,346e-12
-7,778;1,15e-7;4,47e-26;8,75e-8;1,15e-8;1,15e-8;3,03e-24;3,46e-24;3,46e-24;3,84e-24;3,84e-24;2,72e-23;7,25e-11;4,89e-11;4,89e-11;1,086e-9;6,4e-12;6,4e-12;1,92e-10;1,92e-10;1,2e-10;9,55e-10;1,19e-10;1,19e-10;3,186e-12;3,672e-12;1,12e-12;1,118e-12;1,95e-11;4,5e-11;4,498e-11;9,896e-11;9,88e-11;5,934e-10;3,162e-10;7,392e-11;7,407e-11
-7,728;0,00000242;1,03e-24;0,00000178;2,77e-7;2,77e-7;6,47e-23;7,16e-23;7,16e-23;8,25e-23;8,25e-23;5,81e-22;1,47e-9;1,18e-9;1,18e-9;2,2e-8;1,54e-10;1,54e-10;4,62e-9;4,62e-9;2,44e-9;1,942e-8;2,863e-9;2,863e-9;6,48e-11;7,44e-11;2,69e-11;2,692e-11;3,96e-10;1,086e-9;1,086e-9;2,008e-9;2,008e-9;1,206e-8;6,42e-9;1,782e-9;1,782e-9
-7,678;0,0000392;1,81e-23;0,0000276;0,00000508;0,00000508;1,06e-21;1,13e-21;1,13e-21;1,36e-21;1,36e-21;9,54e-21;2,29e-8;2,16e-8;2,16e-8;3,42e-7;2,82e-9;2,82e-9;8,5e-8;8,5e-8;3,78e-8;3,002e-7;5,256e-8;5,256e-8;1,002e-9;1,158e-9;4,936e-10;4,944e-10;6,12e-9;1,996e-8;1,994e-8;3,12e-8;3,116e-8;1,872e-7;9,96e-8;3,272e-8;3,271e-8
-7,628;0,000488;2,44e-22;0,000327;0,0000713;0,0000713;1,33e-20;1,37e-20;1,37e-20;1,72e-20;1,72e-20;1,2e-19;2,71e-7;3,03e-7;3,03e-7;0,00000404;3,96e-8;3,96e-8;0,00000119;0,00000119;4,48e-7;0,000003567;7,383e-7;7,383e-7;1,188e-8;1,368e-8;6,96e-9;6,952e-9;7,26e-8;2,798e-7;2,8e-7;3,688e-7;3,688e-7;0,000002214;0,000001182;4,592e-7;4,604e-7
-7,578;0,00466;2,53e-21;0,00295;0,000763;0,000763;1,29e-19;1,28e-19;1,28e-19;1,68e-19;1,68e-19;1,17e-18;0,00000244;0,00000325;0,00000325;0,0000366;4,24e-7;4,24e-7;0,00001274;0,00001274;0,00000404;0,00003219;0,000007895;0,000007895;1,074e-7;1,236e-7;7,44e-8;7,436e-8;6,6e-7;0,000002994;0,000002994;0,000003332;0,000003332;0,00001998;0,00001068;0,0000049;0,000004925
-7,528;0,0341;2,01e-20;0,0204;0,00623;0,00623;9,56e-19;9,09e-19;9,09e-19;1,26e-18;1,26e-18;8,7e-18;0,0000169;0,0000265;0,0000265;0,000252;0,00000346;0,00000346;0,0001042;0,0001042;0,000028;0,0002219;0,00006462;0,00006462;7,38e-7;8,52e-7;6,076e-7;6,052e-7;0,000004536;0,00002448;0,00002447;0,000023;0,000023;0,000138;0,0000738;0,0000402;0,00004004
-7,478;0,192;1,22e-19;0,107;0,0389;0,0389;5,46e-18;4,96e-18;4,96e-18;7,25e-18;7,25e-18;4,99e-17;0,0000888;0,000166;0,000166;0,00133;0,0000216;0,0000216;0,00065;0,00065;0,0001468;0,00117;0,0004029;0,0004029;0,0000039;0,000004494;0,000003782;0,000003784;0,00002388;0,0001526;0,0001528;0,0001212;0,0001212;0,000726;0,000387;0,0002502;0,0002502
-7,428;0,833;5,7e-19;0,431;0,185;0,185;2,4e-17;2,08e-17;2,08e-17;3,21e-17;3,21e-17;2,2e-16;0,000357;0,000788;0,000788;0,00534;0,000103;0,000103;0,0031;0,0031;0,00059;0,004699;0,001916;0,001916;0,00001566;0,00001806;0,00001802;0,00001802;0,000096;0,0007276;0,0007253;0,000486;0,000488;0,002922;0,001554;0,001192;0,001193
-7,378;2,77;2,04e-18;1,32;0,673;0,673;8,09e-17;6,67e-17;6,67e-17;1,09e-16;1,09e-16;7,44e-16;0,00109;0,00286;0,00286;0,01638;0,000374;0,000374;0,01124;0,01124;0,00181;0,01442;0,006974;0,006974;0,00004806;0,00005544;0,00006556;0,00006534;0,000294;0,002642;0,002642;0,00149;0,001492;0,00894;0,004776;0,004328;0,004324
-7,328;7,1;5,56e-18;3,09;1,87;1,87;2,1e-16;1,65e-16;1,65e-16;2,86e-16;2,86e-16;1,94e-15;0,00256;0,00794;0,00794;0,0384;0,001038;0,001038;0,0312;0,0312;0,00424;0,03371;0,01933;0,01933;0,0001128;0,0001296;0,0001816;0,0001814;0,00069;0,007316;0,007334;0,003484;0,003496;0,02094;0,01116;0,012;0,01201
-7,278;14;1,16e-17;5,53;3,95;3,95;4,19e-16;3,12e-16;3,12e-16;5,74e-16;5,74e-16;3,87e-15;0,00458;0,0168;0,0168;0,0686;0,0022;0,0022;0,066;0,066;0,00758;0,06027;0,0409;0,0409;0,000201;0,0002322;0,0003844;0,0003842;0,00123;0,0155;0,01552;0,00624;0,00624;0,0375;0,01998;0,0254;0,02542
-7,228;21,1;1,86e-17;7,54;6,38;6,38;6,41e-16;4,54e-16;4,54e-16;8,85e-16;8,85e-16;5,95e-15;0,00625;0,0272;0,0272;0,0936;0,00356;0,00356;0,1066;0,1066;0,01034;0,08242;0,06606;0,06606;0,0002742;0,0003162;0,000622;0,0006208;0,00168;0,02506;0,02504;0,00852;0,00852;0,05112;0,02724;0,04112;0,04124
-7,178;24,6;2,27e-17;7,85;7,87;7,87;7,54e-16;5,09e-16;5,09e-16;1,05e-15;1,05e-15;7,02e-15;0,00651;0,0335;0,0335;0,0974;0,00438;0,00438;0,1316;0,1316;0,01076;0,0857;0,0816;0,0816;0,0002856;0,0003294;0,000766;0,0007656;0,001752;0,03092;0,03092;0,008876;0,00888;0,05322;0,02838;0,05076;0,05085
-7,128;21,9;2,12e-17;6,24;7,41;7,41;6,81e-16;4,38e-16;4,38e-16;9,51e-16;9,51e-16;6,35e-15;0,00517;0,0316;0,0316;0,0774;0,00412;0,00412;0,1238;0,1238;0,00856;0,06808;0,0767;0,0767;0,0002268;0,0002616;0,000722;0,0007222;0,001392;0,02912;0,02909;0,007052;0,00704;0,0423;0,02256;0,04776;0,04765
-7,078;15;1,51e-17;3,79;5,33;5,33;4,72e-16;2,9e-16;2,9e-16;6,62e-16;6,62e-16;4,41e-15;0,00314;0,0227;0,0227;0,047;0,00296;0,00296;0,089;0,089;0,0052;0,04132;0,05522;0,05522;0,000138;0,000159;0,0005176;0,0005186;0,000846;0,02092;0,02091;0,004284;0,00428;0,02568;0,01368;0,03428;0,03427
-7,028;7,92;8,24e-18;1,75;2,92;2,92;2,51e-16;1,47e-16;1,47e-16;3,53e-16;3,53e-16;2,35e-15;0,00145;0,0124;0,0124;0,0218;0,001626;0,001626;0,0488;0,0488;0,0024;0,01914;0,03027;0,03027;0,0000636;0,0000738;0,0002846;0,0002846;0,0003906;0,01147;0,01147;0,00198;0,00198;0,01188;0,00636;0,0188;0,01882
-6,978;3,2;3,43e-18;0,62;1,22;1,22;1,02e-16;5,76e-17;5,76e-17;1,45e-16;1,45e-16;9,57e-16;0,000514;0,00521;0,00521;0,00768;0,000682;0,000682;0,0204;0,0204;0,00085;0,006764;0,01268;0,01268;0,00002256;0,00002598;0,000119;0,0001192;0,000138;0,004804;0,004822;0,0006996;0,0007;0,0042;0,002238;0,007872;0,007887
-6,928;0,989;1,09e-18;0,167;0,391;0,391;3,18e-17;1,73e-17;1,73e-17;4,53e-17;4,53e-17;2,99e-16;0,000139;0,00167;0,00167;0,00208;0,000218;0,000218;0,00654;0,00654;0,00023;0,001825;0,004049;0,004049;0,00000606;0,00000702;0,00003808;0,00003806;0,00003726;0,001536;0,001536;0,0001888;0,0001888;0,001134;0,000606;0,002516;0,002518
-6,878;0,235;2,66e-19;0,0344;0,0954;0,0954;7,6e-18;3,99e-18;3,99e-18;1,08e-17;1,08e-17;7,16e-17;0,0000285;0,000406;0,000406;0,000428;0,0000532;0,0000532;0,001594;0,001594;0,0000472;0,0003763;0,0009879;0,0009879;0,000001254;0,000001446;0,00000928;0,0000093;0,00000768;0,0003736;0,0003748;0,00003896;0,00003892;0,0002334;0,0001242;0,0006132;0,0006126
-6,828;0,0427;4,93e-20;0,00542;0,0178;0,0178;1,39e-18;7,08e-19;7,08e-19;1,99e-18;1,99e-18;1,31e-17;0,00000449;0,0000757;0,0000757;0,0000672;0,0000099;0,0000099;0,000296;0,000296;0,00000742;0,00005916;0,0001841;0,0001841;1,968e-7;2,274e-7;0,000001728;0,000001728;0,000001206;0,00006976;0,00006969;0,00000612;0,00000612;0,00003672;0,00001956;0,0001144;0,0001145
-6,778;0,00594;6,99e-21;0,00065;0,00253;0,00253;1,95e-19;9,63e-20;9,63e-20;2,79e-19;2,79e-19;1,84e-18;5,38e-7;0,0000108;0,0000108;0,00000806;0,000001406;0,000001406;0,0000422;0,0000422;8,9e-7;0,00000709;0,00002618;0,00002618;2,364e-8;2,724e-8;2,458e-7;2,456e-7;1,446e-7;0,000009912;0,000009927;7,348e-7;7,32e-7;0,000004404;0,000002346;0,00001626;0,00001626
-6,728;0,000633;7,57e-22;0,0000595;0,000274;0,000274;2,08e-20;1,01e-20;1,01e-20;3e-20;3e-20;1,97e-19;4,93e-8;0,00000117;0,00000117;7,38e-7;1,526e-7;1,526e-7;0,00000458;0,00000458;8,16e-8;6,503e-7;0,000002843;0,000002843;2,166e-9;2,496e-9;2,668e-8;2,666e-8;1,326e-8;0,000001076;0,000001078;6,72e-8;6,72e-8;4,032e-7;2,148e-7;0,000001762;0,000001766
-6,678;0,0000516;6,26e-23;0,00000416;0,0000227;0,0000227;1,71e-21;8,06e-22;8,06e-22;2,46e-21;2,46e-21;1,61e-20;3,45e-9;9,66e-8;9,66e-8;5,16e-8;1,264e-8;1,264e-8;3,8e-7;3,8e-7;5,7e-9;4,544e-8;2,352e-7;2,352e-7;1,512e-10;1,746e-10;2,206e-9;2,21e-9;9,24e-10;8,904e-8;8,914e-8;4,708e-9;4,68e-9;2,82e-8;1,506e-8;1,46e-7;1,461e-7
-6,628;0,00000322;3,95e-24;2,22e-7;0,00000143;0,00000143;1,07e-22;4,95e-23;4,95e-23;1,54e-22;1,54e-22;1,01e-21;1,84e-10;6,11e-9;6,11e-9;2,76e-9;7,98e-10;7,98e-10;2,4e-8;2,4e-8;3,04e-10;2,415e-9;1,485e-8;1,485e-8;8,1e-12;9,3e-12;1,394e-10;1,396e-10;4,944e-11;5,628e-9;5,632e-9;2,508e-10;2,508e-10;1,506e-9;8,04e-10;9,228e-9;9,249e-9
-6,578;1,54e-7;1,26e-17;9,04e-9;6,92e-8;6,92e-8;4,03e-15;2,33e-24;2,33e-24;7,88e-24;7,88e-24;7,13e-15;7,49e-12;2,95e-10;2,95e-10;1,193e-10;3,86e-11;3,86e-11;1,156e-9;1,156e-9;1,24e-11;9,874e-11;7,158e-10;7,158e-10;3,294e-13;3,81e-13;6,728e-12;6,742e-12;2,016e-12;2,716e-10;2,719e-10;1,023e-11;1,02e-11;6,12e-11;3,264e-11;4,448e-10;4,444e-10
-6,528;6,04e-9;5,3e-16;2,81e-10;2,55e-9;2,55e-9;1,69e-13;8,65e-26;8,65e-26;4,57e-16;4,57e-16;3e-13;2,33e-13;1,09e-11;1,09e-11;3,038e-10;5,177e-11;5,177e-11;5,542e-11;5,542e-11;4,115e-13;3,066e-12;2,638e-11;2,638e-11;4,218e-14;1,44e-13;2,48e-13;2,482e-13;3,282e-13;1e-11;1,001e-11;5,876e-13;5,86e-13;2,316e-12;1,362e-12;1,64e-11;1,642e-11
-6,478;1,5e-8;1,7e-14;6,67e-12;7,17e-11;7,17e-11;5,43e-12;3,57e-14;3,57e-14;1,84e-14;1,84e-14;9,62e-12;5,53e-15;3,05e-13;3,05e-13;9,711e-9;1,988e-9;1,988e-9;5,208e-10;5,208e-10;8,416e-13;7,366e-14;1,199e-12;1,199e-12;1,038e-12;4,512e-12;8,276e-14;8,268e-14;9,36e-12;7,12e-13;7,1e-13;8,804e-12;8,808e-12;1,416e-11;1,266e-11;7,332e-13;7,324e-13
-6,428;3,85e-7;4,17e-13;2,89e-20;9,05e-13;9,05e-13;1,33e-10;1,21e-12;1,21e-12;5,68e-13;5,68e-13;2,36e-10;7,84e-21;1,62e-13;1,62e-13;2,383e-7;5,636e-8;5,636e-8;1,606e-8;1,606e-8;2,053e-11;1,814e-14;1,41e-11;1,41e-11;2,568e-11;1,182e-10;2,609e-12;2,61e-12;2,538e-10;1,478e-11;1,48e-11;2,2e-10;2,198e-10;3,696e-10;3,522e-10;9,308e-12;9,324e-12
-6,378;0,00000772;7,79e-12;6,15e-19;3,28e-11;3,28e-11;2,49e-9;3,13e-11;3,13e-11;1,33e-11;1,33e-11;4,4e-9;1,67e-19;5,89e-12;5,89e-12;0,000004485;0,000001223;0,000001223;3,785e-7;3,785e-7;3,867e-10;3,4e-13;3,325e-10;3,325e-10;4,86e-10;2,37e-9;6,874e-11;6,864e-11;5,274e-9;3,88e-10;3,876e-10;4,208e-9;4,208e-9;7,44e-9;7,5e-9;2,424e-10;2,422e-10
-6,328;0,000119;1,11e-10;1e-17;9,07e-10;9,07e-10;3,55e-8;6,18e-10;6,18e-10;2,39e-10;2,39e-10;6,28e-8;2,72e-18;1,63e-10;1,63e-10;0,00006427;0,00002026;0,00002026;0,000006808;0,000006808;5,598e-9;4,84e-12;5,95e-9;5,95e-9;7,02e-9;3,654e-8;1,383e-9;1,382e-9;8,4e-8;7,794e-9;7,792e-9;6,168e-8;6,152e-8;1,146e-7;1,218e-7;4,812e-9;4,826e-9
-6,278;0,00142;1,21e-9;1,24e-16;1,92e-8;1,92e-8;3,87e-7;9,31e-9;9,31e-9;3,28e-9;3,28e-9;6,85e-7;3,38e-17;3,44e-9;3,44e-9;0,0007068;0,0002587;0,0002587;0,0000935;0,0000935;6,22e-8;5,32e-11;8,174e-8;8,174e-8;7,8e-8;4,314e-7;2,123e-8;2,126e-8;0,000001026;1,192e-7;1,196e-7;6,912e-7;6,908e-7;0,00000135;0,000001518;7,308e-8;7,332e-8
-6,228;0,0131;1,01e-8;8,43e-14;3,09e-7;3,09e-7;0,00000321;1,07e-7;1,07e-7;3,43e-8;3,43e-8;0,00000569;3,52e-15;5,55e-8;5,55e-8;0,005967;0,002527;0,002527;0,000985;0,000985;5,318e-7;4,5e-10;8,576e-7;8,576e-7;6,6e-7;0,000003918;2,493e-7;2,494e-7;0,0000096;0,000001398;0,000001398;0,00000594;0,000005942;0,00001224;0,0000144;8,488e-7;8,478e-7
-6,178;0,0931;6,39e-8;3,5e-12;0,0000038;0,0000038;0,0000204;9,4e-7;9,4e-7;2,74e-7;2,74e-7;0,0000361;1,36e-13;6,82e-7;6,82e-7;0,03864;0,01899;0,01899;0,007947;0,007947;0,000003499;3,06e-9;0,000006854;0,000006854;0,00000429;0,00002724;0,000002239;0,000002238;0,000069;0,00001252;0,0000125;0,00003898;0,00003902;0,0000852;0,0001044;0,000007512;0,000007524
-6,128;0,513;3,09e-7;1,12e-10;0,0000357;0,0000357;0,0000988;0,0000063;0,0000063;0,00000167;0,00000167;0,000175;4,31e-12;0,00000641;0,00000641;0,1928;0,1095;0,1095;0,04924;0,04924;0,0000179;1,814e-8;0,0000421;0,0000421;0,0000213;0,0001458;0,00001536;0,00001536;0,0003804;0,00008558;0,0000854;0,0001966;0,0001966;0,000453;0,0005772;0,00005104;0,00005084
-6,078;2,19;0,00000115;2,73e-9;0,000256;0,000256;0,000365;0,0000322;0,0000322;0,00000775;0,00000775;0,000647;1,05e-10;0,000046;0,000046;0,743;0,4832;0,4832;0,2342;0,2342;0,00007137;1,107e-7;0,0001973;0,0001973;0,000081;0,000597;0,00008038;0,0000804;0,001608;0,000447;0,0004468;0,00076;0,0007578;0,001848;0,002442;0,0002644;0,0002642
-6,028;7,28;0,00000325;5,09e-8;0,0014;0,0014;0,00103;0,000126;0,000126;0,0000275;0,0000275;0,00183;1,96e-9;0,000251;0,000251;2,224;1,646;1,646;0,8606;0,8606;0,0002215;7,492e-7;0,00071;0,00071;0,0002358;0,001878;0,0003222;0,0003224;0,005196;0,001784;0,001786;0,00225;0,002248;0,005778;0,00786;0,001048;0,001048
-5,978;18,8;0,0000071;7,25e-7;0,00585;0,00585;0,00223;0,000375;0,000375;0,0000744;0,0000744;0,00394;2,79e-8;0,00105;0,00105;5,179;4,31;4,31;2,461;2,461;0,0005461;0,000004957;0,001963;0,001963;0,0005262;0,00453;0,0009894;0,0009888;0,0129;0,00544;0,00546;0,005104;0,005108;0,01386;0,01944;0,003192;0,003192
-5,928;38,1;0,0000123;0,00000787;0,0187;0,0187;0,00372;0,000853;0,000853;0,000154;0,000154;0,00649;3,03e-7;0,00335;0,00335;9,522;8,685;8,685;5,504;5,504;0,001068;0,00002778;0,004178;0,004178;0,0009;0,0084;0,002319;0,002318;0,02448;0,01276;0,01274;0,00892;0,0089;0,02544;0,03666;0,007456;0,007454
-5,878;60,7;0,0000181;0,0000653;0,0454;0,0454;0,0049;0,00148;0,00148;0,000243;0,000243;0,00822;0,00000251;0,00815;0,00815;13,9;13,53;13,53;9,671;9,671;0,001676;0,0001241;0,00693;0,00693;0,001194;0,01194;0,00417;0,004172;0,03564;0,02286;0,02284;0,01196;0,01196;0,03588;0,05298;0,01336;0,01336
-5,828;76,9;0,0000264;0,000414;0,0844;0,0844;0,00547;0,00198;0,00198;0,000293;0,000293;0,00815;0,0000159;0,0152;0,0152;16,58;16,37;16,37;13,55;13,55;0,002177;0,0004335;0,009017;0,009017;0,00123;0,0132;0,005756;0,005756;0,0399;0,03144;0,03142;0,01254;0,01254;0,03936;0,05934;0,0186;0,0186
-5,778;80;0,0000429;0,002;0,12;0,12;0,00599;0,00205;0,00205;0,00027;0,00027;0,00666;0,0000768;0,0215;0,0215;17,06;15,86;15,86;15,29;15,29;0,002492;0,001192;0,009492;0,009492;0,001056;0,01176;0,006224;0,006216;0,03486;0,0335;0,03352;0,01098;0,01098;0,03504;0,05394;0,02044;0,02042
-5,728;74,3;0,0000712;0,00737;0,13;0,13;0,00725;0,00175;0,00175;0,000193;0,000193;0,0051;0,000283;0,0234;0,0234;17,14;13,89;13,89;14,37;14,37;0,002802;0,002589;0,00882;0,00882;0,000906;0,0096;0,00552;0,005516;0,02532;0,02874;0,02874;0,0102;0,0102;0,02994;0,04638;0,0189;0,0189
-5,678;73,5;0,000103;0,0208;0,109;0,109;0,00895;0,00153;0,00153;0,000115;0,000115;0,00424;0,000798;0,0196;0,0196;19,04;14,32;14,32;12,6;12,6;0,003408;0,004536;0,00882;0,00882;0,00102;0,0093;0,004804;0,004796;0,0192;0,02266;0,02266;0,01404;0,01406;0,03294;0,04938;0,01758;0,01758
-5,628;88,8;0,000121;0,0446;0,0716;0,0716;0,00961;0,00177;0,00177;0,0000753;0,0000753;0,00375;0,00172;0,0129;0,0129;23,24;19,4;19,4;13,08;13,08;0,004396;0,006504;0,01126;0,01126;0,00141;0,0117;0,00536;0,005368;0,02076;0,02162;0,0216;0,02428;0,02426;0,04686;0,0654;0,02;0,01996
-5,578;117;0,000111;0,0732;0,0383;0,0383;0,00823;0,00243;0,00243;0,0000785;0,0000785;0,00301;0,00281;0,00696;0,00696;27,53;26,88;26,88;17,7;17,7;0,005408;0,007699;0,01628;0,01628;0,001848;0,01488;0,00736;0,00734;0,02826;0,02664;0,02664;0,0383;0,03832;0,0648;0,0834;0,02572;0,0257
-5,528;142;0,0000799;0,0917;0,0181;0,0181;0,00546;0,00299;0,00299;0,0001;0,0001;0,00197;0,00352;0,00342;0,00342;28,59;31,45;31,45;24,85;24,85;0,005924;0,007524;0,022;0,022;0,00201;0,0162;0,0094;0,00942;0,03564;0,0328;0,03278;0,04934;0,04934;0,0744;0,0876;0,03026;0,03028
-5,478;144;0,0000454;0,0876;0,00837;0,00837;0,00278;0,00295;0,00295;0,000111;0,000111;0,001;0,00337;0,00177;0,00177;24,69;29,33;29,33;30,13;30,13;0,005377;0,005991;0,02557;0,02557;0,001764;0,01428;0,00992;0,00988;0,03696;0,03388;0,03386;0,05054;0,0505;0,069;0,0726;0,02916;0,02916
-5,428;120;0,0000205;0,0639;0,0039;0,0039;0,00108;0,00225;0,00225;0,0000962;0,0000962;0,000395;0,00246;0,00105;0,00105;17,23;21,53;21,53;29,55;29,55;0,003946;0,003847;0,02488;0,02488;0,001248;0,01008;0,00824;0,00826;0,0306;0,02796;0,02794;0,04082;0,0408;0,05046;0,04662;0,02228;0,0223
-5,378;81;0,00000737;0,0356;0,00171;0,00171;0,000322;0,00133;0,00133;0,0000643;0,0000643;0,00012;0,00137;0,000659;0,000659;9,553;12,43;12,43;23,15;23,15;0,002291;0,001954;0,01996;0,01996;0,000708;0,005742;0,005448;0,005456;0,02004;0,01834;0,01832;0,02588;0,0259;0,02934;0,02358;0,01336;0,01338
-5,328;44,5;0,00000212;0,0151;0,000672;0,000672;0,0000733;0,000606;0,000606;0,000033;0,000033;0,0000281;0,000582;0,000396;0,000396;4,16;5,684;5,684;14,4;14,4;0,00104;0,0007784;0,013;0,013;0,0003204;0,002634;0,002856;0,002856;0,01026;0,00964;0,00962;0,01284;0,01282;0,01356;0,00942;0,006284;0,006288
-5,278;19,9;4,84e-7;0,00491;0,000234;0,000234;0,0000128;0,000213;0,000213;0,000013;0,000013;0,00000511;0,000189;0,000208;0,000208;1,416;2,063;2,063;7,14;7,14;0,0003647;0,0002409;0,006788;0,006788;0,0001164;0,000972;0,001198;0,001198;0,004104;0,004086;0,004086;0,004952;0,004946;0,004938;0,002994;0,00232;0,002322
-5,228;7,21;8,77e-8;0,00122;0,0000731;0,0000731;0,00000172;0,0000575;0,0000575;0,00000395;0,00000395;7,27e-7;0,0000467;0,0000897;0,0000897;0,373;0,5983;0,5983;2,804;2,804;0,00009886;0,00005745;0,00281;0,00281;0,00003372;0,0002862;0,0004064;0,000406;0,001272;0,001414;0,001412;0,001478;0,00148;0,001422;0,000762;0,0006744;0,0006756
-5,178;2,11;1,25e-8;0,00023;0,0000203;0,0000203;1,78e-7;0,000012;0,000012;9,21e-7;9,21e-7;8,14e-8;0,00000884;0,0000307;0,0000307;0,07632;0,1393;0,1393;0,8726;0,8726;0,0000206;0,00001057;0,0009146;0,0009146;0,00000768;0,0000666;0,0001118;0,0001116;0,0003048;0,000398;0,0003976;0,0003422;0,0003424;0,000321;0,0001566;0,0001554;0,0001554
-5,128;0,493;1,39e-9;0,0000332;0,0000048;0,0000048;1,42e-8;0,00000192;0,00000192;1,65e-7;1,65e-7;7,22e-9;0,00000128;0,00000814;0,00000814;0,012;0,02623;0,02623;0,2136;0,2136;0,000003293;0,000001493;0,0002317;0,0002317;0,00000138;0,00001224;0,00002486;0,00002488;0,00005628;0,000091;0,00009074;0,00006108;0,0000611;0,0000567;0,00002586;0,00002854;0,00002852
-5,078;0,0913;1,21e-10;0,00000365;9,27e-7;9,27e-7;8,86e-10;2,37e-7;2,37e-7;2,27e-8;2,27e-8;5,1e-10;1,4e-7;0,00000166;0,00000166;0,001455;0,004013;0,004013;0,0408;0,0408;4,062e-7;1,615e-7;0,0000456;0,0000456;1,926e-7;0,00000174;0,000004456;0,000004454;0,00000798;0,00001668;0,00001666;0,00000838;0,000008382;0,0000078;0,000003414;0,000004216;0,000004214
-5,028;0,0133;8,05e-12;3,07e-7;1,41e-7;1,41e-7;4,32e-11;2,25e-8;2,25e-8;2,41e-9;2,41e-9;2,88e-11;1,18e-8;2,6e-7;2,6e-7;0,0001354;0,0004971;0,0004971;0,006068;0,006068;3,831e-8;1,342e-8;0,000006923;0,000006923;2,082e-8;1,926e-7;6,356e-7;6,358e-7;8,7e-7;0,000002424;0,000002424;8,84e-7;8,864e-7;8,28e-7;3,564e-7;5,032e-7;5,032e-7
-4,978;0,00151;4,14e-13;1,97e-8;1,67e-8;1,67e-8;1,66e-12;1,64e-9;1,64e-9;1,96e-10;1,96e-10;1,29e-12;7,58e-10;3,11e-8;3,11e-8;0,00000969;0,00004993;0,00004993;0,0006994;0,0006994;2,768e-9;8,506e-10;8,103e-7;8,103e-7;1,734e-9;1,638e-8;7,14e-8;7,16e-8;7,26e-8;2,764e-7;2,762e-7;7,18e-8;7,166e-8;6,84e-8;2,922e-8;4,864e-8;4,866e-8
-4,928;0,000133;1,63e-14;9,65e-10;1,52e-9;1,52e-9;5,07e-14;9,21e-11;9,21e-11;1,23e-11;1,23e-11;4,62e-14;3,71e-11;2,85e-9;2,85e-9;5,318e-7;0,000004008;0,000004008;0,0000623;0,0000623;1,527e-10;4,123e-11;7,282e-8;7,282e-8;1,116e-10;1,068e-9;6,26e-9;6,272e-9;4,644e-9;2,446e-8;2,446e-8;4,46e-9;4,47e-9;4,32e-9;1,86e-9;3,792e-9;3,792e-9
-4,878;0,00000907;4,87e-16;3,61e-11;1,06e-10;1,06e-10;6,55e-16;3,96e-12;3,96e-12;5,89e-13;5,89e-13;1,09e-15;1,39e-12;1,99e-10;1,99e-10;2,24e-8;2,562e-7;2,562e-7;0,000004261;0,000004261;6,461e-12;1,533e-12;5,042e-9;5,042e-9;5,502e-12;5,352e-11;4,252e-10;4,254e-10;2,274e-10;1,674e-9;1,675e-9;2,134e-10;2,132e-10;2,106e-10;9,18e-11;2,362e-10;2,364e-10
-4,828;4,75e-7;1,13e-17;1,03e-12;5,62e-12;5,62e-12;1,52e-17;1,31e-13;1,31e-13;2,17e-14;2,17e-14;2,54e-17;3,96e-14;1,06e-11;1,06e-11;7,218e-10;1,28e-8;1,28e-8;2,237e-7;2,237e-7;2,093e-13;4,342e-14;2,653e-10;2,653e-10;2,082e-13;2,052e-12;2,23e-11;2,229e-11;8,52e-12;8,816e-11;8,798e-11;7,78e-12;7,81e-12;7,86e-12;3,492e-12;1,162e-11;1,166e-11
-4,778;1,91e-8;2,21e-24;5,67e-21;2,29e-13;2,29e-13;3,05e-23;2,99e-15;2,99e-15;6,15e-16;6,15e-16;2e-23;2,05e-22;4,31e-13;4,31e-13;1,574e-11;4,98e-10;4,98e-10;9,006e-9;9,006e-9;4,702e-15;5,739e-22;1,072e-11;1,072e-11;5,982e-15;5,976e-14;8,976e-13;8,966e-13;2,43e-13;3,552e-12;3,556e-12;2,172e-13;2,172e-13;2,226e-13;1,002e-13;4,488e-13;4,484e-13
-4,728;5,75e-10;1,95e-28;5,6e-29;7,1e-15;7,1e-15;1,07e-27;4,15e-27;4,15e-27;6,43e-27;6,43e-27;1,01e-26;3,13e-27;1,34e-14;1,34e-14;2,484e-19;1,424e-11;1,424e-11;2,72e-10;2,72e-10;6,761e-23;1,762e-26;3,273e-13;3,273e-13;1,512e-27;5,79e-28;2,736e-14;2,735e-14;6,9e-27;1,092e-13;1,091e-13;1,006e-26;1,004e-26;1,95e-26;2,748e-26;1,273e-14;1,27e-14
-4,678;1,36e-11;4,61e-30;1,33e-30;1,68e-16;1,68e-16;2,53e-29;9,83e-29;9,83e-29;1,52e-28;1,52e-28;2,39e-28;7,41e-29;3,17e-16;3,17e-16;5,87e-21;3,38e-13;3,38e-13;6,46e-12;6,46e-12;1,602e-24;4,176e-28;7,762e-15;7,762e-15;3,582e-29;1,374e-29;6,488e-16;6,504e-16;1,632e-28;2,584e-15;2,586e-15;2,386e-28;2,386e-28;4,626e-28;6,54e-28;3,014e-16;3,014e-16
-4,628;0;0;0;0;0;0;0;0;0;0;0;0;0;0;0;0;0;0;0;0;0;0;0;0;0;0;0;0;0;0;0;0;0;0;0;0
-4,578;0;0;0;0;0;0;0;0;0;0;0;0;0;0;0;0;0;0;0;0;0;0;0;0;0;0;0;0;0;0;0;0;0;0;0;0
-4,528;0;0;0;0;0;0;0;0;0;0;0;0;0;0;0;0;0;0;0;0;0;0;0;0;0;0;0;0;0;0;0;0;0;0;0;0
-4,478;0;0;0;0;0;0;0;0;0;0;0;0;0;0;0;0;0;0;0;0;0;0;0;0;0;0;0;0;0;0;0;0;0;0;0;0
-4,428;0;0;0;0;0;0;0;0;0;0;0;0;0;0;0;0;0;0;0;0;0;0;0;0;0;0;0;0;0;0;0;0;0;0;0;0
-4,378;0;0;0;0;0;0;0;0;0;0;0;0;0;0;0;0;0;0;0;0;0;0;0;0;0;0;0;0;0;0;0;0;0;0;0;0
-4,328;0;0;0;0;0;0;0;0;0;0;0;0;0;0;0;0;0;0;0;0;0;0;0;0;0;0;0;0;0;0;0;0;0;0;0;0
-4,278;0;0;0;0;0;0;0;0;0;0;0;0;0;0;0;0;0;0;0;0;0;0;0;0;0;0;0;0;0;0;0;0;0;0;0;0
-4,228;0;0;0;0;0;0;0;0;0;0;0;0;0;0;0;0;0;0;0;0;0;0;0;0;0;0;0;0;0;0;0;0;0;0;0;0
-4,178;0;0;0;0;0;0;0;0;0;0;0;0;0;0;0;0;0;0;0;0;0;0;0;0;0;0;0;0;0;0;0;0;0;0;0;0
-4,128;0;0;0;0;0;0;0;0;0;0;0;0;0;0;0;0;0;0;0;0;0;0;0;0;0;0;0;0;0;0;0;0;0;0;0;0
-4,078;0;0;0;0;0;0;0;0;0;0;0;0;0;0;0;0;0;0;0;0;0;0;0;0;0;0;0;0;0;0;0;0;0;0;0;0
-4,028;0;0;0;0;0;0;0;0;0;0;0;0;0;0;0;0;0;0;0;0;0;0;0;0;0;0;0;0;0;0;0;0;0;0;0;0
-3,978;0;0;0;0;0;0;0;0;0;0;0;0;0;0;0;0;0;0;0;0;0;0;0;0;0;0;0;0;0;0;0;0;0;0;0;0
-3,928;0;0;0;0;0;0;0;0;0;0;0;0;0;0;0;0;0;0;0;0;0;0;0;0;0;0;0;0;0;0;0;0;0;0;0;0
-3,878;0;0;0;0;0;0;0;0;0;0;0;0;0;0;0;0;0;0;0;0;0;0;0;0;0;0;0;0;0;0;0;0;0;0;0;0
-3,828;0;0;0;0;0;0;0;0;0;0;0;0;0;0;0;0;0;0;0;0;0;0;0;0;0;0;0;0;0;0;0;0;0;0;0;0
-3,778;0;0;0;0;0;0;0;0;0;0;0;0;0;0;0;0;0;0;0;0;0;0;0;0;0;0;0;0;0;0;0;0;0;0;0;0
-3,728;0;0;0;0;0;0;0;0;0;0;0;0;0;0;0;0;0;0;0;0;0;0;0;0;0;0;0;0;0;0;0;0;0;0;0;0
-3,678;0;0;0;0;0;0;0;0;0;0;0;0;0;0;0;0;0;0;0;0;0;0;0;0;0;0;0;0;0;0;0;0;0;0;0;0
-3,628;0;0;0;0;0;0;0;0;0;0;0;0;0;0;0;0;0;0;0;0;0;0;0;0;0;0;0;0;0;0;0;0;0;0;0;0
-3,578;0;0;0;0;0;0;0;0;0;0;0;0;0;0;0;0;0;0;0;0;0;0;0;0;0;0;0;0;0;0;0;0;0;0;0;0
-3,528;0;0;0;0;0;0;0;0;0;0;0;0;0;0;0;0;0;0;0;0;0;0;0;0;0;0;0;0;0;0;0;0;0;0;0;0
-3,478;0;0;0;0;0;0;0;0;0;0;0;0;0;0;0;0;0;0;0;0;0;0;0;0;0;0;0;0;0;0;0;0;0;0;0;0
-3,428;0;0;0;0;0;0;0;0;0;0;0;0;0;0;0;0;0;0;0;0;0;0;0;0;0;0;0;0;0;0;0;0;0;0;0;0
-3,378;0;0;0;0;0;0;0;0;0;0;0;0;0;0;0;0;0;0;0;0;0;0;0;0;0;0;0;0;0;0;0;0;0;0;0;0
-3,328;0;0;0;0;0;0;0;0;0;0;0;0;0;0;0;0;0;0;0;0;0;0;0;0;0;0;0;0;0;0;0;0;0;0;0;0
-3,278;0;0;0;0;0;0;0;0;0;0;0;0;0;0;0;0;0;0;0;0;0;0;0;0;0;0;0;0;0;0;0;0;0;0;0;0
-3,228;0;0;0;0;0;0;0;0;0;0;0;0;0;0;0;0;0;0;0;0;0;0;0;0;0;0;0;0;0;0;0;0;0;0;0;0
-3,178;0;0;0;0;0;0;0;0;0;0;0;0;0;0;0;0;0;0;0;0;0;0;0;0;0;0;0;0;0;0;0;0;0;0;0;0
-3,128;0;0;0;0;0;0;0;0;0;0;0;0;0;0;0;0;0;0;0;0;0;0;0;0;0;0;0;0;0;0;0;0;0;0;0;0
-3,078;0;0;0;0;0;0;0;0;0;0;0;0;0;0;0;0;0;0;0;0;0;0;0;0;0;0;0;0;0;0;0;0;0;0;0;0
-3,028;0;0;0;0;0;0;0;0;0;0;0;0;0;0;0;0;0;0;0;0;0;0;0;0;0;0;0;0;0;0;0;0;0;0;0;0
-2,978;0;0;0;0;0;0;0;0;0;0;0;0;0;0;0;0;0;0;0;0;0;0;0;0;0;0;0;0;0;0;0;0;0;0;0;0
-2,928;0;0;0;0;0;0;0;0;0;0;0;0;0;0;0;0;0;0;0;0;0;0;0;0;0;0;0;0;0;0;0;0;0;0;0;0
-2,878;0;0;0;0;0;0;0;0;0;0;0;0;0;0;0;0;0;0;0;0;0;0;0;0;0;0;0;0;0;0;0;0;0;0;0;0
-2,828;0;0;0;0;0;0;0;0;0;0;0;0;0;0;0;0;0;0;0;0;0;0;0;0;0;0;0;0;0;0;0;0;0;0;0;0
-2,778;0;0;0;0;0;0;0;0;0;0;0;0;0;0;0;0;0;0;0;0;0;0;0;0;0;0;0;0;0;0;0;0;0;0;0;0
-2,728;0;0;0;0;0;0;0;0;0;0;0;0;0;0;0;0;0;0;0;0;0;0;0;0;0;0;0;0;0;0;0;0;0;0;0;0
-2,678;0;0;0;0;0;0;0;0;0;0;0;0;0;0;0;0;0;0;0;0;0;0;0;0;0;0;0;0;0;0;0;0;0;0;0;0
-2,628;0;0;0;0;0;0;0;0;0;0;0;0;0;0;0;0;0;0;0;0;0;0;0;0;0;0;0;0;0;0;0;0;0;0;0;0
-2,578;0;0;0;0;0;0;0;0;0;0;0;0;0;0;0;0;0;0;0;0;0;0;0;0;0;0;0;0;0;0;0;0;0;0;0;0
-2,528;0;0;0;0;0;0;0;0;0;0;0;0;0;0;0;0;0;0;0;0;0;0;0;0;0;0;0;0;0;0;0;0;0;0;0;0
-2,478;0;0;0;0;0;0;0;0;0;0;0;0;0;0;0;0;0;0;0;0;0;0;0;0;0;0;0;0;0;0;0;0;0;0;0;0
-2,428;0;0;0;0;0;0;0;0;0;0;0;0;0;0;0;0;0;0;0;0;0;0;0;0;0;0;0;0;0;0;0;0;0;0;0;0
-2,378;0;0;0;0;0;0;0;0;0;0;0;0;0;0;0;0;0;0;0;0;0;0;0;0;0;0;0;0;0;0;0;0;0;0;0;0
-2,328;0;0;0;0;0;0;0;0;0;0;0;0;0;0;0;0;0;0;0;0;0;0;0;0;0;0;0;0;0;0;0;0;0;0;0;0
-2,278;0;0;0;0;0;0;0;0;0;0;0;0;0;0;0;0;0;0;0;0;0;0;0;0;0;0;0;0;0;0;0;0;0;0;0;0
-2,228;0;0;0;0;0;0;0;0;0;0;0;0;0;0;0;0;0;0;0;0;0;0;0;0;0;0;0;0;0;0;0;0;0;0;0;0
-2,178;0;0;0;0;0;0;0;0;0;0;0;0;0;0;0;0;0;0;0;0;0;0;0;0;0;0;0;0;0;0;0;0;0;0;0;0
-2,128;0;0;0;0;0;0;0;0;0;0;0;0;0;0;0;0;0;0;0;0;0;0;0;0;0;0;0;0;0;0;0;0;0;0;0;0
-2,078;0;0;0;0;0;0;0;0;0;0;0;0;0;0;0;0;0;0;0;0;0;0;0;0;0;0;0;0;0;0;0;0;0;0;0;0
-2,028;0;0;0;0;0;0;0;0;0;0;0;0;0;0;0;0;0;0;0;0;0;0;0;0;0;0;0;0;0;0;0;0;0;0;0;0
-1,978;0;0;0;0;0;0;0;0;0;0;0;0;0;0;0;0;0;0;0;0;0;0;0;0;0;0;0;0;0;0;0;0;0;0;0;0
-1,928;0;0;0;0;0;0;0;0;0;0;0;0;0;0;0;0;0;0;0;0;0;0;0;0;0;0;0;0;0;0;0;0;0;0;0;0
-1,878;0;0;0;0;0;0;0;0;0;0;0;0;0;0;0;0;0;0;0;0;0;0;0;0;0;0;0;0;0;0;0;0;0;0;0;0
-1,828;0;0;0;0;0;0;0;0;0;0;0;0;0;0;0;0;0;0;0;0;0;0;0;0;0;0;0;0;0;0;0;0;0;0;0;0
-1,778;0;0;0;0;0;0;0;0;0;0;0;0;0;0;0;0;0;0;0;0;0;0;0;0;0;0;0;0;0;0;0;0;0;0;0;0
-1,728;0;0;0;0;0;0;0;0;0;0;0;0;0;0;0;0;0;0;0;0;0;0;0;0;0;0;0;0;0;0;0;0;0;0;0;0
-1,678;0;0;0;0;0;0;0;0;0;0;0;0;0;0;0;0;0;0;0;0;0;0;0;0;0;0;0;0;0;0;0;0;0;0;0;0
-1,628;0;0;0;0;0;0;0;0;0;0;0;0;0;0;0;0;0;0;0;0;0;0;0;0;0;0;0;0;0;0;0;0;0;0;0;0
-1,578;0;0;0;0;0;0;0;0;0;0;0;0;0;0;0;0;0;0;0;0;0;0;0;0;0;0;0;0;0;0;0;0;0;0;0;0
-1,528;0;0;0;0;0;0;0;0;0;0;0;0;0;0;0;0;0;0;0;0;0;0;0;0;0;0;0;0;0;0;0;0;0;0;0;0
-1,478;0;0;0;0;0;0;0;0;0;0;0;0;0;0;0;0;0;0;0;0;0;0;0;0;0;0;0;0;0;0;0;0;0;0;0;0
-1,428;0;0;0;0;0;0;0;0;0;0;0;0;0;0;0;0;0;0;0;0;0;0;0;0;0;0;0;0;0;0;0;0;0;0;0;0
-1,378;0;0;0;0;0;0;0;0;0;0;0;0;0;0;0;0;0;0;0;0;0;0;0;0;0;0;0;0;0;0;0;0;0;0;0;0
-1,328;0;0;0;0;0;0;0;0;0;0;0;0;0;0;0;0;0;0;0;0;0;0;0;0;0;0;0;0;0;0;0;0;0;0;0;0
-1,278;0;0;0;0;0;0;0;0;0;0;0;0;0;0;0;0;0;0;0;0;0;0;0;0;0;0;0;0;0;0;0;0;0;0;0;0
-1,228;0;0;0;0;0;0;0;0;0;0;0;0;0;0;0;0;0;0;0;0;0;0;0;0;0;0;0;0;0;0;0;0;0;0;0;0
-1,178;0;0;0;0;0;0;0;0;0;0;0;0;0;0;0;0;0;0;0;0;0;0;0;0;0;0;0;0;0;0;0;0;0;0;0;0
-1,128;0;0;0;0;0;0;0;0;0;0;0;0;0;0;0;0;0;0;0;0;0;0;0;0;0;0;0;0;0;0;0;0;0;0;0;0
-1,078;0;0;0;0;0;0;0;0;0;0;0;0;0;0;0;0;0;0;0;0;0;0;0;0;0;0;0;0;0;0;0;0;0;0;0;0
-1,028;0;0;0;0;0;0;0;0;0;0;0;0;0;0;0;0;0;0;0;0;0;0;0;0;0;0;0;0;0;0;0;0;0;0;0;0
-0,978;0;0;0;0;0;0;0;0;0;0;0;0;0;0;0;0;0;0;0;0;0;0;0;0;0;0;0;0;0;0;0;0;0;0;0;0
-0,928;0;0;0;0;0;0;0;0;0;0;0;0;0;0;0;0;0;0;0;0;0;0;0;0;0;0;0;0;0;0;0;0;0;0;0;0
-0,878;0;0;0;0;0;0;0;0;0;0;0;0;0;0;0;0;0;0;0;0;0;0;0;0;0;0;0;0;0;0;0;0;0;0;0;0
-0,828;0;0;0;0;0;0;0;0;0;0;0;0;0;0;0;0;0;0;0;0;0;0;0;0;0;0;0;0;0;0;0;0;0;0;0;0
-0,778;0;0;0;0;0;0;0;0;0;0;0;0;0;0;0;0;0;0;0;0;0;0;0;0;0;0;0;0;0;0;0;0;0;0;0;0
-0,728;0;0;0;0;0;0;0;0;0;0;0;0;0;0;0;0;0;0;0;0;0;0;0;0;0;0;0;0;0;0;0;0;0;0;0;0
-0,678;0;0;0;0;0;0;0;0;0;0;0;0;0;0;0;0;0;0;0;0;0;0;0;0;0;0;0;0;0;0;0;0;0;0;0;0
-0,628;0;0;0;0;0;0;0;0;0;0;0;0;0;0;0;0;0;0;0;0;0;0;0;0;0;0;0;0;0;0;0;0;0;0;0;0
-0,578;0;0;0;0;0;0;0;0;0;0;0;0;0;0;0;0;0;0;0;0;0;0;0;0;0;0;0;0;0;0;0;0;0;0;0;0
-0,528;0;0;0;0;0;0;0;0;0;0;0;0;0;0;0;0;0;0;0;0;0;0;0;0;0;0;0;0;0;0;0;0;0;0;0;0
-0,478;0;0;0;0;0;0;0;0;0;0;0;0;0;0;0;0;0;0;0;0;0;0;0;0;0;0;0;0;0;0;0;0;0;0;0;0
-0,428;0;0;0;0;0;0;0;0;0;0;0;0;0;0;0;0;0;0;0;0;0;0;0;0;0;0;0;0;0;0;0;0;0;0;0;0
-0,378;0;0;0;0;0;0;0;0;0;0;0;0;0;0;0;0;0;0;0;0;0;0;0;0;0;0;0;0;0;0;0;0;0;0;0;0
-0,328;0;0;0;0;0;0;0;0;0;0;0;0;0;0;0;0;0;0;0;0;0;0;0;0;0;0;0;0;0;0;0;0;0;0;0;0
-0,278;0;0;0;0;0;0;0;0;0;0;0;0;0;0;0;0;0;0;0;0;0;0;0;0;0;0;0;0;0;0;0;0;0;0;0;0
-0,228;0;0;0;0;0;0;0;0;0;0;0;0;0;0;0;0;0;0;0;0;0;0;0;0;0;0;0;0;0;0;0;0;0;0;0;0
-0,178;0;0;0;0;0;0;0;0;0;0;0;0;0;0;0;0;0;0;0;0;0;0;0;0;0;0;0;0;0;0;0;0;0;0;0;0
-0,128;0;0;0;0;0;0;0;0;0;0;0;0;0;0;0;0;0;0;0;0;0;0;0;0;0;0;0;0;0;0;0;0;0;0;0;0
-0,078;0;0;0;0;0;0;0;0;0;0;0;0;0;0;0;0;0;0;0;0;0;0;0;0;0;0;0;0;0;0;0;0;0;0;0;0
-0,028;0;0;0;0;0;0;0;0;0;0;0;0;0;0;0;0;0;0;0;0;0;0;0;0;0;0;0;0;0;0;0;0;0;0;0;0
0,022;0;0;0;0;0;0;0;0;0;0;0;0;0;0;0;0;0;0;0;0;0;0;0;0;0;0;0;0;0;0;0;0;0;0;0;0
0,072;0;0;0;0;0;0;0;0;0;0;0;0;0;0;0;0;0;0;0;0;0;0;0;0;0;0;0;0;0;0;0;0;0;0;0;0
0,122;0;0;0;0;0;0;0;0;0;0;0;0;0;0;0;0;0;0;0;0;0;0;0;0;0;0;0;0;0;0;0;0;0;0;0;0
0,172;0;0;0;0;0;0;0;0;0;0;0;0;0;0;0;0;0;0;0;0;0;0;0;0;0;0;0;0;0;0;0;0;0;0;0;0
0,222;0;0;0;0;0;0;0;0;0;0;0;0;0;0;0;0;0;0;0;0;0;0;0;0;0;0;0;0;0;0;0;0;0;0;0;0
0,272;0;0;0;0;0;0;0;0;0;0;0;0;0;0;0;0;0;0;0;0;0;0;0;0;0;0;0;0;0;0;0;0;0;0;0;0
0,322;0;0;0;0;0;0;0;0;0;0;0;0;0;0;0;0;0;0;0;0;0;0;0;0;0;0;0;0;0;0;0;0;0;0;0;0
0,372;0;0;0;0;0;0;0;0;0;0;0;0;0;0;0;0;0;0;0;0;0;0;0;0;0;0;0;0;0;0;0;0;0;0;0;0
0,422;0;0;0;0;0;0;0;0;0;0;0;0;0;0;0;0;0;0;0;0;0;0;0;0;0;0;0;0;0;0;0;0;0;0;0;0
0,472;0;0;0;0;0;0;0;0;0;0;0;0;0;0;0;0;0;0;0;0;0;0;0;0;0;0;0;0;0;0;0;0;0;0;0;0
0,522;0;0;0;0;0;0;0;0;0;0;0;0;0;0;0;0;0;0;0;0;0;0;0;0;0;0;0;0;0;0;0;0;0;0;0;0
0,572;0;0;0;0;0;0;0;0;0;0;0;0;0;0;0;0;0;0;0;0;0;0;0;0;0;0;0;0;0;0;0;0;0;0;0;0
0,622;0;0;0;0;0;0;0;0;0;0;0;0;0;0;0;0;0;0;0;0;0;0;0;0;0;0;0;0;0;0;0;0;0;0;0;0
0,672;0;0;0;0;0;0;0;0;0;0;0;0;0;0;0;0;0;0;0;0;0;0;0;0;0;0;0;0;0;0;0;0;0;0;0;0
0,722;0;0;0;0;0;0;0;0;0;0;0;0;0;0;0;0;0;0;0;0;0;0;0;0;0;0;0;0;0;0;0;0;0;0;0;0
0,772;0;0;0;0;0;0;0;0;0;0;0;0;0;0;0;0;0;0;0;0;0;0;0;0;0;0;0;0;0;0;0;0;0;0;0;0
0,822;0;0;0;0;0;0;0;0;0;0;0;0;0;0;0;0;0;0;0;0;0;0;0;0;0;0;0;0;0;0;0;0;0;0;0;0
0,872;0;0;0;0;0;0;0;0;0;0;0;0;0;0;0;0;0;0;0;0;0;0;0;0;0;0;0;0;0;0;0;0;0;0;0;0
0,922;0;0;0;0;0;0;0;0;0;0;0;0;0;0;0;0;0;0;0;0;0;0;0;0;0;0;0;0;0;0;0;0;0;0;0;0
0,972;0;0;0;0;0;0;0;0;0;0;0;0;0;0;0;0;0;0;0;0;0;0;0;0;0;0;0;0;0;0;0;0;0;0;0;0
1,022;0;0;0;0;0;0;0;0;0;0;0;0;0;0;0;0;0;0;0;0;0;0;0;0;0;0;0;0;0;0;0;0;0;0;0;0
1,072;0;0;0;0;0;0;0;0;0;0;0;0;0;0;0;0;0;0;0;0;0;0;0;0;0;0;0;0;0;0;0;0;0;0;0;0
1,122;0;0;0;0;0;0;0;0;0;0;0;0;0;0;0;0;0;0;0;0;0;0;0;0;0;0;0;0;0;0;0;0;0;0;0;0
1,172;0;0;0;0;0;0;0;0;0;0;0;0;0;0;0;0;0;0;0;0;0;0;0;0;0;0;0;0;0;0;0;0;0;0;0;0
1,222;0;0;0;0;0;0;0;0;0;0;0;0;0;0;0;0;0;0;0;0;0;0;0;0;0;0;0;0;0;0;0;0;0;0;0;0
1,272;0;0;0;0;0;0;0;0;0;0;0;0;0;0;0;0;0;0;0;0;0;0;0;0;0;0;0;0;0;0;0;0;0;0;0;0
1,322;0;0;0;0;0;0;0;0;0;0;0;0;0;0;0;0;0;0;0;0;0;0;0;0;0;0;0;0;0;0;0;0;0;0;0;0
1,372;0;0;0;0;0;0;0;0;0;0;0;0;0;0;0;0;0;0;0;0;0;0;0;0;0;0;0;0;0;0;0;0;0;0;0;0
1,422;0;0;0;0;0;0;0;0;0;0;0;0;0;0;0;0;0;0;0;0;0;0;0;0;0;0;0;0;0;0;0;0;0;0;0;0
1,472;0;0;0;0;0;0;0;0;0;0;0;0;0;0;0;0;0;0;0;0;0;0;0;0;0;0;0;0;0;0;0;0;0;0;0;0
1,522;0;0;0;0;0;0;0;0;0;0;0;0;0;0;0;0;0;0;0;0;0;0;0;0;0;0;0;0;0;0;0;0;0;0;0;0
1,572;0;0;0;0;0;0;0;0;0;0;0;0;0;0;0;0;0;0;0;0;0;0;0;0;0;0;0;0;0;0;0;0;0;0;0;0
1,622;0;0;0;0;0;0;0;0;0;0;0;0;0;0;0;0;0;0;0;0;0;0;0;0;0;0;0;0;0;0;0;0;0;0;0;0
1,672;0;0;0;0;0;0;0;0;0;0;0;0;0;0;0;0;0;0;0;0;0;0;0;0;0;0;0;0;0;0;0;0;0;0;0;0
1,722;0;0;0;0;0;0;0;0;0;0;0;0;0;0;0;0;0;0;0;0;0;0;0;0;0;0;0;0;0;0;0;0;0;0;0;0
1,772;0;0;0;0;0;0;0;0;0;0;0;0;0;0;0;0;0;0;0;0;0;0;0;0;0;0;0;0;0;0;0;0;0;0;0;0
1,822;0;0;0;0;0;0;0;0;0;0;0;0;0;0;0;0;0;0;0;0;0;0;0;0;0;0;0;0;0;0;0;0;0;0;0;0
1,872;0;0;0;0;0;0;0;0;0;0;0;0;0;0;0;0;0;0;0;0;0;0;0;0;0;0;0;0;0;0;0;0;0;0;0;0
1,922;0;0;0;0;0;0;0;0;0;0;0;0;0;0;0;0;0;0;0;0;0;0;0;0;0;0;0;0;0;0;0;0;0;0;0;0
1,972;0;0;0;0;0;0;0;0;0;0;0;0;0;0;0;0;0;0;0;0;0;0;0;0;0;0;0;0;0;0;0;0;0;0;0;0
2,022;0;0;0;0;0;0;0;0;0;0;0;0;0;0;0;0;0;0;0;0;0;0;0;0;0;0;0;0;0;0;0;0;0;0;0;0
2,072;0;0;0;0;0;0;0;0;0;0;0;0;0;0;0;0;0;0;0;0;0;0;0;0;0;0;0;0;0;0;0;0;0;0;0;0
2,122;0;0;0;0;0;0;0;0;0;0;0;0;0;0;0;0;0;0;0;0;0;0;0;0;0;0;0;0;0;0;0;0;0;0;0;0
2,172;0;0;0;0;0;0;0;0;0;0;0;0;0;0;0;0;0;0;0;0;0;0;0;0;0;0;0;0;0;0;0;0;0;0;0;0
2,222;0;0;0;0;0;0;0;0;0;0;0;0;0;0;0;0;0;0;0;0;0;0;0;0;0;0;0;0;0;0;0;0;0;0;0;0
2,272;0;0;0;0;0;0;0;0;0;0;0;0;0;0;0;0;0;0;0;0;0;0;0;0;0;0;0;0;0;0;0;0;0;0;0;0
2,322;0;0;0;0;0;0;0;0;0;0;0;0;0;0;0;0;0;0;0;0;0;0;0;0;0;0;0;0;0;0;0;0;0;0;0;0
2,372;0;0;0;0;0;0;0;0;0;0;0;0;0;0;0;0;0;0;0;0;0;0;0;0;0;0;0;0;0;0;0;0;0;0;0;0
2,422;0;0;0;0;0;0;0;0;0;0;0;0;0;0;0;0;0;0;0;0;0;0;0;0;0;0;0;0;0;0;0;0;0;0;0;0
2,472;0;0;0;0;0;0;0;0;0;0;0;0;0;0;0;0;0;0;0;0;0;0;0;0;0;0;0;0;0;0;0;0;0;0;0;0
2,522;0;0;0;0;0;0;0;0;0;0;0;0;0;0;0;0;0;0;0;0;0;0;0;0;0;0;0;0;0;0;0;0;0;0;0;0
2,572;0;0;0;0;0;0;0;0;0;0;0;0;0;0;0;0;0;0;0;0;0;0;0;0;0;0;0;0;0;0;0;0;0;0;0;0
2,622;0;0;0;0;0;0;0;0;0;0;0;0;0;0;0;0;0;0;0;0;0;0;0;0;0;0;0;0;0;0;0;0;0;0;0;0
2,672;0;0;0;0;0;0;0;0;0;0;0;0;0;0;0;0;0;0;0;0;0;0;0;0;0;0;0;0;0;0;0;0;0;0;0;0
2,722;0;0;0;0;0;0;0;0;0;0;0;0;0;0;0;0;0;0;0;0;0;0;0;0;0;0;0;0;0;0;0;0;0;0;0;0
2,772;0;0;0;0;0;0;0;0;0;0;0;0;0;0;0;0;0;0;0;0;0;0;0;0;0;0;0;0;0;0;0;0;0;0;0;0
2,822;0;0;0;0;0;0;0;0;0;0;0;0;0;0;0;0;0;0;0;0;0;0;0;0;0;0;0;0;0;0;0;0;0;0;0;0
2,872;0;0;0;0;0;0;0;0;0;0;0;0;0;0;0;0;0;0;0;0;0;0;0;0;0;0;0;0;0;0;0;0;0;0;0;0
2,922;0;0;0;0;0;0;0;0;0;0;0;0;0;0;0;0;0;0;0;0;0;0;0;0;0;0;0;0;0;0;0;0;0;0;0;0
2,972;0;0;0;0;0;0;0;0;0;0;0;0;0;0;0;0;0;0;0;0;0;0;0;0;0;0;0;0;0;0;0;0;0;0;0;0
3,022;0;0;0;0;0;0;0;0;0;0;0;0;0;0;0;0;0;0;0;0;0;0;0;0;0;0;0;0;0;0;0;0;0;0;0;0
3,072;0;0;0;0;0;0;0;0;0;0;0;0;0;0;0;0;0;0;0;0;0;0;0;0;0;0;0;0;0;0;0;0;0;0;0;0
3,122;0;0;0;0;0;0;0;0;0;0;0;0;0;0;0;0;0;0;0;0;0;0;0;0;0;0;0;0;0;0;0;0;0;0;0;0
3,172;0;0;0;0;0;0;0;0;0;0;0;0;0;0;0;0;0;0;0;0;0;0;0;0;0;0;0;0;0;0;0;0;0;0;0;0
3,222;0;0;0;0;0;0;0;0;0;0;0;0;0;0;0;0;0;0;0;0;0;0;0;0;0;0;0;0;0;0;0;0;0;0;0;0
3,272;0;0;0;0;0;0;0;0;0;0;0;0;0;0;0;0;0;0;0;0;0;0;0;0;0;0;0;0;0;0;0;0;0;0;0;0
3,322;0;0;0;0;0;0;0;0;0;0;0;0;0;0;0;0;0;0;0;0;0;0;0;0;0;0;0;0;0;0;0;0;0;0;0;0
3,372;0;0;0;0;0;0;0;0;0;0;0;0;0;0;0;0;0;0;0;0;0;0;0;0;0;0;0;0;0;0;0;0;0;0;0;0
3,422;0;0;0;0;0;0;0;0;0;0;0;0;0;0;0;0;0;0;0;0;0;0;0;0;0;0;0;0;0;0;0;0;0;0;0;0
3,472;0;0;0;0;0;0;0;0;0;0;0;0;0;0;0;0;0;0;0;0;0;0;0;0;0;0;0;0;0;0;0;0;0;0;0;0
3,522;0;0;0;0;0;0;0;0;0;0;0;0;0;0;0;0;0;0;0;0;0;0;0;0;0;0;0;0;0;0;0;0;0;0;0;0
3,572;0;0;0;0;0;0;0;0;0;0;0;0;0;0;0;0;0;0;0;0;0;0;0;0;0;0;0;0;0;0;0;0;0;0;0;0
3,622;0;0;0;0;0;0;0;0;0;0;0;0;0;0;0;0;0;0;0;0;0;0;0;0;0;0;0;0;0;0;0;0;0;0;0;0
3,672;0;0;0;0;0;0;0;0;0;0;0;0;0;0;0;0;0;0;0;0;0;0;0;0;0;0;0;0;0;0;0;0;0;0;0;0
3,722;0;0;0;0;0;0;0;0;0;0;0;0;0;0;0;0;0;0;0;0;0;0;0;0;0;0;0;0;0;0;0;0;0;0;0;0
3,772;0;0;0;0;0;0;0;0;0;0;0;0;0;0;0;0;0;0;0;0;0;0;0;0;0;0;0;0;0;0;0;0;0;0;0;0
3,822;0;0;0;0;0;0;0;0;0;0;0;0;0;0;0;0;0;0;0;0;0;0;0;0;0;0;0;0;0;0;0;0;0;0;0;0
3,872;0;0;0;0;0;0;0;0;0;0;0;0;0;0;0;0;0;0;0;0;0;0;0;0;0;0;0;0;0;0;0;0;0;0;0;0
3,922;0;0;0;0;0;0;0;0;0;0;0;0;0;0;0;0;0;0;0;0;0;0;0;0;0;0;0;0;0;0;0;0;0;0;0;0
3,972;0;0;0;0;0;0;0;0;0;0;0;0;0;0;0;0;0;0;0;0;0;0;0;0;0;0;0;0;0;0;0;0;0;0;0;0
4,022;0;0;0;0;0;0;0;0;0;0;0;0;0;0;0;0;0;0;0;0;0;0;0;0;0;0;0;0;0;0;0;0;0;0;0;0
4,072;0;0;0;0;0;0;0;0;0;0;0;0;0;0;0;0;0;0;0;0;0;0;0;0;0;0;0;0;0;0;0;0;0;0;0;0
4,122;0;0;0;0;0;0;0;0;0;0;0;0;0;0;0;0;0;0;0;0;0;0;0;0;0;0;0;0;0;0;0;0;0;0;0;0
4,172;0;0;0;0;0;0;0;0;0;0;0;0;0;0;0;0;0;0;0;0;0;0;0;0;0;0;0;0;0;0;0;0;0;0;0;0
4,222;0;0;0;0;0;0;0;0;0;0;0;0;0;0;0;0;0;0;0;0;0;0;0;0;0;0;0;0;0;0;0;0;0;0;0;0
4,272;0;0;0;0;0;0;0;0;0;0;0;0;0;0;0;0;0;0;0;0;0;0;0;0;0;0;0;0;0;0;0;0;0;0;0;0
4,322;0;0;0;0;0;0;0;0;0;0;0;0;0;0;0;0;0;0;0;0;0;0;0;0;0;0;0;0;0;0;0;0;0;0;0;0
4,372;0;0;0;0;0;0;0;0;0;0;0;0;0;0;0;0;0;0;0;0;0;0;0;0;0;0;0;0;0;0;0;0;0;0;0;0
4,422;3,95e-11;1,6e-13;4,28e-29;1,5e-29;1,5e-29;4,97e-14;2,32e-27;2,32e-27;7,51e-22;7,51e-22;2,78e-12;1,46e-28;1,27e-27;1,27e-27;7,206e-15;3,19e-29;3,19e-29;1,222e-22;1,222e-22;1,508e-11;6,02e-14;8,44e-21;8,44e-21;8,76e-13;1,014e-17;1,274e-28;1,274e-28;5,676e-13;1,264e-27;1,262e-27;2,338e-14;2,336e-14;1,938e-11;9,84e-14;7,72e-27;7,7e-27
4,472;1,47e-9;5,97e-12;1,6e-27;5,58e-28;5,58e-28;1,85e-12;8,63e-26;8,63e-26;2,8e-20;2,8e-20;1,04e-10;5,45e-27;4,73e-26;4,73e-26;2,682e-13;1,19e-27;1,19e-27;4,554e-21;4,554e-21;5,624e-10;2,24e-12;3,146e-19;3,146e-19;3,264e-11;3,774e-16;4,748e-27;4,75e-27;2,118e-11;4,696e-26;4,702e-26;8,704e-13;8,72e-13;7,2e-10;3,672e-12;2,872e-25;2,874e-25
4,522;4,18e-8;1,7e-10;4,54e-26;1,59e-26;1,59e-26;5,26e-11;2,45e-24;2,45e-24;7,96e-19;7,96e-19;2,95e-9;1,55e-25;1,34e-24;1,34e-24;7,628e-12;3,38e-26;3,38e-26;1,296e-19;1,296e-19;1,598e-8;6,38e-11;8,96e-18;8,96e-18;9,3e-10;1,074e-14;1,348e-25;1,352e-25;6e-10;1,338e-24;1,338e-24;2,474e-11;2,476e-11;2,052e-8;1,044e-10;8,18e-24;8,18e-24
4,572;9,08e-7;3,68e-9;9,85e-25;3,44e-25;3,44e-25;1,14e-9;5,33e-23;5,33e-23;1,73e-17;1,73e-17;6,39e-8;3,36e-24;2,92e-23;2,92e-23;1,656e-10;7,346e-25;7,346e-25;2,81e-18;2,81e-18;3,472e-7;1,386e-9;1,942e-16;1,942e-16;2,016e-8;2,328e-13;2,93e-24;2,932e-24;1,308e-8;2,904e-23;2,902e-23;5,372e-10;5,36e-10;4,458e-7;2,268e-9;1,772e-22;1,774e-22
4,622;0,000015;6,1e-8;1,63e-23;5,71e-24;5,71e-24;1,89e-8;8,83e-22;8,83e-22;2,86e-16;2,86e-16;0,00000106;5,57e-23;4,84e-22;4,84e-22;2,744e-9;1,216e-23;1,216e-23;4,658e-17;4,658e-17;0,000005762;2,3e-8;3,218e-15;3,218e-15;3,336e-7;3,864e-12;4,854e-23;4,856e-23;2,166e-7;4,808e-22;4,808e-22;8,908e-9;8,92e-9;0,00000738;3,756e-8;2,938e-21;2,936e-21
4,672;0,00019;7,72e-7;2,06e-22;7,22e-23;7,22e-23;2,39e-7;1,12e-20;1,12e-20;3,62e-15;3,62e-15;0,0000134;7,05e-22;6,11e-21;6,11e-21;3,474e-8;1,538e-22;1,538e-22;5,876e-16;5,876e-16;0,00007282;2,9e-7;4,072e-14;4,072e-14;0,000004224;4,884e-11;6,136e-22;6,148e-22;0,000002736;6,076e-21;6,09e-21;1,125e-7;1,128e-7;0,0000936;4,746e-7;3,714e-20;3,716e-20
4,722;0,00184;0,00000745;1,99e-21;6,97e-22;6,97e-22;0,00000231;1,08e-19;1,08e-19;3,49e-14;3,49e-14;0,000129;6,8e-21;5,9e-20;5,9e-20;3,348e-7;1,484e-21;1,484e-21;5,688e-15;5,688e-15;0,0007026;0,0000028;3,93e-13;3,93e-13;0,00004074;4,716e-10;5,924e-21;5,93e-21;0,0000264;5,872e-20;5,856e-20;0,000001086;0,000001088;0,0009;0,000004584;3,586e-19;3,588e-19
4,772;0,0135;0,0000549;1,47e-20;5,13e-21;5,13e-21;0,000017;7,94e-19;7,94e-19;2,57e-13;2,57e-13;0,000953;5,01e-20;4,35e-19;4,35e-19;0,000002468;1,092e-20;1,092e-20;4,19e-14;4,19e-14;0,005164;0,0000206;2,894e-12;2,894e-12;0,0003;3,474e-9;4,368e-20;4,368e-20;0,0001944;4,332e-19;4,326e-19;0,000008008;0,000008;0,00666;0,00003378;2,642e-18;2,642e-18
4,822;0,0761;0,000309;8,25e-20;2,89e-20;2,89e-20;0,0000957;4,46e-18;4,46e-18;1,45e-12;1,45e-12;0,00536;2,82e-19;2,45e-18;2,45e-18;0,0000139;6,154e-20;6,154e-20;2,354e-13;2,354e-13;0,0291;0,000116;1,626e-11;1,626e-11;0,001686;1,956e-8;2,458e-19;2,456e-19;0,001092;2,434e-18;2,432e-18;0,000045;0,0000452;0,03738;0,0001902;1,488e-17;1,486e-17
4,872;0,327;0,00132;3,54e-19;1,24e-19;1,24e-19;0,000411;1,92e-17;1,92e-17;6,21e-12;6,21e-12;0,023;1,21e-18;1,05e-17;1,05e-17;0,00005954;2,64e-19;2,64e-19;1,012e-12;1,012e-12;0,1248;0,000498;6,98e-11;6,98e-11;0,00726;8,4e-8;1,054e-18;1,054e-18;0,004698;1,046e-17;1,043e-17;0,0001932;0,0001932;0,1602;0,000816;6,368e-17;6,364e-17
4,922;1,07;0,00434;1,16e-18;4,06e-19;4,06e-19;0,00135;6,28e-17;6,28e-17;2,04e-11;2,04e-11;0,0754;3,97e-18;3,44e-17;3,44e-17;0,0001952;8,644e-19;8,644e-19;3,314e-12;3,314e-12;0,4092;0,001632;2,29e-10;2,29e-10;0,02376;2,748e-7;3,454e-18;3,454e-18;0,01542;3,422e-17;3,422e-17;0,0006332;0,000632;0,5256;0,00267;2,092e-16;2,09e-16
4,972;2,68;0,0109;2,9e-18;1,02e-18;1,02e-18;0,00337;1,57e-16;1,57e-16;5,09e-11;5,09e-11;0,188;9,92e-18;8,6e-17;8,6e-17;0,0004888;2,164e-18;2,164e-18;8,286e-12;8,286e-12;1,024;0,00408;5,74e-10;5,74e-10;0,0594;6,9e-7;8,64e-18;8,64e-18;0,03852;8,54e-17;8,564e-17;0,001584;0,001584;1,314;0,00666;5,228e-16;5,226e-16
5,022;5,11;0,0207;5,54e-18;1,94e-18;1,94e-18;0,00643;3e-16;3e-16;9,72e-11;9,72e-11;0,36;1,89e-17;1,64e-16;1,64e-16;0,0009328;4,13e-18;4,13e-18;1,582e-11;1,582e-11;1,954;0,0078;1,094e-9;1,094e-9;0,1134;0,000001314;1,648e-17;1,652e-17;0,0732;1,632e-16;1,632e-16;0,003028;0,003024;2,508;0,01278;9,98e-16;9,96e-16
5,072;7,44;0,0302;8,08e-18;2,82e-18;2,82e-18;0,00937;4,37e-16;4,37e-16;1,42e-10;1,42e-10;0,524;2,76e-17;2,39e-16;2,39e-16;0,001358;6,024e-18;6,024e-18;2,304e-11;2,304e-11;2,846;0,01136;1,594e-9;1,594e-9;0,165;0,000001914;2,406e-17;2,404e-17;0,1068;2,38e-16;2,38e-16;0,004408;0,0044;3,66;0,0186;1,456e-15;1,454e-15
5,122;8,28;0,0336;8,98e-18;3,14e-18;3,14e-18;0,0104;4,86e-16;4,86e-16;1,58e-10;1,58e-10;0,583;3,07e-17;2,66e-16;2,66e-16;0,001512;6,7e-18;6,7e-18;2,564e-11;2,564e-11;3,166;0,01264;1,772e-9;1,772e-9;0,1836;0,000002124;2,674e-17;2,672e-17;0,1194;2,646e-16;2,646e-16;0,004896;0,00492;4,068;0,0207;1,62e-15;1,62e-15
5,172;7,03;0,0285;7,63e-18;2,67e-18;2,67e-18;0,00885;4,13e-16;4,13e-16;1,34e-10;1,34e-10;0,495;2,61e-17;2,26e-16;2,26e-16;0,001282;5,688e-18;5,688e-18;2,176e-11;2,176e-11;2,69;0,01072;1,506e-9;1,506e-9;0,156;0,000001806;2,27e-17;2,268e-17;0,1014;2,248e-16;2,246e-16;0,004168;0,00416;3,456;0,01758;1,372e-15;1,372e-15
5,222;4,56;0,0185;4,94e-18;1,73e-18;1,73e-18;0,00573;2,67e-16;2,67e-16;8,67e-11;8,67e-11;0,321;1,69e-17;1,46e-16;1,46e-16;0,0008306;3,682e-18;3,682e-18;1,41e-11;1,41e-11;1,742;0,00696;9,74e-10;9,74e-10;0,1014;0,00000117;1,472e-17;1,47e-17;0,0654;1,454e-16;1,456e-16;0,002698;0,002696;2,238;0,0114;8,92e-16;8,9e-16
5,272;2,25;0,00914;2,45e-18;8,55e-19;8,55e-19;0,00284;1,32e-16;1,32e-16;4,29e-11;4,29e-11;0,159;8,35e-18;7,25e-17;7,25e-17;0,0004116;1,822e-18;1,822e-18;6,996e-12;6,996e-12;0,8602;0,00344;4,82e-10;4,82e-10;0,05004;5,79e-7;7,26e-18;7,26e-18;0,0324;7,212e-17;7,19e-17;0,001334;0,001336;1,11;0,005628;4,402e-16;4,402e-16
5,322;0,851;0,00345;9,23e-19;3,23e-19;3,23e-19;0,00107;4,99e-17;4,99e-17;1,62e-11;1,62e-11;0,0599;3,15e-18;2,74e-17;2,74e-17;0,0001554;6,882e-19;6,882e-19;2,634e-12;2,634e-12;0,3256;0,001298;1,82e-10;1,82e-10;0,0189;2,184e-7;2,746e-18;2,748e-18;0,01224;2,72e-17;2,722e-17;0,000504;0,000504;0,4182;0,002124;1,66e-16;1,664e-16
5,372;0,245;0,000995;2,66e-19;9,31e-20;9,31e-20;0,000309;1,44e-17;1,44e-17;4,67e-12;4,67e-12;0,0173;9,09e-19;7,88e-18;7,88e-18;0,00004474;1,982e-19;1,982e-19;7,582e-13;7,582e-13;0,0938;0,000374;5,24e-11;5,24e-11;0,005442;6,3e-8;7,92e-19;7,92e-19;0,003528;7,844e-18;7,85e-18;0,0001452;0,0001452;0,1206;0,000612;4,788e-17;4,788e-17
5,422;0,054;0,000219;5,85e-20;2,05e-20;2,05e-20;0,0000679;3,17e-18;3,17e-18;1,03e-12;1,03e-12;0,0038;2e-19;1,73e-18;1,73e-18;0,000009846;4,354e-20;4,354e-20;1,67e-13;1,67e-13;0,02064;0,0000824;1,154e-11;1,154e-11;0,0012;1,386e-8;1,74e-19;1,74e-19;0,000774;1,726e-18;1,724e-18;0,00003184;0,00003196;0,02652;0,0001344;1,056e-17;1,056e-17
5,472;0,00906;0,0000368;9,83e-21;3,44e-21;3,44e-21;0,0000114;5,32e-19;5,32e-19;1,72e-13;1,72e-13;0,000638;3,36e-20;2,91e-19;2,91e-19;0,000001654;7,322e-21;7,322e-21;2,806e-14;2,806e-14;0,003464;0,00001382;1,938e-12;1,938e-12;0,000201;2,328e-9;2,924e-20;2,926e-20;0,0001302;2,896e-19;2,898e-19;0,000005368;0,00000536;0,004452;0,00002262;1,77e-18;1,77e-18
5,522;0,00116;0,00000471;1,26e-21;4,41e-22;4,41e-22;0,00000146;6,81e-20;6,81e-20;2,21e-14;2,21e-14;0,0000818;4,3e-21;3,73e-20;3,73e-20;2,12e-7;9,38e-22;9,38e-22;3,596e-15;3,596e-15;0,000444;0,000001772;2,484e-13;2,484e-13;0,0000258;2,982e-10;3,748e-21;3,748e-21;0,00001668;3,71e-20;3,712e-20;6,872e-7;6,88e-7;0,0005706;0,000002898;2,268e-19;2,268e-19
5,572;0,000114;4,61e-7;1,23e-22;4,31e-23;4,31e-23;1,43e-7;6,67e-21;6,67e-21;2,16e-15;2,16e-15;0,000008;4,21e-22;3,65e-21;3,65e-21;2,072e-8;9,18e-23;9,18e-23;3,518e-16;3,518e-16;0,00004342;1,734e-7;2,43e-14;2,43e-14;0,00000252;2,916e-11;3,668e-22;3,668e-22;0,000001632;3,63e-21;3,632e-21;6,72e-8;6,72e-8;0,0000558;2,838e-7;2,218e-20;2,218e-20
5,622;0,00000848;3,44e-8;9,2e-24;3,22e-24;3,22e-24;1,07e-8;4,98e-22;4,98e-22;1,61e-16;1,61e-16;5,97e-7;3,14e-23;2,73e-22;2,73e-22;1,546e-9;6,838e-24;6,838e-24;2,626e-17;2,626e-17;0,000003244;1,294e-8;1,814e-15;1,814e-15;1,884e-7;2,178e-12;2,74e-23;2,738e-23;1,218e-7;2,712e-22;2,712e-22;5,016e-9;5,04e-9;0,00000417;2,118e-8;1,658e-21;1,658e-21
5,672;4,84e-7;1,96e-9;5,25e-25;1,83e-25;1,83e-25;6,09e-10;2,84e-23;2,84e-23;9,2e-18;9,2e-18;3,41e-8;1,79e-24;1,55e-23;1,55e-23;8,82e-11;3,908e-25;3,908e-25;1,498e-18;1,498e-18;1,848e-7;7,38e-10;1,034e-16;1,034e-16;1,074e-8;7,14e-13;1,562e-24;1,562e-24;6,96e-9;1,544e-23;1,546e-23;2,866e-10;2,868e-10;2,376e-7;1,218e-9;9,44e-23;9,46e-23
5,722;2,2e-8;9,2e-11;2,3e-26;8,05e-27;8,05e-27;6,24e-11;1,24e-24;1,24e-24;4,38e-19;4,38e-19;1,5e-9;9,6e-26;6,8e-25;6,8e-25;4,202e-12;1,718e-26;1,718e-26;6,748e-20;6,748e-20;8,416e-9;3,54e-11;4,84e-18;4,84e-18;4,668e-10;2,256e-11;6,86e-26;6,842e-26;3,162e-10;6,808e-25;6,782e-25;2,638e-11;2,636e-11;1,032e-8;5,49e-10;4,172e-24;4,168e-24
5,772;3,03e-8;1,97e-10;7,36e-27;2,14e-27;2,14e-27;1,05e-9;9,11e-26;9,11e-26;1,12e-18;1,12e-18;4,96e-10;5,31e-25;1,41e-25;1,41e-25;1,054e-11;5,868e-27;5,868e-27;7,106e-20;7,106e-20;1,138e-8;9,78e-11;9,96e-18;9,96e-18;1,554e-11;6,6e-10;2,218e-26;2,218e-26;4,158e-10;2,368e-25;2,368e-25;4,08e-10;4,08e-10;4,05e-10;1,452e-8;1,918e-24;1,922e-24
5,822;6,62e-7;4,35e-9;1,47e-25;4,19e-26;4,19e-26;2,35e-8;1,12e-24;1,12e-24;2,48e-17;2,48e-17;9,98e-9;1,18e-23;2,65e-24;2,65e-24;2,33e-10;1,182e-25;1,182e-25;1,539e-18;1,539e-18;2,482e-7;2,16e-9;2,194e-16;2,194e-16;5,376e-13;1,476e-8;4,454e-25;4,464e-25;9,06e-9;4,794e-24;4,794e-24;9,092e-9;9,08e-9;1,38e-9;3,246e-7;3,986e-23;3,98e-23
5,872;0,0000113;7,41e-8;2,51e-24;7,14e-25;7,14e-25;4e-7;1,91e-23;1,91e-23;4,23e-16;4,23e-16;1,7e-7;2,01e-22;4,51e-23;4,51e-23;3,974e-9;2,018e-24;2,018e-24;2,624e-17;2,624e-17;0,000004236;3,68e-8;3,746e-15;3,746e-15;2,466e-12;2,52e-7;7,612e-24;7,6e-24;1,548e-7;8,16e-23;8,18e-23;1,55e-7;1,552e-7;2,346e-8;0,000005532;6,784e-22;6,788e-22
5,922;0,000147;9,65e-7;3,27e-23;9,29e-24;9,29e-24;0,00000521;2,48e-22;2,48e-22;5,5e-15;5,5e-15;0,00000222;2,62e-21;5,88e-22;5,88e-22;5,172e-8;2,626e-23;2,626e-23;3,41e-16;3,41e-16;0,0000552;4,8e-7;4,874e-14;4,874e-14;3,204e-11;0,000003276;9,874e-23;9,88e-23;0,00000201;1,066e-21;1,064e-21;0,000002018;0,00000202;3,048e-7;0,000072;8,858e-21;8,84e-21
5,972;0,00146;0,00000959;3,25e-22;9,23e-23;9,23e-23;0,0000518;2,47e-21;2,47e-21;5,47e-14;5,47e-14;0,000022;2,6e-20;5,84e-21;5,84e-21;5,14e-7;2,608e-22;2,608e-22;3,384e-15;3,384e-15;0,0005466;0,00000476;4,826e-13;4,826e-13;3,186e-10;0,00003258;9,82e-22;9,8e-22;0,00001998;1,06e-20;1,058e-20;0,00002006;0,00002004;0,00000303;0,000714;8,77e-20;8,76e-20
6,022;0,0111;0,0000727;2,47e-21;7e-22;7e-22;0,000393;1,87e-20;1,87e-20;4,15e-13;4,15e-13;0,000167;1,97e-19;4,43e-20;4,43e-20;0,000003898;1,978e-21;1,978e-21;2,572e-14;2,572e-14;0,004142;0,0000362;3,666e-12;3,666e-12;2,418e-9;0,0002472;7,462e-21;7,444e-21;0,0001518;8,04e-20;8,02e-20;0,0001522;0,000152;0,00002298;0,00543;6,646e-19;6,668e-19
6,072;0,0641;0,000421;1,43e-20;4,05e-21;4,05e-21;0,00227;1,08e-19;1,08e-19;2,4e-12;2,4e-12;0,000966;1,14e-18;2,56e-19;2,56e-19;0,00002256;1,146e-20;1,146e-20;1,49e-13;1,49e-13;0,02404;0,00021;2,122e-11;2,122e-11;1,398e-8;0,001428;4,31e-20;4,304e-20;0,000876;4,642e-19;4,64e-19;0,0008816;0,00088;0,0001332;0,03144;3,858e-18;3,86e-18
6,122;0,283;0,00186;6,31e-20;1,79e-20;1,79e-20;0,01;4,78e-19;4,78e-19;1,06e-11;1,06e-11;0,00427;5,05e-18;1,13e-18;1,13e-18;0,0000996;5,066e-20;5,066e-20;6,586e-13;6,586e-13;0,1061;0,000924;9,38e-11;9,38e-11;6,18e-8;0,0063;1,904e-19;1,906e-19;0,003876;2,05e-18;2,05e-18;0,003896;0,003892;0,000588;0,1386;1,702e-17;1,706e-17
6,172;0,955;0,00627;2,13e-19;6,04e-20;6,04e-20;0,0339;1,61e-18;1,61e-18;3,58e-11;3,58e-11;0,0144;1,7e-17;3,82e-18;3,82e-18;0,0003362;1,706e-19;1,706e-19;2,22e-12;2,22e-12;0,3588;0,00312;3,168e-10;3,168e-10;2,082e-7;0,0213;6,416e-19;6,416e-19;0,01308;6,906e-18;6,9e-18;0,0131;0,01312;0,00198;0,468;5,766e-17;5,74e-17
6,222;2,46;0,0161;5,48e-19;1,55e-19;1,55e-19;0,0872;4,15e-18;4,15e-18;9,21e-11;9,21e-11;0,0371;4,38e-17;9,83e-18;9,83e-18;0,000866;4,384e-19;4,384e-19;5,704e-12;5,704e-12;0,922;0,00802;8,14e-10;8,14e-10;5,364e-7;0,05484;1,654e-18;1,652e-18;0,03366;1,782e-17;1,78e-17;0,03384;0,03376;0,005106;1,206;1,481e-16;1,482e-16
6,272;4,83;0,0317;1,08e-18;3,06e-19;3,06e-19;0,171;8,16e-18;8,16e-18;1,81e-10;1,81e-10;0,0728;8,61e-17;1,93e-17;1,93e-17;0,0017;8,642e-19;8,642e-19;1,123e-11;1,123e-11;1,81;0,01576;1,598e-9;1,598e-9;0,000001056;0,108;3,248e-18;3,25e-18;0,066;3,5e-17;3,5e-17;0,06632;0,0664;0,01002;2,37;2,906e-16;2,908e-16
6,322;7,24;0,0476;1,61e-18;4,58e-19;4,58e-19;0,257;1,22e-17;1,22e-17;2,71e-10;2,71e-10;0,109;1,29e-16;2,9e-17;2,9e-17;0,00255;1,296e-18;1,296e-18;1,684e-11;1,684e-11;2,716;0,0236;2,4e-9;2,4e-9;0,000001584;0,1614;4,87e-18;4,868e-18;0,099;5,25e-17;5,256e-17;0,0996;0,0996;0,01506;3,552;4,36e-16;4,356e-16
6,372;8,29;0,0545;1,85e-18;5,25e-19;5,25e-19;0,294;1,4e-17;1,4e-17;3,11e-10;3,11e-10;0,125;1,48e-16;3,32e-17;3,32e-17;0,00292;1,482e-18;1,482e-18;1,928e-11;1,928e-11;3,112;0,027;2,748e-9;2,748e-9;0,000001812;0,1848;5,566e-18;5,584e-18;0,1134;6,026e-17;6,008e-17;0,114;0,114;0,01722;4,068;4,984e-16;4,988e-16
6,422;7,25;0,0476;1,61e-18;4,58e-19;4,58e-19;0,257;1,22e-17;1,22e-17;2,71e-10;2,71e-10;0,109;1,29e-16;2,9e-17;2,9e-17;0,002554;1,296e-18;1,296e-18;1,684e-11;1,684e-11;2,718;0,0236;2,4e-9;2,4e-9;0,000001584;0,1614;4,876e-18;4,868e-18;0,099;5,25e-17;5,256e-17;0,0996;0,0996;0,01506;3,552;4,364e-16;4,356e-16
6,472;4,83;0,0318;1,08e-18;3,06e-19;3,06e-19;0,171;8,17e-18;8,17e-18;1,81e-10;1,81e-10;0,0729;8,62e-17;1,93e-17;1,93e-17;0,0017;8,644e-19;8,644e-19;1,123e-11;1,123e-11;1,814;0,01578;1,602e-9;1,602e-9;0,000001056;0,108;3,252e-18;3,252e-18;0,066;3,5e-17;3,502e-17;0,06636;0,0664;0,01002;2,37;2,912e-16;2,91e-16
6,522;2,46;0,0162;5,48e-19;1,56e-19;1,56e-19;0,0873;4,16e-18;4,16e-18;9,22e-11;9,22e-11;0,0371;4,39e-17;9,84e-18;9,84e-18;0,000868;4,408e-19;4,408e-19;5,726e-12;5,726e-12;0,9222;0,00804;8,16e-10;8,16e-10;5,37e-7;0,0549;1,654e-18;1,654e-18;0,03372;1,782e-17;1,782e-17;0,03388;0,03384;0,005112;1,206;1,481e-16;1,482e-16
6,572;0,957;0,00628;2,13e-19;6,05e-20;6,05e-20;0,0339;1,62e-18;1,62e-18;3,58e-11;3,58e-11;0,0144;1,71e-17;3,83e-18;3,83e-18;0,000337;1,712e-19;1,712e-19;2,222e-12;2,222e-12;0,3592;0,00312;3,17e-10;3,17e-10;2,088e-7;0,02136;6,418e-19;6,44e-19;0,01308;6,91e-18;6,9e-18;0,01316;0,01316;0,001986;0,4692;5,766e-17;5,768e-17
6,622;0,284;0,00186;5,44e-14;1,79e-20;1,79e-20;0,0101;4,79e-19;4,79e-19;1,06e-11;1,06e-11;0,00428;6,91e-13;1,13e-18;1,13e-18;0,0001;5,072e-20;5,072e-20;6,588e-13;6,588e-13;0,1064;0,000926;9,4e-11;9,4e-11;6,18e-8;0,0063;1,908e-19;1,908e-19;0,003888;2,054e-18;2,056e-18;0,0039;0,0039;0,0005892;0,1392;1,708e-17;1,708e-17
6,672;0,0642;0,000422;2,3e-12;4,06e-21;4,06e-21;0,00228;1,09e-19;1,09e-19;2,41e-12;2,41e-12;0,000969;2,93e-11;2,57e-19;2,57e-19;0,00002262;1,17e-20;1,17e-20;1,492e-13;1,492e-13;0,0241;0,00021;2,128e-11;2,128e-11;1,404e-8;0,001434;4,32e-20;4,312e-20;0,000882;4,654e-19;4,654e-19;0,0008824;0,000884;0,0001332;0,0315;3,866e-18;3,864e-18
6,722;0,0111;0,0000729;7,45e-11;7,02e-22;7,02e-22;0,000394;1,88e-20;1,88e-20;4,16e-13;4,16e-13;0,000167;9,45e-10;4,44e-20;4,44e-20;0,00000391;9,12e-21;9,12e-21;2,58e-14;2,58e-14;0,004168;0,0000362;3,668e-12;3,668e-12;2,676e-9;0,0002478;7,466e-21;7,476e-21;0,0001518;8,04e-20;8,04e-20;0,0001526;0,0001524;0,00002304;0,005442;6,69e-19;6,68e-19
6,772;0,00147;0,00000962;1,84e-9;9,27e-23;9,27e-23;0,000052;2,48e-21;2,48e-21;5,49e-14;5,49e-14;0,0000221;2,33e-8;5,86e-21;5,86e-21;5,16e-7;1,759e-19;1,759e-19;3,408e-15;3,408e-15;0,0005496;0,000004793;4,85e-13;4,85e-13;6,54e-9;0,0000327;9,868e-22;9,86e-22;0,0000201;1,06e-20;1,064e-20;0,00002014;0,00002012;0,000003108;0,00072;8,814e-20;8,82e-20
6,822;0,000152;9,69e-7;3,46e-8;1,09e-23;1,09e-23;0,00000523;3,62e-22;3,62e-22;5,53e-15;5,53e-15;0,00000222;4,39e-7;6,81e-22;6,81e-22;5,408e-8;3,316e-18;3,316e-18;3,454e-16;3,454e-16;0,00005668;8,316e-7;4,88e-14;4,88e-14;1,17e-7;0,000003288;1,072e-22;1,07e-22;0,000002286;1,152e-21;1,15e-21;0,000002144;0,000002144;0,000001548;0,0000726;9,226e-21;9,2e-21
6,872;0,0000705;7,45e-8;4,97e-7;2,37e-23;2,37e-23;4,02e-7;1,63e-21;1,63e-21;4,25e-16;4,25e-16;1,71e-7;0,00000631;1,36e-21;1,36e-21;3,427e-8;4,756e-17;4,756e-17;5,55e-17;5,55e-17;0,00002413;0,00000509;3,75e-15;3,75e-15;0,00000168;2,604e-7;1,216e-22;1,22e-22;0,000003972;1,276e-21;1,276e-21;0,00000181;0,000001812;0,00001782;0,000005946;5,408e-21;5,416e-21
6,922;0,000649;4,37e-9;0,00000545;2,52e-22;2,52e-22;2,36e-8;1,77e-20;1,77e-20;2,49e-17;2,49e-17;1e-8;0,0000692;1,44e-20;1,44e-20;3,321e-7;5,208e-16;5,208e-16;3,214e-16;3,214e-16;0,0002182;0,00005536;2,202e-16;2,202e-16;0,00001842;9,84e-8;1,252e-21;1,252e-21;0,00004182;1,312e-20;1,31e-20;0,00001814;0,00001816;0,0001956;0,000004542;5,202e-20;5,208e-20
6,972;0,00543;1,96e-10;0,0000457;2,11e-21;2,11e-21;1,06e-9;1,48e-19;1,48e-19;1,2e-18;1,2e-18;4,49e-10;0,00058;1,21e-19;1,21e-19;0,00000278;4,366e-15;4,366e-15;2,68e-15;2,68e-15;0,001832;0,0004634;1,07e-17;1,07e-17;0,0001542;7,02e-7;1,048e-20;1,046e-20;0,0003504;1,098e-19;1,098e-19;0,0001522;0,000152;0,001638;0,00003534;4,352e-19;4,352e-19
7,022;0,0347;6,69e-12;0,000292;1,35e-20;1,35e-20;3,61e-11;9,48e-19;9,48e-19;6,04e-19;6,04e-19;1,54e-11;0,00371;7,72e-19;7,72e-19;0,00001776;2,79e-14;2,79e-14;1,71e-14;1,71e-14;0,0117;0,002962;5,698e-18;5,698e-18;0,00099;0,000004464;6,72e-20;6,72e-20;0,002238;7,04e-19;7e-19;0,0009716;0,000972;0,01044;0,0002256;2,784e-18;2,784e-18
7,072;0,169;1,74e-13;0,00142;6,57e-20;6,57e-20;9,42e-13;4,63e-18;4,63e-18;2,76e-18;2,76e-18;4,01e-13;0,0181;3,77e-18;3,77e-18;0,0000866;1,362e-13;1,362e-13;8,34e-14;8,34e-14;0,0572;0,01444;2,614e-17;2,614e-17;0,004818;0,00002178;3,27e-19;3,27e-19;0,01092;3,42e-18;3,42e-18;0,00474;0,00472;0,05106;0,001104;1,356e-17;1,358e-17
7,122;0,631;2,11e-18;0,0053;2,45e-19;2,45e-19;7,3e-19;1,72e-17;1,72e-17;1,03e-17;1,03e-17;8,36e-17;0,0673;1,4e-17;1,4e-17;0,000322;5,08e-13;5,08e-13;3,1e-13;3,1e-13;0,212;0,05378;9,74e-17;9,74e-17;0,01794;0,000081;1,216e-18;1,22e-18;0,04068;1,274e-17;1,274e-17;0,01764;0,01764;0,1902;0,004098;5,054e-17;5,064e-17
7,172;1,79;6e-18;0,0151;6,96e-19;6,96e-19;2,07e-18;4,9e-17;4,9e-17;2,92e-17;2,92e-17;2,38e-16;0,191;3,99e-17;3,99e-17;0,000918;1,442e-12;1,442e-12;8,82e-13;8,82e-13;0,604;0,153;2,768e-16;2,768e-16;0,051;0,0002304;3,462e-18;3,462e-18;0,1158;3,622e-17;3,624e-17;0,05012;0,05;0,5406;0,01164;1,436e-16;1,434e-16
7,222;3,89;1,3e-17;0,0327;1,51e-18;1,51e-18;4,5e-18;1,06e-16;1,06e-16;6,34e-17;6,34e-17;5,15e-16;0,415;8,65e-17;8,65e-17;0,001992;3,136e-12;3,136e-12;1,916e-12;1,916e-12;1,312;0,332;6,014e-16;6,014e-16;0,1104;0,0005004;7,52e-18;7,52e-18;0,2508;7,86e-17;7,86e-17;0,1089;0,1088;1,17;0,02526;3,116e-16;3,118e-16
7,272;6,44;8,59e-14;0,0542;2,5e-18;2,5e-18;7,52e-13;1,76e-16;1,76e-16;1,05e-16;1,05e-16;3,42e-13;0,688;1,43e-16;1,43e-16;0,0033;5,176e-12;5,176e-12;3,18e-12;3,18e-12;2,18;0,5496;9,94e-16;9,94e-16;0,183;0,000828;1,244e-17;1,244e-17;0,4158;1,302e-16;1,302e-16;0,1802;0,1804;1,944;0,04188;5,16e-16;5,164e-16
7,322;8,14;3,35e-12;0,0685;3,16e-18;3,16e-18;2,93e-11;2,22e-16;2,22e-16;1,33e-16;1,33e-16;1,33e-11;0,869;1,81e-16;1,81e-16;0,00416;6,54e-12;6,54e-12;4e-12;4e-12;2,74;0,6944;1,258e-15;1,258e-15;0,2316;0,00105;1,574e-17;1,574e-17;0,5256;1,644e-16;1,644e-16;0,228;0,228;2,454;0,05292;6,53e-16;6,524e-16
7,372;7,86;9,95e-11;0,0661;3,05e-18;3,05e-18;8,71e-10;2,15e-16;2,15e-16;1,28e-16;1,28e-16;3,95e-10;0,839;1,75e-16;1,75e-16;0,00402;6,32e-12;6,32e-12;3,86e-12;3,86e-12;2,66;0,6708;1,22e-15;1,22e-15;0,2232;0,001008;1,518e-17;1,518e-17;0,507;1,586e-16;1,588e-16;0,2198;0,22;2,37;0,05106;6,312e-16;6,292e-16
7,422;5,79;2,26e-9;0,0487;2,25e-18;2,25e-18;1,98e-8;1,58e-16;1,58e-16;9,44e-17;9,44e-17;8,96e-9;0,618;1,29e-16;1,29e-16;0,00296;4,662e-12;4,662e-12;2,84e-12;2,84e-12;1,952;0,4942;9,98e-16;9,98e-16;0,1644;0,000744;1,118e-17;1,116e-17;0,3732;1,168e-16;1,168e-16;0,162;0,162;1,746;0,03762;4,636e-16;4,636e-16
7,472;3,25;3,91e-8;0,0274;1,26e-18;1,26e-18;3,42e-7;8,89e-17;8,89e-17;5,48e-17;5,48e-17;1,55e-7;0,347;7,23e-17;7,23e-17;0,001666;2,616e-12;2,616e-12;1,602e-12;1,602e-12;1,098;0,2776;2,348e-15;2,348e-15;0,0924;0,0004188;6,302e-18;6,28e-18;0,21;6,58e-17;6,592e-17;0,09096;0,0912;0,978;0,02118;2,608e-16;2,606e-16
7,522;1,4;5,17e-7;0,0117;5,42e-19;5,42e-19;0,00000453;3,82e-17;3,82e-17;4,63e-17;4,63e-17;0,00000205;0,149;3,11e-17;3,11e-17;0,000714;1,122e-12;1,122e-12;6,882e-13;6,882e-13;0,47;0,1192;2,457e-14;2,457e-14;0,03972;0,00018;2,698e-18;2,696e-18;0,09;2,822e-17;2,822e-17;0,03904;0,03908;0,4212;0,00906;1,118e-16;1,12e-16
7,572;0,459;0,00000522;0,00385;1,79e-19;1,79e-19;0,0000457;1,26e-17;1,26e-17;2,46e-16;2,46e-16;0,0000207;0,0488;1,02e-17;1,02e-17;0,0002343;3,678e-13;3,678e-13;2,284e-13;2,284e-13;0,1548;0,03904;2,465e-13;2,465e-13;0,01302;0,0000618;1,04e-14;1,041e-14;0,02964;2,896e-11;2,894e-11;0,01296;0,01296;0,138;0,00303;1,768e-13;1,766e-13
7,622;0,124;0,0000402;0,000961;6,82e-20;6,82e-20;0,000352;4,15e-18;4,15e-18;1,84e-15;1,84e-15;0,00016;0,0122;3,18e-18;3,18e-18;0,00006147;9,18e-14;9,18e-14;7,497e-14;7,497e-14;0,04323;0,00991;1,891e-12;1,891e-12;0,003252;0,00003846;3,604e-13;3,6e-13;0,00858;1,004e-9;1,002e-9;0,00456;0,00456;0,03456;0,001194;6,12e-12;6,124e-12
7,672;0,0801;0,000236;0,000183;3,79e-19;3,79e-19;0,00207;6,6e-18;6,6e-18;1,08e-14;1,08e-14;0,000938;0,00233;4,41e-18;4,41e-18;0,00002812;1,756e-14;1,756e-14;1,206e-13;1,206e-13;0,03492;0,002674;1,113e-11;1,113e-11;0,000636;0,0001422;9,52e-12;9,54e-12;0,00846;2,656e-8;2,654e-8;0,00864;0,00864;0,00696;0,002808;1,62e-10;1,62e-10
7,722;0,265;0,00106;0,0000267;6,31e-18;6,31e-18;0,00929;2,71e-17;2,71e-17;4,84e-14;4,84e-14;0,00421;0,000339;2,16e-17;2,16e-17;0,00007782;2,558e-15;2,558e-15;4,945e-13;4,945e-13;0,125;0,003913;4,99e-11;4,99e-11;0,0001476;0,00063;1,924e-10;1,924e-10;0,0318;5,36e-7;5,368e-7;0,03604;0,03616;0,00255;0,012;3,272e-9;3,272e-9
7,772;0,897;0,00363;0,00000297;9,33e-17;9,33e-17;0,0318;9,24e-17;9,24e-17;1,66e-13;1,66e-13;0,0144;0,0000377;1,33e-16;1,33e-16;0,0002608;2,913e-16;2,913e-16;1,692e-12;1,692e-12;0,4249;0,01252;1,711e-10;1,711e-10;0,0002064;0,002148;2,968e-9;2,966e-9;0,108;0,00000828;0,000008256;0,1236;0,1236;0,005562;0,04098;5,04e-8;5,044e-8
7,822;2,34;0,0095;2,52e-7;1,09e-15;1,09e-15;0,0832;2,42e-16;2,42e-16;4,34e-13;4,34e-13;0,0377;0,0000032;1,05e-15;1,05e-15;0,0006828;8,702e-17;8,702e-17;4,417e-12;4,417e-12;1,11;0,0326;4,465e-10;4,465e-10;0,0005142;0,005616;3,492e-8;3,484e-8;0,2832;0,0000972;0,0000972;0,3236;0,3232;0,01428;0,1074;5,92e-7;5,94e-7
7,872;4,68;0,019;1,63e-8;9,75e-15;9,75e-15;0,166;4,82e-16;4,82e-16;8,65e-13;8,65e-13;0,0753;2,07e-7;8,39e-15;8,39e-15;0,001375;5,237e-16;5,237e-16;8,833e-12;8,833e-12;2,216;0,0652;8,932e-10;8,932e-10;0,001026;0,01122;3,136e-7;3,144e-7;0,5646;0,000872;0,0008732;0,6448;0,644;0,02844;0,2136;0,00000532;0,000005336
7,922;7,15;0,0289;8,08e-10;6,68e-14;6,68e-14;0,253;7,36e-16;7,36e-16;1,32e-12;1,32e-12;0,115;1,03e-8;5,6e-14;5,6e-14;0,002174;3,499e-15;3,499e-15;1,345e-11;1,345e-11;3,382;0,0994;1,364e-9;1,364e-9;0,00156;0,0171;0,000002152;0,00000215;0,858;0,006;0,005996;0,9816;0,984;0,04338;0,3258;0,00003656;0,0000366
7,972;8,4;0,0336;3,05e-11;3,49e-13;3,49e-13;0,294;8,62e-16;8,62e-16;1,53e-12;1,53e-12;0,133;3,87e-10;2,91e-13;2,91e-13;0,002948;1,828e-14;1,828e-14;1,568e-11;1,568e-11;3,975;0,1156;1,6e-9;1,6e-9;0,001818;0,01986;0,00001124;0,00001125;1,002;0,03132;0,03124;1,143;1,144;0,05046;0,3786;0,0001912;0,0001912
8,022;7,82;0,0298;8,78e-13;1,4e-12;1,4e-12;0,261;7,87e-16;7,87e-16;1,36e-12;1,36e-12;0,118;1,12e-11;1,16e-12;1,16e-12;0,004294;7,302e-14;7,302e-14;1,405e-11;1,405e-11;3,678;0,1026;1,476e-9;1,476e-9;0,001614;0,01764;0,0000448;0,000045;0,888;0,1252;0,125;1,014;1,016;0,04476;0,336;0,000764;0,0007648
8,072;6,39;0,0202;6,5e-18;4,25e-12;4,25e-12;0,177;6,03e-16;6,03e-16;9,22e-13;9,22e-13;0,0802;7,02e-16;3,54e-12;3,54e-12;0,008006;2,22e-13;2,22e-13;9,903e-12;9,903e-12;2,98;0,0694;1,17e-9;1,17e-9;0,001092;0,01194;0,0001372;0,000137;0,6;0,3816;0,3812;0,6872;0,688;0,03036;0,228;0,002328;0,00233
8,122;5,84;0,0105;4,54e-18;9,9e-12;9,9e-12;0,0915;4,73e-16;4,73e-16;4,77e-13;4,77e-13;0,0415;4,78e-16;8,23e-12;8,23e-12;0,01601;5,18e-13;5,18e-13;6,035e-12;6,035e-12;2,664;0,036;1e-9;1e-9;0,0005646;0,00618;0,0003188;0,0003184;0,3114;0,888;0,888;0,3544;0,3552;0,01572;0,1176;0,00544;0,005428
8,172;6,82;0,00413;3,9e-18;1,76e-11;1,76e-11;0,0361;4,72e-16;4,72e-16;1,89e-13;1,89e-13;0,0164;3,94e-16;1,46e-11;1,46e-11;0,02738;9,18e-13;9,18e-13;3,999e-12;3,999e-12;3,044;0,01418;1,099e-9;1,099e-9;0,0002232;0,002436;0,000568;0,0005668;0,123;1,576;1,576;0,1404;0,1404;0,00618;0,0465;0,00964;0,009628
8,222;8,17;0,00124;4,02e-18;2,38e-11;2,38e-11;0,0109;5,3e-16;5,3e-16;5,77e-14;5,77e-14;0,00494;3,96e-16;1,98e-11;1,98e-11;0,03681;1,246e-12;1,246e-12;3,398e-12;3,398e-12;3,615;0,00428;1,285e-9;1,285e-9;0,0000672;0,000732;0,000768;0,000768;0,03702;2,14;2,138;0,04228;0,0424;0,001866;0,01404;0,01304;0,01306
8,272;8,21;0,000286;3,87e-18;2,47e-11;2,47e-11;0,0025;5,23e-16;5,23e-16;1,4e-14;1,4e-14;0,00114;3,78e-16;2,05e-11;2,05e-11;0,038;1,29e-12;1,29e-12;3,053e-12;3,053e-12;3,624;0,000984;1,283e-9;1,283e-9;0,00001548;0,0001692;0,000796;0,0007948;0,00852;2,212;2,212;0,00972;0,00972;0,000429;0,003222;0,01352;0,01352
8,322;6,44;0,0000502;3,01e-18;1,95e-11;1,95e-11;0,00044;4,08e-16;4,08e-16;3,06e-15;3,06e-15;0,000199;2,93e-16;1,62e-11;1,62e-11;0,03004;1,018e-12;1,018e-12;2,328e-12;2,328e-12;2,848;0,0001726;1,004e-9;1,004e-9;0,000002712;0,00002964;0,000628;0,0006272;0,001494;1,748;1,75;0,001706;0,001708;0,0000756;0,0005658;0,01068;0,01068
8,372;3,88;0,00000673;1,81e-18;1,18e-11;1,18e-11;0,0000589;2,46e-16;2,46e-16;7,71e-16;7,71e-16;0,0000267;1,76e-16;9,77e-12;9,77e-12;0,01812;6,14e-13;6,14e-13;1,394e-12;1,394e-12;1,714;0,0000232;6,042e-10;6,042e-10;3,636e-7;0,000003978;0,0003784;0,000378;0,0002004;1,052;1,053;0,0002288;0,0002288;0,00001008;0,0000756;0,00644;0,006444
8,422;1,78;6,88e-7;8,31e-19;5,41e-12;5,41e-12;0,00000603;1,13e-16;1,13e-16;2,45e-16;2,45e-16;0,00000273;8,1e-17;4,5e-12;4,5e-12;0,00834;2,82e-13;2,82e-13;6,4e-13;6,4e-13;0,788;0,00000236;2,781e-10;2,781e-10;3,72e-8;4,068e-7;0,0001744;0,0001742;0,00002052;0,484;0,4856;0,0000234;0,0000234;0,000001032;0,00000774;0,002964;0,002962
8,472;0,627;5,37e-8;2,92e-19;1,9e-12;1,9e-12;4,7e-7;3,97e-17;3,97e-17;7,74e-17;7,74e-17;2,13e-7;2,84e-17;1,58e-12;1,58e-12;0,002928;9,92e-14;9,92e-14;2,25e-13;2,25e-13;0,277;1,848e-7;9,784e-11;9,784e-11;2,904e-9;3,174e-8;0,0000612;0,0000612;0,000001602;0,1704;0,1704;0,000001826;0,000001828;8,04e-8;6,06e-7;0,00104;0,001041
8,522;0,168;3,2e-9;7,83e-20;5,1e-13;5,1e-13;2,8e-8;1,06e-17;1,06e-17;2,03e-17;2,03e-17;1,27e-8;7,63e-18;4,24e-13;4,24e-13;0,000786;2,66e-14;2,66e-14;6,02e-14;6,02e-14;0,0742;1,1e-8;2,62e-11;2,62e-11;1,728e-10;1,89e-9;0,0000164;0,00001642;9,54e-8;0,0456;0,04564;1,089e-7;1,088e-7;4,806e-9;3,612e-8;0,0002792;0,0002792
8,572;0,0344;1,46e-10;1,6e-20;1,04e-13;1,04e-13;1,28e-9;2,18e-18;2,18e-18;4,12e-18;4,12e-18;5,78e-10;1,56e-18;8,67e-14;8,67e-14;0,0001608;5,44e-15;5,44e-15;1,234e-14;1,234e-14;0,0152;5e-10;5,362e-12;5,362e-12;7,86e-12;8,58e-11;0,00000336;0,00000336;4,338e-9;0,00936;0,009356;4,952e-9;4,96e-9;2,184e-10;1,644e-9;0,0000572;0,00005704
8,622;0,00537;5,06e-12;2,5e-21;1,63e-14;1,63e-14;4,43e-11;3,4e-19;3,4e-19;6,43e-19;6,43e-19;2,01e-11;2,44e-19;1,35e-14;1,35e-14;0,0000251;8,52e-16;8,52e-16;1,928e-15;1,928e-15;0,002376;1,738e-11;8,364e-13;8,364e-13;2,73e-13;2,988e-12;5,24e-7;5,248e-7;1,506e-10;0,00146;0,001462;1,718e-10;1,72e-10;7,62e-12;5,7e-11;0,00000892;0,000008916
8,672;0,000641;1,34e-13;2,99e-22;1,94e-15;1,94e-15;1,17e-12;4,06e-20;4,06e-20;7,67e-20;7,67e-20;5,32e-13;2,91e-20;1,62e-15;1,62e-15;0,000002994;1,016e-16;1,016e-16;2,3e-16;2,3e-16;0,0002834;4,6e-13;9,974e-14;9,974e-14;7,26e-15;7,92e-14;6,24e-8;6,268e-8;3,99e-12;0,0001744;0,0001742;4,56e-12;4,56e-12;2,01e-13;1,512e-12;0,000001064;0,000001065
8,722;0,0000583;8,66e-22;2,72e-23;1,77e-16;1,77e-16;4,3e-21;3,7e-21;3,7e-21;6,98e-21;6,98e-21;6,52e-21;2,65e-21;1,47e-16;1,47e-16;2,726e-7;9,24e-18;9,24e-18;2,092e-17;2,092e-17;0,0000258;1,443e-20;9,096e-15;9,096e-15;2,406e-21;7,32e-22;5,68e-9;5,7e-9;1,302e-20;0,00001588;0,00001586;4,96e-21;4,956e-21;4,356e-20;4,122e-20;9,68e-8;9,688e-8
8,772;0,00000405;6,02e-23;1,89e-24;1,23e-17;1,23e-17;2,99e-22;2,57e-22;2,57e-22;4,85e-22;4,85e-22;4,53e-22;1,84e-22;1,02e-17;1,02e-17;1,894e-8;6,42e-19;6,42e-19;1,454e-18;1,454e-18;0,000001792;1,002e-21;6,334e-16;6,334e-16;1,674e-22;5,1e-23;3,96e-10;3,96e-10;9,06e-22;0,000001104;0,000001101;3,448e-22;3,446e-22;3,024e-21;2,862e-21;6,72e-9;6,724e-9
8,822;2,15e-7;3,19e-24;1e-25;6,52e-19;6,52e-19;1,58e-23;1,36e-23;1,36e-23;2,57e-23;2,57e-23;2,4e-23;9,75e-24;5,42e-19;5,42e-19;1,004e-9;3,4e-20;3,4e-20;7,72e-20;7,72e-20;9,5e-8;5,316e-23;3,356e-17;3,356e-17;8,88e-24;2,706e-24;2,1e-11;2,1e-11;4,794e-23;5,84e-8;5,848e-8;1,83e-23;1,83e-23;1,602e-22;1,518e-22;3,568e-10;3,568e-10
8,872;8,7e-9;1,29e-25;4,05e-27;2,64e-20;2,64e-20;6,41e-25;5,51e-25;5,51e-25;1,04e-24;1,04e-24;9,73e-25;3,95e-25;2,19e-20;2,19e-20;4,062e-11;1,378e-21;1,378e-21;3,122e-21;3,122e-21;3,838e-9;2,152e-24;1,357e-18;1,357e-18;3,594e-25;1,092e-25;8,48e-13;8,492e-13;1,944e-24;2,368e-9;2,366e-9;7,414e-25;7,4e-25;6,48e-24;6,12e-24;1,444e-11;1,444e-11
8,922;4,09e-10;4,22e-27;2,51e-14;8,15e-22;8,15e-22;1,98e-26;2,25e-26;2,25e-26;3,44e-26;3,44e-26;3,01e-26;6,2e-13;6,78e-22;6,78e-22;1,257e-12;2,73e-22;2,73e-22;9,71e-23;9,71e-23;1,275e-10;2,491e-11;4,196e-20;4,196e-20;3,954e-12;1,812e-14;2,624e-14;2,626e-14;7,02e-13;7,32e-11;7,316e-11;4,292e-11;4,28e-11;1,542e-11;3e-13;4,48e-13;4,468e-13
8,972;4,78e-9;7,96e-27;8,54e-13;1,92e-23;1,92e-23;1,23e-27;1,87e-25;1,87e-25;7,49e-26;7,49e-26;2,67e-27;2,1e-11;1,63e-23;1,63e-23;5,422e-14;7,841e-21;7,841e-21;2,588e-23;2,588e-23;2,928e-10;8,448e-10;9,894e-22;9,894e-22;1,344e-10;6,12e-13;6,2e-16;6,184e-16;2,376e-11;1,724e-12;1,726e-12;1,456e-9;1,456e-9;5,232e-10;1,02e-11;1,052e-14;1,053e-14
9,022;1,24e-7;2,04e-25;2,21e-11;6,9e-26;6,9e-26;1,97e-26;4,83e-24;4,83e-24;1,92e-24;1,92e-24;5,08e-26;5,46e-10;9,04e-24;9,04e-24;6,38e-13;2,028e-19;2,028e-19;6,14e-22;6,14e-22;7,5e-9;2,194e-8;5,528e-23;5,528e-23;3,486e-9;1,59e-11;4,556e-25;4,558e-25;6,18e-10;7,96e-24;7,94e-24;3,78e-8;3,78e-8;1,356e-8;2,64e-10;1,794e-23;1,794e-23
9,072;0,00000245;4,03e-24;4,38e-10;1,37e-24;1,37e-24;3,9e-25;9,55e-23;9,55e-23;3,8e-23;3,8e-23;1e-24;1,08e-8;1,79e-22;1,79e-22;1,264e-11;4,008e-18;4,008e-18;1,214e-20;1,214e-20;1,486e-7;4,332e-7;1,094e-21;1,094e-21;6,9e-8;3,15e-10;9,02e-24;9,02e-24;1,218e-8;1,574e-22;1,576e-22;7,472e-7;7,48e-7;2,682e-7;5,226e-9;3,546e-22;3,548e-22
9,122;0,000037;6,09e-23;6,61e-9;2,06e-23;2,06e-23;5,89e-24;1,44e-21;1,44e-21;5,74e-22;5,74e-22;1,52e-23;1,63e-7;2,7e-21;2,7e-21;1,91e-10;6,06e-17;6,06e-17;1,834e-19;1,834e-19;0,00000224;0,000006548;1,652e-20;1,652e-20;0,000001044;4,758e-9;1,36e-22;1,362e-22;1,842e-7;2,376e-21;2,376e-21;0,00001128;0,00001128;0,000004056;7,92e-8;5,356e-21;5,358e-21
9,172;0,000426;7,02e-22;7,62e-8;2,56e-22;2,56e-22;6,79e-23;1,66e-20;1,66e-20;6,62e-21;6,62e-21;1,75e-22;0,00000188;3,12e-20;3,12e-20;2,2e-9;6,98e-16;6,98e-16;2,12e-18;2,12e-18;0,0000258;0,0000756;1,93e-19;1,93e-19;0,000012;5,49e-8;5,4e-14;5,396e-14;0,000002124;4e-14;4,016e-14;0,00013;0,00013;0,00004674;9,12e-7;1,132e-12;1,132e-12
9,222;0,00375;6,18e-21;6,71e-7;2,84e-21;2,84e-21;5,97e-22;1,46e-19;1,46e-19;5,83e-20;5,83e-20;1,54e-21;0,0000165;2,78e-19;2,78e-19;1,938e-8;6,16e-15;6,16e-15;1,86e-17;1,86e-17;0,000228;0,0006652;1,774e-18;1,774e-18;0,0001056;4,83e-7;2,248e-12;2,248e-12;0,00001866;1,672e-12;1,67e-12;0,001146;0,001144;0,0004116;0,00000798;4,72e-11;4,736e-11
9,272;0,0252;4,15e-20;0,00000451;3,77e-20;3,77e-20;4,01e-21;9,83e-19;9,83e-19;3,91e-19;3,91e-19;1,03e-20;0,000111;1,97e-18;1,97e-18;1,302e-7;4,136e-14;4,136e-14;1,25e-16;1,25e-16;0,001528;0,004464;1,442e-17;1,442e-17;0,000708;0,000003246;7,16e-11;7,168e-11;0,0001254;5,32e-11;5,336e-11;0,007704;0,00768;0,00276;0,00005382;1,504e-9;1,504e-9
9,322;0,129;2,13e-19;0,0000231;6,48e-19;6,48e-19;2,06e-20;5,04e-18;5,04e-18;2,01e-18;2,01e-18;5,3e-20;0,00057;1,25e-17;1,25e-17;6,684e-7;2,118e-13;2,118e-13;6,402e-16;6,402e-16;0,00784;0,02289;1,346e-16;1,346e-16;0,003636;0,00001662;1,744e-9;1,742e-9;0,000642;1,296e-9;1,296e-9;0,03956;0,03944;0,01416;0,000276;3,664e-8;3,66e-8
9,372;0,505;8,33e-19;0,0000904;1,1e-17;1,1e-17;8,05e-20;1,97e-17;1,97e-17;7,85e-18;7,85e-18;2,08e-19;0,00223;9,4e-17;9,4e-17;0,000002628;8,3e-13;8,3e-13;2,502e-15;2,502e-15;0,0306;0,08964;1,652e-15;1,652e-15;0,01422;0,0000654;3,236e-8;3,24e-8;0,00252;2,404e-8;2,404e-8;0,1546;0,1544;0,05544;0,00108;6,8e-7;6,808e-7
9,422;1,51;2,49e-18;0,00027;1,52e-16;1,52e-16;2,41e-19;5,89e-17;5,89e-17;2,35e-17;2,35e-17;6,21e-19;0,00666;9,19e-16;9,19e-16;0,000007914;2,478e-12;2,478e-12;7,533e-15;7,533e-15;0,09165;0,2677;2,088e-14;2,088e-14;0,04254;0,0001944;4,6e-7;4,588e-7;0,0075;3,408e-7;3,416e-7;0,4616;0,46;0,1656;0,003222;0,00000964;0,000009632
9,472;3,44;5,67e-18;0,000616;1,64e-15;1,64e-15;5,54e-19;1,34e-16;1,34e-16;5,35e-17;5,35e-17;1,43e-18;0,0152;9e-15;9e-15;0,00001901;5,66e-12;5,66e-12;1,743e-14;1,743e-14;0,2085;0,6114;2,202e-13;2,202e-13;0,0972;0,0004434;0,00000496;0,000004952;0,01716;0,000003688;0,000003688;1,052;1,052;0,3774;0,00738;0,000104;0,0001041
9,522;6;9,88e-18;0,00107;1,35e-14;1,35e-14;1e-18;2,34e-16;2,34e-16;9,32e-17;9,32e-17;2,59e-18;0,0264;7,26e-14;7,26e-14;0,00004116;9,84e-12;9,84e-12;3,27e-14;3,27e-14;0,3681;1,062;1,808e-12;1,808e-12;0,1686;0,000774;0,0000408;0,00004084;0,02982;0,00003044;0,00003036;1,832;1,832;0,66;0,01278;0,00086;0,0008608
9,572;8;1,31e-17;0,00142;8,52e-14;8,52e-14;1,58e-18;3,11e-16;3,11e-16;1,24e-16;1,24e-16;4,06e-18;0,0351;4,56e-13;4,56e-13;0,0001052;1,306e-11;1,306e-11;5,768e-14;5,768e-14;0,51;1,413;1,138e-11;1,138e-11;0,2244;0,001026;0,000258;0,0002578;0,03966;0,0001916;0,0001918;2,434;2,432;0,876;0,01698;0,0054;0,005428
9,622;8,25;1,34e-17;0,00144;4,1e-13;4,1e-13;2,78e-18;3,18e-16;3,18e-16;1,27e-16;1,27e-16;7,14e-18;0,0356;2,19e-12;2,19e-12;0,00035;1,324e-11;1,324e-11;1,28e-13;1,28e-13;0,615;1,429;5,466e-11;5,466e-11;0,2274;0,001038;0,00124;0,001238;0,0402;0,000924;0,0009216;2,464;2,464;0,888;0,01722;0,02608;0,02606
9,672;6,92;1,05e-17;0,00112;1,5e-12;1,5e-12;6,48e-18;2,55e-16;2,55e-16;1,03e-16;1,03e-16;1,66e-17;0,0276;8,03e-12;8,03e-12;0,001162;1,027e-11;1,027e-11;3,538e-13;3,538e-13;0,8384;1,109;2,008e-10;2,008e-10;0,1758;0,000804;0,00456;0,004556;0,03114;0,003388;0,003388;1,908;1,908;0,684;0,01332;0,0956;0,09572
9,722;5,57;6,75e-18;0,00066;4,22e-12;4,22e-12;1,59e-17;1,75e-16;1,75e-16;7,51e-17;7,51e-17;4,08e-17;0,0163;2,25e-11;2,25e-11;0,003183;6,085e-12;6,085e-12;9,223e-13;9,223e-13;1,508;0,6548;5,622e-10;5,622e-10;0,1038;0,0004752;0,01276;0,01274;0,01836;0,00948;0,009484;1,128;1,128;0,405;0,00786;0,2684;0,2684
9,772;5,69;4,17e-18;0,000298;9,02e-12;9,02e-12;3,31e-17;1,32e-16;1,32e-16;6,38e-17;6,38e-17;8,48e-17;0,00734;4,82e-11;4,82e-11;0,006781;2,783e-12;2,783e-12;1,942e-12;1,942e-12;2,853;0,2952;1,204e-9;1,204e-9;0,04686;0,0002142;0,02728;0,02728;0,00828;0,02032;0,0203;0,5096;0,508;0,1824;0,003552;0,572;0,5732
9,822;7,14;3,27e-18;0,000103;1,47e-11;1,47e-11;5,37e-17;1,32e-16;1,32e-16;7,08e-17;7,08e-17;1,38e-16;0,00253;7,86e-11;7,86e-11;0,01106;1,026e-12;1,026e-12;3,169e-12;3,169e-12;4,517;0,1016;1,968e-9;1,968e-9;0,01614;0,0000738;0,0444;0,04464;0,002856;0,03316;0,03304;0,175;0,1752;0,063;0,001224;0,936;0,9364
9,872;8,33;3,15e-18;0,0000269;1,84e-11;1,84e-11;6,69e-17;1,42e-16;1,42e-16;7,95e-17;7,95e-17;1,71e-16;0,000664;9,8e-11;9,8e-11;0,01378;3,544e-13;3,544e-13;3,939e-12;3,939e-12;5,609;0,02671;2,448e-9;2,448e-9;0,004242;0,00001938;0,0556;0,05552;0,00075;0,0412;0,04136;0,04592;0,046;0,0165;0,0003216;1,168;1,167
9,922;7,81;2,81e-18;0,0000054;1,75e-11;1,75e-11;6,36e-17;1,31e-16;1,31e-16;7,38e-17;7,38e-17;1,63e-16;0,000133;9,32e-11;9,32e-11;0,01312;1,518e-13;1,518e-13;3,736e-12;3,736e-12;5,322;0,00535;2,33e-9;2,33e-9;0,000852;0,000003888;0,0528;0,0528;0,0001506;0,03928;0,03928;0,009216;0,00924;0,003312;0,0000642;1,112;1,11
9,972;5,66;2,01e-18;8,27e-7;1,27e-11;1,27e-11;4,62e-17;9,45e-17;9,45e-17;5,33e-17;5,33e-17;1,18e-16;0,0000204;6,77e-11;6,77e-11;0,00952;8,178e-14;8,178e-14;2,718e-12;2,718e-12;3,858;0,000818;1,692e-9;1,692e-9;0,0001302;5,952e-7;0,03836;0,0384;0,00002304;0,02852;0,02854;0,001414;0,001412;0,000507;0,0000099;0,808;0,8068
10,02;3,13;1,11e-18;9,66e-8;7,03e-12;7,03e-12;2,56e-17;5,51e-17;5,51e-17;2,95e-17;2,95e-17;6,55e-17;0,00000238;3,75e-11;3,75e-11;0,00528;4,209e-14;4,209e-14;1,508e-12;1,508e-12;2,142;0,00009604;9,38e-10;9,38e-10;0,00001524;6,96e-8;0,02128;0,02126;0,000002688;0,0158;0,01582;0,0001648;0,0001648;0,00005922;0,000001152;0,448;0,4468
10,07;1,33;4,7e-19;8,62e-9;2,97e-12;2,97e-12;1,08e-17;7,22e-17;7,22e-17;1,25e-17;1,25e-17;2,77e-17;2,12e-7;1,59e-11;1,59e-11;0,002232;1,751e-14;1,751e-14;6,36e-13;6,36e-13;0,906;0,00001079;3,97e-10;3,97e-10;0,000001356;6,18e-9;0,009;0,009;2,4e-7;0,00668;0,006692;0,00001474;0,00001472;0,000005286;1,026e-7;0,1892;0,1892
10,12;0,428;1,57e-19;5,87e-10;9,6e-13;9,6e-13;3,5e-18;6,69e-16;6,69e-16;4,05e-18;4,05e-18;8,99e-18;1,45e-8;5,12e-12;5,12e-12;0,0007214;6,084e-15;6,084e-15;2,058e-13;2,058e-13;0,2926;0,0000302;1,28e-10;1,28e-10;9,24e-8;4,224e-10;0,002904;0,002904;1,632e-8;0,002212;0,00221;0,000001002;0,000001;3,594e-7;7,02e-9;0,0612;0,06116
10,17;0,107;8,67e-20;3,05e-11;2,37e-13;2,37e-13;9,1e-19;6,67e-15;6,67e-15;1,14e-18;1,14e-18;2,6e-18;7,52e-10;1,26e-12;1,26e-12;0,0001778;6,054e-15;6,054e-15;5,068e-14;5,068e-14;0,0722;0,0002986;3,158e-11;3,158e-11;4,8e-9;2,196e-11;0,000716;0,0007168;8,46e-10;0,001032;0,001032;5,216e-8;5,2e-8;1,872e-8;3,642e-10;0,01504;0,01504
10,22;0,0299;3,86e-19;1,21e-12;4,45e-14;4,45e-14;5,36e-19;5,13e-14;5,13e-14;1,31e-18;1,31e-18;3,41e-18;2,98e-11;2,38e-13;2,38e-13;0,00003346;3,614e-14;3,614e-14;9,54e-15;9,54e-15;0,01356;0,002296;6,02e-12;6,02e-12;1,902e-10;8,7e-13;0,0001348;0,0001346;3,366e-11;0,003952;0,003956;2,064e-9;2,064e-9;7,44e-10;1,446e-11;0,002832;0,002832
10,27;0,0617;2,23e-18;3,66e-14;6,39e-15;6,39e-15;2,22e-18;3,01e-13;3,01e-13;6,62e-18;6,62e-18;1,76e-17;9,03e-13;3,41e-14;3,41e-14;0,000004808;2,107e-13;2,107e-13;1,372e-15;1,372e-15;0,00195;0,01348;1,256e-12;1,256e-12;5,766e-12;2,634e-14;0,00001952;0,00001954;1,02e-12;0,02264;0,02266;6,244e-11;6,24e-11;2,244e-11;4,374e-13;0,000408;0,0004076
10,32;0,264;3,55e-15;8,46e-16;7,01e-16;7,01e-16;1,21e-12;1,35e-12;1,35e-12;3,07e-17;3,07e-17;1,85e-13;2,09e-14;3,75e-15;3,75e-15;5,256e-7;9,44e-13;9,44e-13;1,504e-16;1,504e-16;0,0002138;0,0604;1,9e-12;1,9e-12;2,262e-12;9,84e-16;0,000002972;0,000002972;5,676e-11;0,1012;0,1014;2,504e-11;2,504e-11;6,12e-12;1,134e-13;0,0000456;0,0000456
10,37;0,902;1,22e-13;1,32e-18;5,93e-17;5,93e-17;4,16e-11;4,62e-12;4,62e-12;1,41e-16;1,41e-16;6,36e-12;2,23e-16;3,41e-16;3,41e-16;4,416e-8;3,23e-12;3,23e-12;1,417e-17;1,417e-17;0,00001788;0,2066;6,188e-12;6,188e-12;7,32e-11;1,266e-14;0,000003084;0,000003088;1,95e-9;0,3468;0,3476;8,104e-10;8,12e-10;1,926e-10;3,54e-12;0,0000072;0,0000072
10,42;2,35;3,2e-12;3,45e-18;5,51e-18;5,51e-18;1,09e-9;1,21e-11;1,21e-11;7,71e-12;7,71e-12;1,67e-10;5,82e-16;9,26e-17;9,26e-17;3,286e-9;8,429e-12;8,429e-12;1,379e-13;1,379e-13;0,000001146;0,538;4,408e-11;4,408e-11;1,92e-9;4,068e-13;0,0000076;0,000007616;5,124e-8;0,904;0,906;2,13e-8;2,129e-8;5,064e-9;9,3e-11;0,00000928;0,000009296
10,47;4,69;6,4e-11;6,88e-18;3,7e-18;3,7e-18;2,19e-8;2,4e-11;2,4e-11;2,76e-10;2,76e-10;3,34e-9;1,16e-15;1,46e-16;1,46e-16;9,664e-9;1,68e-11;1,68e-11;4,926e-12;4,926e-12;1,094e-7;1,076;1,028e-9;1,028e-9;3,852e-8;9,3e-12;0,00001512;0,00001514;0,000001026;1,804;1,804;4,268e-7;4,284e-7;1,014e-7;1,872e-9;0,00001804;0,00001804
10,52;7,14;9,79e-10;1,05e-17;5,35e-18;5,35e-18;3,34e-7;3,66e-11;3,66e-11;7,54e-9;7,54e-9;5,11e-8;1,76e-15;2,2e-16;2,2e-16;1,455e-7;2,557e-11;2,557e-11;1,345e-10;1,345e-10;8,249e-7;1,636;2,721e-8;2,721e-8;5,898e-7;1,746e-10;0,00002304;0,00002304;0,00001572;2,748;2,746;0,000006532;0,000006532;0,00000156;2,874e-8;0,00002744;0,00002746
10,57;8,29;1,14e-8;1,22e-17;6,21e-18;6,21e-18;0,0000039;4,25e-11;4,25e-11;1,57e-7;1,57e-7;5,96e-7;2,05e-15;2,56e-16;2,56e-16;0,000001699;2,969e-11;2,969e-11;2,804e-9;2,804e-9;0,000009591;1,902;5,671e-7;5,671e-7;0,0000069;2,706e-9;0,00002676;0,00002674;0,0001836;3,188;3,184;0,00007652;0,00007625;0,0000183;3,378e-7;0,00003188;0,00003184
10,62;7,35;1,02e-7;1,08e-17;5,51e-18;5,51e-18;0,0000348;3,77e-11;3,77e-11;0,0000025;0,0000025;0,00000531;1,82e-15;2,27e-16;2,27e-16;0,00001513;2,632e-11;2,632e-11;4,466e-8;4,466e-8;0,00008534;1,686;0,00000902;0,00000902;0,0000618;3,468e-8;0,00002372;0,00002372;0,001638;2,828;2,828;0,000684;0,0006839;0,0001644;0,000003054;0,00002824;0,00002824
10,67;5;6,92e-7;7,31e-18;3,77e-18;3,77e-18;0,000236;2,55e-11;2,55e-11;0,0000304;0,0000304;0,0000361;1,23e-15;1,55e-16;1,55e-16;0,0001028;1,781e-11;1,781e-11;5,416e-7;5,416e-7;0,0005811;1,14;0,0001096;0,0001096;0,0004218;3,648e-7;0,00001604;0,00001606;0,01116;1,912;1,912;0,004688;0,004688;0,00114;0,00002124;0,00001912;0,0000191
10,72;2,69;0,00000359;3,85e-18;2,18e-18;2,18e-18;0,00123;1,32e-11;1,32e-11;0,000281;0,000281;0,000188;6,35e-16;8,78e-17;8,78e-17;0,0005342;9,197e-12;9,197e-12;0,000005026;0,000005026;0,003017;0,5902;0,001016;0,001016;0,002214;0,00000309;0,00000828;0,00000828;0,05814;0,988;0,9872;0,02458;0,0246;0,00606;0,0001152;0,00000988;0,000009872
10,77;1,53;0,0000142;1,82e-18;1,78e-18;1,78e-18;0,00486;5,19e-12;5,19e-12;0,00199;0,00199;0,000743;2,53e-16;6,63e-17;6,63e-17;0,002117;3,624e-12;3,624e-12;0,0000356;0,0000356;0,01195;0,2408;0,007188;0,007188;0,00894;0,0000207;0,000003264;0,000003268;0,2322;0,3892;0,3896;0,09952;0,09954;0,02532;0,000489;0,000003892;0,000003896
10,82;1,94;0,000043;1,49e-18;3,4e-18;3,4e-18;0,0147;1,56e-12;1,56e-12;0,0108;0,0108;0,00225;8,84e-17;1,2e-16;1,2e-16;0,006383;1,092e-12;1,092e-12;0,0001922;0,0001922;0,03613;0,0962;0,03886;0,03886;0,0279;0,000108;9,84e-7;9,816e-7;0,714;0,1172;0,1172;0,3124;0,3122;0,0834;0,001662;0,000001172;0,00000117
10,87;4,2;0,0000993;2,66e-18;7,66e-18;7,66e-18;0,0339;3,59e-13;3,59e-13;0,0443;0,0443;0,00519;6,72e-17;2,77e-16;2,77e-16;0,01477;2,506e-13;2,506e-13;0,0007926;0,0007926;0,08351;0,07722;0,16;0,16;0,0684;0,000438;2,256e-7;2,256e-7;1,686;0,02692;0,0269;0,768;0,766;0,2202;0,004572;2,688e-7;2,688e-7
10,92;8,39;0,000175;5e-18;1,43e-17;1,43e-17;0,0598;6,45e-14;6,45e-14;0,14;0,14;0,00914;1,53e-16;5,45e-16;5,45e-16;0,02601;4,386e-14;4,386e-14;0,002492;0,002492;0,1469;0,1106;0,5034;0,5034;0,132;0,001362;3,956e-8;3,96e-8;3,108;0,00472;0,004712;1,5;1,5;0,4758;0,01038;4,72e-8;4,712e-8
10,97;13,9;0,000235;7,87e-18;2,15e-17;2,15e-17;0,0804;1,09e-14;1,09e-14;0,335;0,335;0,0123;3,5e-16;8,79e-16;8,79e-16;0,03499;5,904e-15;5,904e-15;0,005976;0,005976;0,1977;0,1454;1,21;1,21;0,2052;0,003258;5,28e-9;5,284e-9;4,5;0,000632;0,0006304;2,37;2,37;0,852;0,01956;6,32e-9;6,304e-9
11,02;19,1;0,000242;1,02e-17;2,61e-17;2,61e-17;0,0826;3,69e-15;3,69e-15;0,614;0,614;0,0126;6,31e-16;1,17e-15;1,17e-15;0,03591;6,372e-16;6,372e-16;0,01096;0,01096;0,2028;0,1488;2,218;2,218;0,2622;0,005952;5,4e-10;5,404e-10;5,202;0,0000644;0,00006448;3,08;3,078;1,26;0,03036;6,44e-10;6,448e-10
11,07;21,7;0,000189;1,1e-17;2,61e-17;2,61e-17;0,0647;2,74e-15;2,74e-15;0,86;0,86;0,00988;8,75e-16;1,29e-15;1,29e-15;0,02813;8,052e-17;8,052e-17;0,01536;0,01536;0,1589;0,1166;3,112;3,112;0,2772;0,00834;4,2e-11;4,204e-11;4,896;0,00000504;0,000005036;3,32;3,318;1,53;0,03816;5,04e-11;5,016e-11
11,12;20,2;0,000113;9,78e-18;2,17e-17;2,17e-17;0,0387;2,08e-15;2,08e-15;0,919;0,919;0,00591;9,3e-16;1,17e-15;1,17e-15;0,01683;2,84e-17;2,84e-17;0,0164;0,0164;0,09509;0,0698;3,326;3,326;0,243;0,00888;2,508e-12;2,508e-12;3,81;2,992e-7;2,99e-7;2,954;2,954;1,488;0,03816;2,997e-12;2,996e-12
11,17;15,1;0,0000517;7,08e-18;1,48e-17;1,48e-17;0,0177;1,34e-15;1,34e-15;0,749;0,749;0,0027;7,56e-16;8,63e-16;8,63e-16;0,007683;1,636e-17;1,636e-17;0,01337;0,01337;0,04342;0,0318;2,712;2,712;0,1734;0,00726;1,14e-13;1,14e-13;2,454;1,36e-8;1,358e-8;2,138;2,138;1,152;0,02994;1,418e-13;1,414e-13
11,22;8,95;0,000018;4,09e-18;8,25e-18;8,25e-18;0,00615;7,13e-16;7,13e-16;0,466;0,466;0,00094;4,7e-16;5,04e-16;5,04e-16;0,002677;8,476e-18;8,476e-18;0,008322;0,008322;0,01512;0,0111;1,682;1,682;0,0996;0,0045;4e-15;4,004e-15;1,302;4,72e-10;4,712e-10;1,236;1,236;0,696;0,01824;8,028e-15;8,02e-15
11,27;4,12;0,00000479;1,86e-18;3,66e-18;3,66e-18;0,00164;3,06e-16;3,06e-16;0,221;0,221;0,00025;2,23e-16;2,31e-16;2,31e-16;0,0007123;3,594e-18;3,594e-18;0,00395;0,00395;0,004017;0,00296;0,799;0,799;0,045;0,002136;1,265e-16;1,266e-16;0,5574;1,248e-11;1,248e-11;0,5612;0,5624;0,324;0,00852;1,6e-15;1,6e-15
11,32;1,47;9,73e-7;6,58e-19;2,72e-14;2,72e-14;0,000332;1,04e-16;1,04e-16;0,0803;0,0803;0,0000508;8,08e-17;5,63e-14;5,63e-14;0,0001447;4,041e-15;4,041e-15;0,001435;0,001435;0,0008168;0,000598;0,2902;0,2902;0,01584;0,000774;4,296e-14;4,304e-14;0,1896;1,042e-11;1,041e-11;0,1989;0,1988;0,1164;0,003078;4,52e-13;4,496e-13
11,37;0,403;1,51e-7;1,79e-19;1,08e-12;1,08e-12;0,0000515;2,79e-17;2,79e-17;0,0222;0,0222;0,00000787;2,24e-17;2,23e-12;2,23e-12;0,00002241;1,608e-13;1,608e-13;0,0003976;0,0003976;0,0001266;0,0000928;0,08016;0,08016;0,00432;0,0002142;1,704e-12;1,704e-12;0,05064;4,132e-10;4,138e-10;0,05426;0,05412;0,03198;0,000846;1,788e-11;1,788e-11
11,42;0,0846;1,78e-8;3,76e-20;3,27e-11;3,27e-11;0,00000609;5,77e-18;5,77e-18;0,0047;0,0047;9,31e-7;4,73e-18;6,75e-11;6,75e-11;0,000002651;4,86e-12;4,86e-12;0,0000839;0,0000839;0,00001498;0,00001098;0,01696;0,01696;0,000906;0,0000453;5,156e-11;5,156e-11;0,0105;1,252e-8;1,256e-8;0,01136;0,01137;0,00672;0,0001788;5,408e-10;5,424e-10
11,47;0,0136;1,61e-9;6,03e-21;7,56e-10;7,56e-10;5,5e-7;9,19e-19;9,19e-19;0,000757;0,000757;8,41e-8;7,62e-19;1,56e-9;1,56e-9;2,393e-7;1,126e-10;1,126e-10;0,00001351;0,00001351;0,000001351;9,92e-7;0,00274;0,00274;0,0001452;0,00000732;1,194e-9;1,193e-9;0,001668;2,896e-7;2,9e-7;0,001824;0,001824;0,001086;0,0000288;1,252e-8;1,25e-8
11,52;0,00169;1,11e-10;7,49e-22;1,33e-8;1,33e-8;3,79e-8;1,13e-19;1,13e-19;0,0000932;0,0000932;5,79e-9;9,41e-20;2,75e-8;2,75e-8;1,649e-8;1,986e-9;1,986e-9;0,000001676;0,000001676;9,306e-8;6,84e-8;0,00034;0,00034;0,00001782;9e-7;2,106e-8;2,105e-8;0,000204;0,00000512;0,000005114;0,0002237;0,000224;0,0001332;0,000003546;2,21e-7;2,208e-7
11,57;0,000372;5,84e-12;1,8e-22;1,8e-7;1,8e-7;1,99e-9;2,38e-20;2,38e-20;0,00000876;0,00000876;3,05e-10;1,22e-20;3,71e-7;3,71e-7;8,663e-10;2,68e-8;2,68e-8;3,24e-7;3,24e-7;4,897e-9;3,6e-9;0,00006614;0,00006614;0,000001668;8,46e-8;2,836e-7;2,834e-7;0,00001908;0,00006892;0,00006896;0,00002102;0,00002102;0,00001254;3,33e-7;0,000002978;0,000002975
11,62;0,00222;2,34e-13;1,14e-21;0,00000185;0,00000185;8,01e-11;1,37e-19;1,37e-19;6,28e-7;6,28e-7;1,22e-11;3,59e-20;0,00000382;0,00000382;3,483e-11;2,76e-7;2,76e-7;0,000001732;0,000001732;1,971e-10;1,444e-10;0,0003578;0,0003578;1,194e-7;6,06e-9;0,000002918;0,000002915;0,000001368;0,000708;0,000708;0,000001504;0,000001504;9e-7;2,388e-8;0,0000306;0,0000306
11,67;0,0174;7,19e-15;8,89e-21;0,0000145;0,0000145;2,45e-12;1,07e-18;1,07e-18;3,44e-8;3,44e-8;3,75e-13;2,76e-19;0,0000299;0,0000299;1,092e-12;0,00000216;0,00000216;0,00001352;0,00001352;7,355e-12;4,42e-12;0,00279;0,00279;6,54e-9;3,318e-10;0,0000229;0,00002288;7,5e-8;0,005564;0,00557;8,223e-8;8,228e-8;4,914e-8;1,308e-9;0,0002402;0,0002403
11,72;0,104;1,7e-16;5,33e-20;0,0000868;0,0000868;5,74e-14;6,41e-18;6,41e-18;1,44e-9;1,44e-9;8,82e-15;1,66e-18;0,000179;0,000179;1,652e-13;0,00001294;0,00001294;0,000081;0,000081;8,085e-12;1,036e-13;0,01672;0,01672;2,76e-10;1,386e-11;0,000137;0,0001372;3,144e-9;0,03332;0,0333;3,682e-9;3,676e-9;2,076e-9;5,46e-11;0,001438;0,001441
11,77;0,476;9,27e-18;2,44e-19;0,000397;0,000397;6,16e-18;2,93e-17;2,93e-17;4,58e-11;4,58e-11;1,73e-16;7,61e-18;0,00082;0,00082;6,406e-13;0,0000592;0,0000592;0,0003696;0,0003696;3,63e-11;4,92e-17;0,07646;0,07646;9e-11;4,422e-13;0,0006272;0,0006264;8,58e-10;0,1522;0,1525;7,984e-9;7,988e-9;9,3e-10;1,812e-12;0,006584;0,00657
11,82;1,66;3,23e-17;8,55e-19;0,00139;0,00139;1,81e-17;1,02e-16;1,02e-16;1,12e-12;1,12e-12;6,05e-16;2,75e-17;0,00286;0,00286;2,238e-12;0,000206;0,000206;0,001292;0,001292;1,267e-10;1,733e-16;0,2668;0,2668;2,004e-9;2,124e-14;0,002188;0,002186;1,866e-8;0,5312;0,53;1,946e-7;1,948e-7;2,13e-8;1,86e-12;0,02298;0,02297
11,87;4,43;8,61e-17;2,36e-18;0,00369;0,00369;4,83e-17;2,73e-16;2,73e-16;6,03e-17;6,03e-17;1,61e-15;9,15e-17;0,00763;0,00763;5,96e-12;0,00055;0,00055;0,003438;0,003438;3,368e-10;5,98e-16;0,7106;0,7106;3,774e-8;1,968e-13;0,00582;0,005838;3,522e-7;1,416;1,416;0,000003667;0,000003672;4,008e-7;3,432e-11;0,06124;0,06104
11,92;9;1,75e-16;5,95e-18;0,00751;0,00751;9,82e-17;5,55e-16;5,55e-16;1,23e-16;1,23e-16;3,27e-15;4,47e-16;0,0155;0,0155;1,212e-11;0,001118;0,001118;0,007;0,007;6,857e-10;3,162e-15;1,446;1,446;5,43e-7;2,832e-12;0,01186;0,01185;0,000005064;2,878;2,882;0,00005256;0,00005272;0,000005766;4,932e-10;0,1244;0,1246
11,97;14;2,72e-16;2,19e-17;0,0117;0,0117;1,53e-16;8,61e-16;8,61e-16;1,91e-16;1,91e-16;5,08e-15;3,56e-15;0,0241;0,0241;1,882e-11;0,001737;0,001737;0,01088;0,01088;1,065e-9;2,624e-14;2,242;2,242;0,000005964;3,114e-11;0,01842;0,01841;0,00005562;4,464;4,47;0,0005777;0,0005788;0,0000636;5,418e-9;0,1932;0,1932
12,02;16,6;3,22e-16;1,32e-16;0,0138;0,0138;1,82e-16;1,02e-15;1,02e-15;2,2e-13;2,2e-13;6,02e-15;2,82e-14;0,0285;0,0285;2,228e-11;0,002066;0,002066;0,01287;0,01287;1,261e-9;2,096e-13;2,658;2,658;0,00004998;2,61e-10;0,0218;0,02182;0,0004662;5,304;5,298;0,004854;0,004852;0,0005304;4,542e-8;0,229;0,2288
12,07;15;2,91e-16;7,99e-16;0,0125;0,0125;1,71e-16;9,32e-16;9,32e-16;9,24e-12;9,24e-12;5,45e-15;1,79e-13;0,0258;0,0258;2,014e-11;0,001896;0,001896;0,01171;0,01171;1,14e-9;1,332e-12;2,404;2,404;0,0003198;1,668e-9;0,0197;0,01973;0,002982;4,792;4,794;0,03105;0,03104;0,003396;2,904e-7;0,2068;0,2068
12,12;10,7;2,04e-16;4,31e-15;0,00862;0,00862;1,51e-16;6,84e-16;6,84e-16;2,97e-10;2,97e-10;3,81e-15;9,36e-13;0,0178;0,0178;1,39e-11;0,001462;0,001462;0,008384;0,008384;7,904e-10;7,502e-12;1,66;1,66;0,00156;8,16e-9;0,0136;0,01359;0,01458;3,306;3,306;0,1516;0,1514;0,01656;0,000001416;0,1428;0,1428
12,17;6,7;1,2e-16;3,31e-14;0,00454;0,00454;2,05e-16;5,12e-16;5,12e-16;7,31e-9;7,31e-9;2,19e-15;5,94e-12;0,00939;0,00939;7,317e-12;0,001338;0,001338;0,005514;0,005514;4,28e-10;6,664e-11;0,8752;0,8752;0,005814;3,078e-8;0,007168;0,00716;0,05424;1,742;1,744;0,5657;0,566;0,0618;0,000005292;0,07532;0,07542
12,22;5,77;1,06e-16;6,48e-13;0,00183;0,00183;4,85e-16;6,37e-16;6,37e-16;1,37e-7;1,37e-7;1,56e-15;9,64e-11;0,00377;0,00377;2,966e-12;0,002158;0,002158;0,005344;0,005344;2,17e-10;1,449e-9;0,3516;0,3516;0,01656;9,36e-8;0,002886;0,002885;0,1542;0,7008;0,699;1,609;1,608;0,1758;0,00001512;0,03028;0,03026
12,27;8,44;4,89e-16;1,51e-11;0,000561;0,000561;1,68e-15;1,13e-15;1,13e-15;0,00000196;0,00000196;4,14e-15;2,18e-9;0,00116;0,00116;1,462e-12;0,004164;0,004164;0,008443;0,008443;3,872e-10;3,428e-8;0,1081;0,1081;0,03594;2,946e-7;0,0008852;0,0008862;0,3354;0,2152;0,2152;3,49;3,492;0,3816;0,00003402;0,0093;0,009282
12,32;13;4,48e-15;2,84e-10;0,000131;0,000131;1,01e-14;1,82e-15;1,82e-15;0,0000214;0,0000214;3,09e-14;4,09e-8;0,000272;0,000272;1,069e-11;0,0068;0,0068;0,01324;0,01324;4,872e-9;6,47e-7;0,0254;0,0254;0,05958;0,000001482;0,0002076;0,0002075;0,5562;0,05048;0,05026;5,777;5,784;0,63;0,000069;0,002178;0,002178
12,37;16,3;3,64e-14;4,1e-9;0,0000235;0,0000235;7,4e-14;1,76e-13;1,76e-13;0,000179;0,000179;2,42e-13;5,89e-7;0,0000486;0,0000486;1,512e-10;0,008583;0,008583;0,01665;0,01665;6,82e-8;0,000009346;0,005258;0,005258;0,0756;0,00001014;0,00003704;0,00003712;0,708;0,00902;0,009;7,342;7,324;0,798;0,0001908;0,0003896;0,0003894
12,42;15,8;2,31e-13;4,52e-8;0,00000321;0,00000321;4,61e-13;7,46e-12;7,46e-12;0,00114;0,00114;1,53e-12;0,00000649;0,00000663;0,00000663;1,666e-9;0,00828;0,00828;0,01613;0,01613;7,48e-7;0,0001028;0,005208;0,005208;0,0726;0,0000624;0,00000506;0,00000507;0,696;0,001232;0,001233;7,101;7,084;0,774;0,000846;0,00005312;0,00005298
12,47;11,9;1,12e-12;3,8e-7;3,35e-7;3,35e-7;2,23e-12;2,45e-10;2,45e-10;0,00552;0,00552;7,41e-12;0,0000546;6,91e-7;6,91e-7;1,402e-8;0,00612;0,00612;0,01227;0,01227;0,0000063;0,0008648;0,02243;0,02243;0,05388;0,0003024;5,284e-7;5,284e-7;0,5904;0,0001284;0,0001283;5,296;5,304;0,5712;0,00384;0,00000554;0,00000555
12,52;7,84;4,15e-12;0,00000244;2,66e-8;2,66e-8;8,27e-12;6,12e-9;6,12e-9;0,0205;0,0205;2,75e-11;0,00035;5,5e-8;5,5e-8;9e-8;0,00344;0,00344;0,008269;0,008269;0,0000404;0,005542;0,08268;0,08268;0,03114;0,001122;4,224e-8;4,222e-8;0,624;0,00001034;0,00001036;3,302;3,308;0,327;0,0141;4,424e-7;4,408e-7
12,57;6,6;1,18e-11;0,000012;1,62e-9;1,62e-9;2,34e-11;1,17e-7;1,17e-7;0,0579;0,0579;7,78e-11;0,00172;3,34e-9;3,34e-9;4,4e-7;0,001478;0,001478;0,007434;0,007434;0,000198;0,02719;0,2341;0,2341;0,0156;0,003186;6,32e-9;6,31e-9;1,146;0,000003528;0,000003528;2,303;2,304;0,1572;0,0399;5,132e-8;5,136e-8
12,62;9,4;2,54e-11;0,0000447;7,49e-11;7,49e-11;5,06e-11;0,00000171;0,00000171;0,125;0,125;1,68e-10;0,00642;1,55e-10;1,55e-10;0,000001648;0,000484;0,000484;0,01082;0,01082;0,00074;0,1017;0,5056;0,5056;0,00996;0,0069;5,528e-8;5,508e-8;2,454;0,00004236;0,0000424;2,673;2,672;0,093;0,0864;3,612e-7;3,606e-7
12,67;15;4,19e-11;0,000128;2,65e-12;2,65e-12;8,34e-11;0,000019;0,000019;0,206;0,206;2,77e-10;0,0183;5,47e-12;5,47e-12;0,0000047;0,0001229;0,0001229;0,01654;0,01654;0,00212;0,2903;0,8331;0,8331;0,0105;0,01152;6,144e-7;6,12e-7;4,548;0,000472;0,0004726;3,849;3,856;0,1062;0,1434;0,000004008;0,000004002
12,72;20,2;5,3e-11;0,000278;7,15e-14;7,15e-14;1,08e-10;0,000162;0,000162;0,26;0,26;3,5e-10;0,0399;1,48e-13;1,48e-13;0,00001026;0,00003804;0,00003804;0,02057;0,02057;0,0046;0,6322;1,049;1,049;0,01212;0,0147;0,00000522;0,000005222;6,96;0,004016;0,00401;4,788;4,78;0,1566;0,1824;0,00003398;0,000034
12,77;22,1;5,96e-11;0,000464;1,25e-17;1,25e-17;2e-10;0,00105;0,00105;0,25;0,25;3,8e-10;0,0664;7,6e-16;7,6e-16;0,0000171;0,0001001;0,0001001;0,01972;0,01972;0,00766;1,051;1,011;1,011;0,01152;0,01446;0,00003396;0,00003386;8,7;0,02602;0,02602;4,63;4,636;0,207;0,1782;0,0002208;0,0002206
12,82;19,9;2,84e-10;0,000598;1,11e-17;1,11e-17;2,83e-9;0,00519;0,00519;0,183;0,183;1,48e-9;0,0844;7,08e-16;7,08e-16;0,000022;0,000479;0,000479;0,01447;0,01447;0,0098;1,336;0,7598;0,7598;0,00846;0,0111;0,0001676;0,0001677;8,94;0,129;0,129;3,485;3,48;0,2256;0,135;0,001094;0,001094
12,87;15,5;5,24e-9;0,000649;8,37e-18;8,37e-18;5,83e-8;0,0196;0,0196;0,102;0,102;2,63e-8;0,0822;6,18e-16;6,18e-16;0,0000242;0,00181;0,00181;0,008094;0,008094;0,00992;1,303;0,4901;0,4901;0,00477;0,00696;0,0006336;0,0006323;7,5;0,4864;0,486;2,032;2,032;0,198;0,0834;0,004124;0,004128
12,92;12,1;8,43e-8;0,000858;6,25e-18;6,25e-18;9,4e-7;0,0566;0,0566;0,0439;0,0439;4,22e-7;0,0632;6,46e-16;6,46e-16;0,0000332;0,005214;0,005214;0,00346;0,00346;0,009662;1,011;0,3958;0,3958;0,002154;0,004788;0,001826;0,001828;5,058;1,404;1,405;0,9296;0,93;0,138;0,0624;0,01194;0,01193
12,97;12,1;0,00000104;0,00205;5,93e-18;5,93e-18;0,0000116;0,125;0,125;0,0152;0,0152;0,0000052;0,0458;9,11e-16;9,11e-16;0,00008182;0,0115;0,0115;0,001146;0,001146;0,01513;0,773;0,5459;0,5459;0,001098;0,00798;0,00402;0,004026;2,7;3,096;3,096;0,3416;0,3418;0,0756;0,1218;0,02624;0,02624
13,02;15,6;0,00000976;0,00584;2e-13;2e-13;0,000109;0,209;0,209;0,0086;0,0086;0,0000489;0,0516;3,03e-12;3,03e-12;0,0002342;0,01934;0,01934;0,0003854;0,0003854;0,03746;0,9704;0,8692;0,8692;0,001506;0,02214;0,006768;0,006772;1,152;5,204;5,212;0,1128;0,1128;0,03348;0,3522;0,04408;0,0441
13,07;20,3;0,00007;0,0139;7,61e-12;7,61e-12;0,000781;0,269;0,269;0,0228;0,0228;0,000351;0,094;1,16e-10;1,16e-10;0,0005616;0,0248;0,0248;0,0005126;0,0005126;0,09005;1,863;1,246;1,246;0,003264;0,05406;0,008684;0,008689;0,468;6,676;6,67;0,05936;0,05918;0,01662;0,864;0,0566;0,05652
13,12;23,5;0,000384;0,0255;2,22e-10;2,22e-10;0,00428;0,263;0,263;0,074;0,074;0,00192;0,166;3,37e-9;3,37e-9;0,001045;0,0243;0,0243;0,00154;0,00154;0,1813;3,346;1,703;1,703;0,00606;0,1044;0,0085;0,008486;0,3954;6,536;6,538;0,07972;0,07958;0,0204;1,656;0,05548;0,0556
13,17;25;0,0016;0,0359;4,93e-9;4,93e-9;0,0179;0,197;0,197;0,189;0,189;0,00803;0,232;7,48e-8;7,48e-8;0,001512;0,01816;0,01816;0,003921;0,003921;0,3224;4,826;2,512;2,512;0,00882;0,159;0,006364;0,006364;0,726;4,892;4,902;0,1332;0,1332;0,04206;2,508;0,04148;0,04144
13,22;26;0,00512;0,0386;8,36e-8;8,36e-8;0,0571;0,112;0,112;0,367;0,367;0,0256;0,248;0,00000127;0,00000127;0,001765;0,01036;0,01036;0,007619;0,007619;0,563;5,598;3,842;3,842;0,01044;0,1944;0,00362;0,003627;1,302;2,788;2,788;0,2048;0,205;0,0798;3,042;0,02364;0,02364
13,27;27,2;0,0125;0,0316;0,00000108;0,00000108;0,139;0,0489;0,0489;0,546;0,546;0,0625;0,204;0,0000164;0,0000164;0,001791;0,004508;0,004508;0,01132;0,01132;0,988;5,612;5,263;5,263;0,0108;0,195;0,001584;0,001583;1,866;1,216;1,215;0,2876;0,2878;0,1254;3,024;0,01034;0,01036
13,32;27,2;0,0232;0,0198;0,0000107;0,0000107;0,259;0,0163;0,0163;0,619;0,619;0,116;0,127;0,000162;0,000162;0,001758;0,001502;0,001502;0,01284;0,01284;1,597;5,424;5,819;5,819;0,0108;0,162;0,0005432;0,000544;2,082;0,4048;0,4042;0,365;0,365;0,1608;2,52;0,003864;0,00386
13,37;24,3;0,0329;0,00946;0,0000808;0,0000808;0,367;0,00413;0,00413;0,537;0,537;0,165;0,0609;0,00123;0,00123;0,001744;0,0003858;0,0003858;0,01113;0,01113;2,154;5,312;5,017;5,017;0,0108;0,1122;0,0002696;0,0002698;1,788;0,104;0,104;0,404;0,4036;0,168;1,782;0,004152;0,004146
13,42;18,7;0,0357;0,00345;0,000465;0,000465;0,398;0,000799;0,000799;0,355;0,355;0,179;0,0222;0,00706;0,00706;0,001618;0,0001064;0,0001064;0,007432;0,007432;2,293;4,877;3,336;3,336;0,00996;0,0642;0,0008116;0,000811;1,182;0,02776;0,02774;0,3742;0,3744;0,1434;1,068;0,01904;0,01906
13,47;12,4;0,0295;0,000959;0,00205;0,00205;0,329;0,000118;0,000118;0,179;0,179;0,148;0,00618;0,031;0,031;0,00126;0,0001542;0,0001542;0,004002;0,004002;1,885;3,791;1,799;1,799;0,00774;0,02982;0,003456;0,003456;0,5982;0,03768;0,03766;0,2808;0,2808;0,0996;0,537;0,08296;0,08308
13,52;8,15;0,0186;0,000204;0,00686;0,00686;0,208;0,0000133;0,0000133;0,069;0,069;0,0933;0,00131;0,104;0,104;0,0007788;0,0004812;0,0004812;0,002389;0,002389;1,187;2,343;1,094;1,094;0,004752;0,01098;0,0116;0,0116;0,2328;0,1168;0,117;0,1672;0,1669;0,05556;0,225;0,2786;0,2784
13,57;7,62;0,00898;0,000033;0,0176;0,0176;0,1;0,00000115;0,00000115;0,0203;0,0203;0,045;0,000213;0,267;0,267;0,0003732;0,00123;0,00123;0,00288;0,00288;0,5706;1,122;1,346;1,346;0,002268;0,003204;0,02966;0,02968;0,0696;0,2984;0,2986;0,07752;0,07766;0,0246;0,078;0,7128;0,715
13,62;10,6;0,0033;0,00000409;0,0344;0,0344;0,0368;7,55e-8;7,55e-8;0,00455;0,00455;0,0165;0,0000263;0,521;0,521;0,000137;0,0024;0,0024;0,004902;0,004902;0,2102;0,4105;2,305;2,305;0,000828;0,000732;0,05792;0,0582;0,01614;0,5836;0,5832;0,02792;0,02792;0,00858;0,02232;1,394;1,396
13,67;14,8;0,000928;3,86e-7;0,0513;0,0513;0,0103;3,8e-9;3,8e-9;0,00078;0,00078;0,00464;0,00000249;0,778;0,778;0,00003842;0,0036;0,0036;0,007171;0,007171;0,05902;0,1154;3,384;3,384;0,0002322;0,0001302;0,08652;0,08664;0,00291;0,868;0,872;0,007724;0,00771;0,002322;0,005202;2,082;2,081
13,72;16,6;0,000199;2,79e-8;0,0584;0,0584;0,00222;4,38e-10;4,38e-10;0,000102;0,000102;0,000995;1,79e-7;0,886;0,886;0,00000824;0,00408;0,00408;0,008152;0,008152;0,01263;0,0248;3,846;3,846;0,00004974;0,00001836;0,0988;0,09866;0,0004104;0,994;0,992;0,00164;0,001642;0,0004872;0,000978;2,372;2,372
13,77;14,4;0,0000325;1,53e-9;0,0508;0,0508;0,000363;8,63e-9;8,63e-9;0,0000102;0,0000102;0,000163;9,87e-9;0,771;0,771;0,000001346;0,00356;0,00356;0,007084;0,007084;0,002069;0,00404;3,344;3,344;0,00000816;0,000002058;0,08576;0,08576;0,00004584;0,862;0,862;0,000267;0,000267;0,0000786;0,0001464;2,062;2,06
13,82;9,57;0,00000406;6,44e-11;0,0337;0,0337;0,0000453;1,94e-7;1,94e-7;7,75e-7;7,75e-7;0,0000203;4,15e-10;0,511;0,511;1,68e-7;0,00236;0,00236;0,004714;0,004714;0,0002582;0,000504;2,219;2,219;0,000001014;1,848e-7;0,05684;0,05688;0,00000411;0,5728;0,5722;0,0000332;0,00003327;0,00000972;0,00001728;1,37;1,366
13,87;4,85;3,87e-7;2,07e-12;0,0171;0,0171;0,00000432;0,00000332;0,00000332;4,51e-8;4,51e-8;0,00000194;1,33e-11;0,259;0,259;1,602e-8;0,001196;0,001196;0,002392;0,002392;0,00002462;0,00004905;1,124;1,124;9,66e-8;1,344e-8;0,02882;0,02884;2,976e-7;0,2898;0,2898;0,00000316;0,000003162;9,24e-7;0,00000159;0,6928;0,6938
13,92;1,87;2,81e-8;5,06e-14;0,0066;0,0066;3,14e-7;0,0000435;0,0000435;2e-9;2e-9;1,41e-7;3,26e-13;0,1;0,1;1,168e-9;0,0004622;0,0004622;0,0009216;0,0009216;0,00000179;0,00001706;0,4342;0,4342;7,02e-9;7,92e-10;0,01116;0,01115;1,746e-8;0,1122;0,1122;2,298e-7;2,299e-7;6,72e-8;1,128e-7;0,2682;0,2681
13,97;0,556;1,56e-9;1,41e-18;0,00195;0,00195;1,74e-8;0,000434;0,000434;6,78e-11;6,78e-11;7,82e-9;1,35e-16;0,0296;0,0296;6,51e-11;0,0001395;0,0001395;0,0002724;0,0002724;9,94e-8;0,000166;0,1287;0,1287;3,906e-10;3,792e-11;0,00331;0,003308;8,28e-10;0,03312;0,03312;1,274e-8;1,277e-8;3,714e-9;6,18e-9;0,07936;0,07926
14,02;0,148;6,62e-11;7,19e-19;0,000439;0,000439;7,39e-10;0,00331;0,00331;1,75e-12;1,75e-12;3,32e-10;5,68e-17;0,00666;0,00666;2,822e-12;0,00005446;0,00005446;0,00006134;0,00006134;4,22e-9;0,001546;0,03332;0,03332;1,656e-11;1,446e-12;0,000884;0,0008816;3,144e-11;0,00782;0,00784;5,404e-10;5,402e-10;1,572e-10;2,598e-10;0,02062;0,0206
14,07;0,163;2,14e-12;2,49e-18;0,0000755;0,0000755;2,39e-11;0,0193;0,0193;3,98e-16;3,98e-16;1,07e-11;1,66e-16;0,00115;0,00115;1,026e-13;0,0001431;0,0001431;0,00001054;0,00001054;1,389e-10;0,01102;0,03015;0,03015;5,358e-13;3,864e-14;0,000994;0,000992;8,34e-13;0,00346;0,003458;1,748e-11;1,748e-11;5,076e-12;8,28e-12;0,01982;0,01984
14,12;0,647;5,31e-14;1,1e-17;0,00000991;0,00000991;5,91e-13;0,0855;0,0855;1,72e-15;1,72e-15;2,72e-13;7,24e-16;0,00015;0,00015;4,02e-15;0,0006122;0,0006122;0,000001384;0,000001384;3,722e-12;0,06;0,1127;0,1127;1,452e-14;1,092e-15;0,004098;0,004098;2,454e-14;0,00984;0,009834;4,484e-13;4,469e-13;1,458e-13;2,136e-13;0,07756;0,07772
14,17;2,25;7,69e-16;3,79e-17;9,92e-7;9,92e-7;2,85e-15;0,29;0,29;5,84e-15;5,84e-15;2,49e-14;2,49e-15;0,0000151;0,0000151;2,846e-16;0,002074;0,002074;1,386e-7;1,386e-7;7,65e-14;0,2488;0,38;0,38;4,35e-15;4,812e-16;0,0148;0,01478;1,362e-14;0,03282;0,03282;5,9e-14;5,88e-14;7,08e-14;3,066e-14;0,2728;0,273
14,22;6,06;2,02e-15;1e-16;7,59e-8;7,59e-8;7,44e-15;0,75;0,75;1,51e-14;1,51e-14;6,51e-14;6,58e-15;0,00000115;0,00000115;2,896e-16;0,005366;0,005366;1,059e-8;1,059e-8;1,118e-13;0,788;0,982;0,982;1,128e-14;1,26e-15;0,04128;0,04128;3,546e-14;0,085;0,08484;1,525e-13;1,524e-13;1,842e-13;7,98e-14;0,742;0,7394
14,27;12,5;4,04e-15;2,03e-16;4,43e-9;4,43e-9;1,48e-14;1,48;1,48;2,99e-14;2,99e-14;1,3e-13;1,33e-14;6,72e-8;6,72e-8;5,568e-16;0,01059;0,01059;6,184e-10;6,184e-10;2,182e-13;1,906;1,94;1,94;2,232e-14;2,514e-15;0,0888;0,0888;7,08e-14;0,1676;0,1678;3,021e-13;3,02e-13;3,672e-13;1,596e-13;1,548;1,548
14,32;19,8;6,2e-15;3,15e-16;1,97e-10;1,97e-10;2,27e-14;2,23;2,23;4,52e-14;4,52e-14;1,99e-13;2,07e-14;3e-9;3e-9;8,574e-16;0,01598;0,01598;2,75e-11;2,75e-11;3,328e-13;3,518;2,92;2,92;3,372e-14;3,84e-15;0,1472;0,1474;1,074e-13;0,2532;0,2532;4,571e-13;4,576e-13;5,586e-13;2,436e-13;2,492;2,494
14,37;24,2;7,28e-15;3,75e-16;6,71e-12;6,71e-12;2,65e-14;2,57;2,57;5,21e-14;5,21e-14;2,33e-13;2,46e-14;1,02e-10;1,02e-10;1,014e-15;0,0184;0,0184;9,388e-13;9,388e-13;3,892e-13;4,96;3,36;3,36;3,894e-14;4,488e-15;0,1884;0,1884;1,254e-13;0,2914;0,2914;5,278e-13;5,276e-13;6,48e-13;2,844e-13;3,09;3,09
14,42;22,8;6,56e-15;3,43e-16;1,75e-13;1,75e-13;2,37e-14;2,26;2,26;4,59e-14;4,59e-14;2,09e-13;2,25e-14;2,71e-12;2,71e-12;9,208e-16;0,01616;0,01616;2,499e-14;2,499e-14;3,478e-13;5,32;2,96;2,96;3,432e-14;4,02e-15;0,1858;0,1858;1,116e-13;0,2562;0,2562;4,655e-13;4,668e-13;5,796e-13;2,544e-13;2,956;2,954
14,47;16,5;4,53e-15;2,42e-16;1,6e-16;1,6e-16;1,63e-14;1,51;1,51;3,09e-14;3,09e-14;1,43e-13;1,58e-14;4,46e-14;4,46e-14;6,412e-16;0,01084;0,01084;4,594e-16;4,594e-16;2,386e-13;4,38;1,984;1,984;2,316e-14;2,76e-15;0,1414;0,1416;7,62e-14;0,172;0,1718;3,142e-13;3,14e-13;3,954e-13;1,74e-13;2,176;2,176
14,52;9,24;2,4e-15;1,31e-16;8,38e-17;8,38e-17;8,54e-15;0,775;0,775;1,59e-14;1,59e-14;7,55e-14;8,57e-15;2,29e-14;2,29e-14;3,436e-16;0,00555;0,00555;2,368e-16;2,368e-16;1,252e-13;2,742;1,016;1,016;1,194e-14;1,452e-15;0,0829;0,0828;3,984e-14;0,088;0,0879;1,621e-13;1,618e-13;2,064e-13;9,12e-14;1,238;1,234
14,57;3,98;9,79e-16;5,45e-17;3,37e-17;3,37e-17;3,44e-15;0,303;0,303;6,24e-15;6,24e-15;3,05e-14;3,57e-15;9,03e-15;9,03e-15;1,414e-16;0,002166;0,002166;9,346e-17;9,346e-17;5,042e-14;1,31;0,396;0,396;4,686e-15;5,868e-16;0,03738;0,03738;1,596e-14;0,03444;0,03446;6,36e-14;6,388e-14;8,28e-14;3,684e-14;0,543;0,5416
14,62;1,32;3,06e-16;1,75e-17;1,04e-17;1,04e-17;1,07e-15;0,0903;0,0903;1,87e-15;1,87e-15;9,47e-15;1,14e-15;2,72e-15;2,72e-15;4,486e-17;0,0006472;0,0006472;2,81e-17;2,81e-17;1,558e-14;0,48;0,1182;0,1182;1,41e-15;1,818e-16;0,01299;0,01298;4,902e-15;0,0103;0,01028;1,92e-14;1,92e-14;2,538e-14;1,14e-14;0,183;0,183
14,67;0,339;7,38e-17;4,33e-18;2,47e-18;2,47e-18;2,54e-16;0,0206;0,0206;4,3e-16;4,3e-16;2,26e-15;2,83e-16;6,25e-16;6,25e-16;1,096e-17;0,000147;0,000147;5,69e-16;5,69e-16;3,706e-15;0,1334;0,027;0,027;1,404e-15;2,502e-16;0,003464;0,003464;1,2e-10;0,002346;0,002346;1,205e-12;1,202e-12;1,386e-11;2,448e-14;0,04764;0,04764
14,72;0,0669;1,37e-17;8,26e-19;4,49e-19;4,49e-19;4,64e-17;0,00357;0,00357;7,54e-17;7,54e-17;4,15e-16;5,39e-17;1,1e-16;1,1e-16;2,062e-18;0,00002554;0,00002554;2,02e-14;2,02e-14;6,778e-16;0,02836;0,00468;0,00468;3,876e-14;7,38e-15;0,0007084;0,0007088;4,302e-9;0,0004076;0,0004084;4,277e-11;4,288e-11;4,956e-10;7,8e-13;0,009552;0,00954
14,77;0,0102;1,95e-18;1,22e-19;6,3e-20;6,3e-20;6,53e-18;0,000474;0,000474;1,01e-17;1,01e-17;5,86e-17;9,67e-18;1,48e-17;1,48e-17;3,01e-19;0,000003386;0,000003386;5,5e-13;5,5e-13;9,51e-17;0,0046;0,00062;0,00062;1,056e-12;2,016e-13;0,0001116;0,0001118;1,176e-7;0,00005436;0,00005426;1,172e-9;1,174e-9;1,356e-8;2,13e-11;0,001472;0,00147
14,82;0,00119;2,17e-19;2,17e-20;6,83e-21;6,83e-21;7,08e-19;0,0000479;0,0000479;1,04e-18;1,04e-18;6,41e-18;3,76e-17;1,53e-18;1,53e-18;7,37e-20;3,502e-7;3,502e-7;1,146e-11;1,146e-11;1,038e-17;0,000572;0,0000628;0,0000628;2,202e-11;4,212e-12;0,00001349;0,0000135;0,000002448;0,000005508;0,000005528;2,442e-8;2,442e-8;2,826e-7;4,434e-10;0,0001746;0,0001746
14,87;0,000152;3,93e-20;1,27e-19;1,11e-21;1,11e-21;7,38e-20;0,0000037;0,0000037;1,04e-19;1,04e-19;1,2e-18;5,84e-16;2,01e-19;2,01e-19;6,454e-19;1,435e-7;1,435e-7;1,822e-10;1,822e-10;2,264e-18;0,000054;0,00000484;0,00000484;3,504e-10;6,72e-11;0,000001247;0,00000125;0,000039;4,272e-7;4,276e-7;3,886e-7;3,88e-7;0,000004494;7,08e-9;0,00001589;0,00001592
14,92;0,00055;2,56e-19;1,53e-18;6,72e-21;6,72e-21;1,83e-19;2,18e-7;2,18e-7;2,72e-19;2,72e-19;8,13e-18;7,09e-15;9,78e-19;9,78e-19;7,802e-18;0,000001423;0,000001423;2,22e-9;2,22e-9;1,714e-17;0,000003898;2,86e-7;2,86e-7;4,26e-9;8,16e-10;8,842e-8;8,852e-8;0,0004734;2,536e-8;2,534e-8;0,000004729;0,00000472;0,0000546;8,58e-8;0,000001113;0,000001112
14,97;0,00503;2,37e-18;1,42e-17;6,2e-20;6,2e-20;1,66e-18;9,83e-9;9,83e-9;2,48e-18;2,48e-18;7,51e-17;6,58e-14;9e-18;9e-18;7,24e-17;0,00001318;0,00001318;2,06e-8;2,06e-8;1,584e-16;2,148e-7;1,288e-8;1,288e-8;3,948e-8;7,56e-9;4,799e-9;4,8e-9;0,004386;1,148e-9;1,146e-9;0,00004359;0,00004376;0,0005058;7,92e-7;5,958e-8;5,968e-8
15,02;0,0356;1,67e-17;1e-16;4,39e-19;4,39e-19;1,17e-17;3,38e-10;3,38e-10;1,75e-17;1,75e-17;5,31e-16;4,66e-13;6,37e-17;6,37e-17;5,114e-16;0,0000934;0,0000934;1,452e-7;1,452e-7;1,12e-15;9,041e-9;4,42e-10;4,42e-10;2,796e-7;5,34e-8;1,996e-10;1,998e-10;0,03108;3,968e-11;3,97e-11;0,0003096;0,0003096;0,003582;0,000005628;2,455e-9;2,456e-9
15,07;0,192;9,04e-17;5,41e-16;2,37e-18;2,37e-18;6,33e-17;8,86e-12;8,86e-12;9,47e-17;9,47e-17;2,87e-15;2,52e-12;3,44e-16;3,44e-16;2,768e-15;0,000504;0,000504;7,84e-7;7,84e-7;6,05e-15;3,305e-10;1,16e-11;1,16e-11;0,000001512;2,886e-7;6,339e-12;6,356e-12;0,168;1,052e-12;1,052e-12;0,001674;0,001674;0,01932;0,00003036;7,756e-11;7,736e-11
15,12;0,793;3,73e-16;2,23e-15;9,77e-18;9,77e-18;2,61e-16;2,52e-15;2,52e-15;3,91e-16;3,91e-16;1,18e-14;1,04e-11;1,42e-15;1,42e-15;1,141e-14;0,002078;0,002078;0,00000324;0,00000324;2,498e-14;1,73e-10;1,058e-14;1,058e-14;0,00000624;0,000001188;1,484e-13;1,486e-13;0,69;3,516e-15;3,516e-15;0,006908;0,006908;0,0798;0,0001254;1,741e-12;1,74e-12
15,17;2,5;1,17e-15;7,03e-15;3,08e-17;3,08e-17;8,22e-16;7,91e-15;7,91e-15;1,23e-15;1,23e-15;3,72e-14;3,27e-11;4,46e-15;4,46e-15;3,59e-14;0,00654;0,00654;0,00001018;0,00001018;7,878e-14;5,216e-10;3,33e-14;3,33e-14;0,00001956;0,000003744;1,432e-16;1,43e-16;2,178;7,32e-15;7,334e-15;0,02171;0,02172;0,2508;0,0003942;9,68e-15;9,7e-15
15,22;6;2,82e-15;1,69e-14;7,39e-17;7,39e-17;1,97e-15;1,9e-14;1,9e-14;2,95e-15;2,95e-15;8,95e-14;7,85e-11;1,07e-14;1,07e-14;8,644e-14;0,0157;0,0157;0,0000244;0,0000244;1,888e-13;1,255e-9;7,994e-14;7,994e-14;0,00004704;0,000009;3,432e-16;3,434e-16;5,232;1,764e-14;1,764e-14;0,05222;0,0522;0,6;0,000948;2,328e-14;2,328e-14
15,27;11;5,17e-15;3,1e-14;1,36e-16;1,36e-16;3,62e-15;3,49e-14;3,49e-14;5,41e-15;5,41e-15;1,64e-13;1,44e-10;1,97e-14;1,97e-14;1,584e-13;0,02882;0,02882;0,0000448;0,0000448;3,464e-13;2,302e-9;1,467e-13;1,467e-13;0,0000864;0,0000165;6,288e-16;6,29e-16;9,6;3,232e-14;3,23e-14;0,0958;0,09568;1,104;0,001734;4,27e-14;4,274e-14
15,32;15,4;7,24e-15;4,34e-14;1,9e-16;1,9e-16;5,06e-15;4,88e-14;4,88e-14;7,57e-15;7,57e-15;2,3e-13;2,02e-10;2,75e-14;2,75e-14;2,226e-13;0,04042;0,04042;0,0000628;0,0000628;4,854e-13;3,224e-9;2,054e-13;2,054e-13;0,0001206;0,00002304;8,8e-16;8,8e-16;13,44;4,522e-14;4,52e-14;0,134;0,134;1,548;0,00243;5,986e-14;5,98e-14
15,37;16,4;7,73e-15;4,64e-14;2,03e-16;2,03e-16;5,41e-15;5,21e-14;5,21e-14;8,09e-15;8,09e-15;2,45e-13;2,16e-10;2,94e-14;2,94e-14;2,367e-13;0,0432;0,0432;0,000067;0,000067;5,19e-13;3,442e-9;2,192e-13;2,192e-13;0,000129;0,00002466;9,42e-16;9,4e-16;14,34;4,828e-14;4,832e-14;0,1431;0,143;1,656;0,002598;6,382e-14;6,392e-14
15,42;13,4;6,3e-15;3,78e-14;1,65e-16;1,65e-16;4,41e-15;4,25e-14;4,25e-14;6,6e-15;6,6e-15;2e-13;1,76e-10;2,4e-14;2,4e-14;1,933e-13;0,03514;0,03514;0,0000546;0,0000546;4,236e-13;2,81e-9;1,787e-13;1,787e-13;0,000105;0,0000201;7,68e-16;7,68e-16;11,7;3,936e-14;3,936e-14;0,1168;0,1166;1,35;0,002118;5,21e-14;5,212e-14
15,47;8,35;3,92e-15;2,36e-14;1,03e-16;1,03e-16;2,74e-15;2,64e-14;2,64e-14;4,11e-15;4,11e-15;1,25e-13;1,1e-10;1,49e-14;1,49e-14;1,205e-13;0,02186;0,02186;0,000034;0,000034;2,634e-13;1,748e-9;1,113e-13;1,113e-13;0,0000654;0,00001248;4,778e-16;4,78e-16;7,26;2,45e-14;2,452e-14;0,07278;0,07256;0,84;0,00132;3,246e-14;3,246e-14
15,52;3,97;1,86e-15;1,12e-14;4,89e-17;4,89e-17;1,3e-15;1,26e-14;1,26e-14;1,95e-15;1,95e-15;5,92e-14;5,21e-11;7,09e-15;7,09e-15;5,716e-14;0,01038;0,01038;0,00001618;0,00001618;1,25e-13;8,324e-10;5,278e-14;5,278e-14;0,00003108;0,000005946;2,272e-16;2,27e-16;3,456;1,164e-14;1,164e-14;0,0345;0,03444;0,399;0,000624;1,54e-14;1,54e-14
15,57;1,44;6,76e-16;4,06e-15;1,77e-17;1,77e-17;4,72e-16;4,56e-15;4,56e-15;7,07e-16;7,07e-16;2,15e-14;1,89e-11;2,57e-15;2,57e-15;2,086e-14;0,003768;0,003768;0,00000586;0,00000586;4,544e-14;3,016e-10;1,917e-14;1,917e-14;0,00001128;0,000002154;8,26e-17;8,24e-17;1,254;4,22e-15;4,222e-15;0,0125;0,01252;0,1446;0,0002274;5,59e-15;5,596e-15
15,62;0,398;1,87e-16;1,13e-15;4,91e-18;4,91e-18;1,31e-16;1,26e-15;1,26e-15;1,96e-16;1,96e-16;5,94e-15;5,23e-12;7,12e-16;7,12e-16;5,756e-15;0,001042;0,001042;0,000001624;0,000001624;1,256e-14;8,368e-11;5,304e-15;5,304e-15;0,000003126;5,964e-7;2,278e-17;2,28e-17;0,3474;1,17e-15;1,17e-15;0,003462;0,003468;0,04002;0,000063;1,546e-15;1,546e-15
15,67;0,0841;3,95e-17;2,38e-16;1,04e-18;1,04e-18;2,76e-17;2,66e-16;2,66e-16;4,14e-17;4,14e-17;1,25e-15;1,11e-12;1,5e-16;1,5e-16;1,215e-15;0,0002202;0,0002202;3,44e-7;3,44e-7;2,654e-15;1,766e-11;1,122e-15;1,122e-15;6,6e-7;1,26e-7;4,816e-18;4,814e-18;0,0732;2,468e-16;2,47e-16;0,0007319;0,0007316;0,00846;0,00001326;3,268e-16;3,27e-16
15,72;0,0136;6,38e-18;3,84e-17;1,67e-19;1,67e-19;4,45e-18;4,3e-17;4,3e-17;6,67e-18;6,67e-18;2,02e-16;1,78e-13;2,43e-17;2,43e-17;1,961e-16;0,00003554;0,00003554;5,54e-8;5,54e-8;4,28e-16;2,85e-12;1,811e-16;1,811e-16;1,062e-7;2,034e-8;6,068e-17;6,062e-17;0,01182;1,616e-11;1,616e-11;0,000118;0,0001178;0,001362;0,000002142;1,82e-16;1,818e-16
15,77;0,00167;7,85e-19;4,73e-18;2,31e-20;2,31e-20;6,47e-19;5,29e-18;5,29e-18;1,11e-12;1,11e-12;2,49e-17;2,2e-14;3,8e-18;3,8e-18;2,407e-17;0,00000436;0,00000436;6,82e-9;6,82e-9;5,272e-17;3,51e-13;4,715e-13;4,715e-13;1,308e-8;2,502e-9;2,268e-15;2,268e-15;0,001458;6,092e-10;6,08e-10;0,00001452;0,00001452;0,000168;2,64e-7;4,892e-15;4,882e-15
15,82;0,000157;7,39e-20;4,44e-19;7,27e-20;7,27e-20;3,72e-18;4,98e-19;4,98e-19;4,09e-11;4,09e-11;2,4e-18;2,06e-15;2,38e-17;2,38e-17;2,291e-18;4,12e-7;4,12e-7;6,42e-10;6,42e-10;6,076e-18;3,3e-14;1,737e-11;1,737e-11;1,23e-9;2,352e-10;6,54e-14;6,52e-14;0,0001368;1,76e-8;1,76e-8;0,000001366;0,000001364;0,00001578;2,478e-8;1,406e-13;1,408e-13
15,87;0,0000121;8,85e-21;3,19e-20;8,29e-15;8,29e-15;1,03e-16;5,64e-20;5,64e-20;1,15e-9;1,15e-9;1,79e-18;1,48e-16;1,68e-12;1,68e-12;6,062e-19;2,95e-8;2,95e-8;1,158e-10;1,158e-10;3,186e-17;2,384e-15;4,927e-10;4,927e-10;8,82e-11;1,728e-11;1,44e-12;1,441e-12;0,00000984;3,872e-7;3,872e-7;1,406e-7;1,406e-7;0,000001134;1,95e-9;3,556e-12;3,567e-12
15,92;0,0000157;7,57e-20;3,11e-21;2,89e-13;2,89e-13;2,22e-15;4,35e-19;4,35e-19;2,48e-8;2,48e-8;3,48e-17;8,2e-18;5,86e-11;5,86e-11;9,514e-18;1,616e-9;1,616e-9;1,506e-9;1,506e-9;6,788e-16;5,172e-16;1,061e-8;1,061e-8;6,18e-12;1,002e-11;2,428e-11;2,427e-11;6,18e-7;0,000006512;0,000006522;9,208e-7;9,218e-7;8,76e-8;3,756e-9;6,84e-11;6,843e-11
15,97;0,000201;1,22e-18;3,96e-20;7,72e-12;7,72e-12;3,65e-14;7,81e-18;7,81e-18;4,06e-7;4,06e-7;5,71e-16;1,56e-18;1,56e-9;1,56e-9;1,563e-16;7,064e-11;7,064e-11;2,477e-8;2,477e-8;1,119e-14;6,357e-15;1,751e-7;1,751e-7;2,34e-11;1,494e-10;3,132e-10;3,128e-10;0,000001344;0,00008348;0,00008364;0,00001504;0,00001502;4,2e-7;6e-8;1,104e-9;1,103e-9
16,02;0,00206;1,52e-17;8,88e-19;1,57e-10;1,57e-10;4,57e-13;1,23e-16;1,23e-16;0,00000509;0,00000509;7,15e-15;1,37e-17;3,18e-8;3,18e-8;1,958e-15;6,752e-11;6,752e-11;3,11e-7;3,11e-7;1,412e-13;7,965e-14;0,00000221;0,00000221;3,15e-10;1,872e-9;3,088e-9;3,092e-9;0,00001656;0,00082;0,0008209;0,0001882;0,0001886;0,000005244;7,5e-7;1,538e-8;1,54e-8
16,07;0,0163;1,44e-16;1,53e-17;2,44e-9;2,44e-9;4,37e-12;1,62e-12;1,62e-12;0,0000486;0,0000486;6,83e-14;1,29e-16;4,94e-7;4,94e-7;1,874e-14;1,024e-9;1,024e-9;0,000002973;0,000002973;1,367e-12;7,621e-13;0,00002153;0,00002153;3,444e-9;1,794e-8;2,354e-8;2,356e-8;0,0001584;0,00614;0,006134;0,001804;0,001804;0,0000504;0,0000072;1,866e-7;1,865e-7
16,12;0,1;1,05e-15;2,03e-16;2,89e-8;2,89e-8;3,19e-11;5,78e-11;5,78e-11;0,000355;0,000355;4,99e-13;1,05e-15;0,00000586;0,00000586;1,372e-13;1,222e-8;1,222e-8;0,00002185;0,00002185;1,019e-11;5,593e-12;0,0001607;0,0001607;3,084e-8;1,308e-7;1,394e-7;1,397e-7;0,001152;0,03532;0,03524;0,01324;0,01322;0,0003708;0,00005238;0,00000191;0,000001911
16,17;0,476;5,83e-15;2,05e-15;2,62e-7;2,62e-7;1,77e-10;1,58e-9;1,58e-9;0,00197;0,00197;2,78e-12;7,68e-15;0,000053;0,000053;7,676e-13;1,116e-7;1,116e-7;0,0001231;0,0001231;5,894e-11;3,133e-11;0,0009299;0,0009299;2,298e-7;7,26e-7;6,544e-7;6,54e-7;0,00642;0,1554;0,1555;0,0742;0,07427;0,0021;0,0002916;0,00001598;0,00001599
16,22;1,77;2,48e-14;1,59e-14;0,00000181;0,00000181;7,54e-10;3,29e-8;3,29e-8;0,0084;0,0084;1,18e-11;4,87e-14;0,000366;0,000366;3,294e-12;7,782e-7;7,782e-7;0,0005354;0,0005354;2,654e-10;1,355e-10;0,004189;0,004189;0,000001428;0,000003102;0,000002502;0,000002503;0,02736;0,5308;0,5302;0,3188;0,3195;0,00924;0,001242;0,0001062;0,0001062
16,27;5,2;8,11e-14;9,38e-14;0,00000955;0,00000955;2,48e-9;5,22e-7;5,22e-7;0,0272;0,0272;3,88e-11;2,58e-13;0,00193;0,00193;1,094e-11;0,000004171;0,000004171;0,001796;0,001796;9,562e-10;4,539e-10;0,01488;0,01488;0,00000726;0,00001008;0,000008076;0,000008066;0,0888;1,42;1,418;1,06;1,061;0,0315;0,004026;0,0005488;0,0005496
16,32;12,2;2,12e-13;4,23e-13;0,0000384;0,0000384;7,19e-9;0,00000634;0,00000634;0,0675;0,0675;1,08e-10;1,1e-12;0,00778;0,00778;3,28e-11;0,00001722;0,00001722;0,00472;0,00472;3,198e-9;1,258e-9;0,04192;0,04192;0,00003;0,00002508;0,00002256;0,00002256;0,2196;3,052;3,056;2,738;2,74;0,0852;0,00996;0,002188;0,002188
16,37;23,3;6,51e-13;1,45e-12;0,000118;0,000118;4,19e-8;0,0000587;0,0000587;0,128;0,128;5,21e-10;3,67e-12;0,0239;0,0239;2,059e-10;0,0000559;0,0000559;0,00978;0,00978;2,126e-8;4,751e-9;0,0952;0,0952;0,0000978;0,00004782;0,00005476;0,0000549;0,4158;5,468;5,464;5,556;5,542;0,1866;0,01884;0,006696;0,006704
16,42;37;6,02e-12;3,82e-12;0,000277;0,000277;6,46e-7;0,000415;0,000415;0,184;0,184;7,3e-9;9,49e-12;0,056;0,056;3,304e-9;0,0001492;0,0001492;0,01636;0,01636;3,464e-7;5,257e-8;0,1744;0,1744;0,0002496;0,0000702;0,000112;0,0001118;0,6;8,5;8,484;9,024;9,036;0,3354;0,02724;0,0157;0,01568
16,47;49,7;8,67e-11;7,67e-12;0,000496;0,000496;0,00000996;0,00224;0,00224;0,203;0,203;1,12e-7;1,89e-11;0,1;0,1;5,234e-8;0,0003596;0,0003596;0,02237;0,02237;0,00000572;7,72e-7;0,2596;0,2596;0,0004914;0,0000792;0,000187;0,0001868;0,66;11,56;11,6;11,94;11,95;0,5016;0,03006;0,0281;0,02806
16,52;56,7;1,04e-9;1,21e-11;0,000677;0,000677;0,00012;0,00922;0,00922;0,17;0,17;0,00000134;2,95e-11;0,137;0,137;6,472e-7;0,000862;0,000862;0,02533;0,02533;0,0000744;0,000009263;0,3106;0,3106;0,000744;0,0000696;0,0002486;0,0002488;0,5592;13,82;13,84;13,12;13,15;0,624;0,02538;0,03844;0,03842
16,57;55;9,55e-9;2,57e-11;0,000707;0,000707;0,0011;0,029;0,029;0,109;0,109;0,0000123;5,92e-11;0,143;0,143;0,000006126;0,00206;0,00206;0,02358;0,02358;0,000746;0,0000852;0,2992;0,2992;0,000864;0,00004836;0,0002638;0,0002636;0,3618;14,24;14,24;12,02;12,03;0,636;0,01638;0,0402;0,04014
16,62;46,1;6,71e-8;3,15e-10;0,000563;0,000563;0,00775;0,0695;0,0695;0,0536;0,0536;0,0000868;6,76e-10;0,114;0,114;0,0000445;0,004416;0,004416;0,01796;0,01796;0,005748;0,000598;0,2379;0,2379;0,000768;0,00002742;0,0002296;0,0002296;0,1836;13,02;13,02;9,092;9,102;0,5238;0,00816;0,03212;0,03214
16,67;35,6;3,6e-7;5,81e-9;0,000342;0,000342;0,0416;0,127;0,127;0,02;0,02;0,000465;1,24e-8;0,0692;0,0692;0,000248;0,007752;0,007752;0,01099;0,01099;0,0339;0,003221;0,1636;0,1636;0,0005268;0,00001518;0,0001784;0,0001786;0,0924;11,5;11,48;5,58;5,577;0,3402;0,003456;0,01982;0,01984
16,72;27,7;0,00000147;8,48e-8;0,000159;0,000159;0,17;0,178;0,178;0,00571;0,00571;0,0019;1,81e-7;0,0321;0,0321;0,00106;0,01068;0,01068;0,00532;0,00532;0,1538;0,01315;0,1082;0,1082;0,000288;0,00001668;0,0001382;0,000138;0,12;10,39;10,38;2,756;2,754;0,174;0,00243;0,00958;0,009616
16,77;22,8;0,0000046;9,48e-7;0,0000561;0,0000561;0,532;0,19;0,19;0,00124;0,00124;0,00595;0,00000203;0,0114;0,0114;0,003472;0,01136;0,01136;0,002005;0,002005;0,5346;0,04131;0,07416;0,07416;0,0001614;0,00004044;0,0001094;0,0001094;0,3162;9,122;9,128;1,142;1,142;0,075;0,004962;0,003944;0,003942
16,82;19,6;0,000011;0,00000808;0,0000152;0,0000152;1,27;0,155;0,155;0,000207;0,000207;0,0142;0,0000173;0,00307;0,00307;0,008738;0,009217;0,009217;0,0005858;0,0005858;1,428;0,09935;0,04945;0,04945;0,0001704;0,0001056;0,0000822;0,00008218;0,744;7,146;7,152;0,5444;0,5428;0,03882;0,0114;0,001782;0,001782
16,87;18,3;0,00002;0,0000526;0,00000313;0,00000313;2,31;0,0963;0,0963;0,0000263;0,0000263;0,0258;0,000112;0,000633;0,000633;0,01682;0,00574;0,00574;0,0001317;0,0001317;2,926;0,1874;0,02859;0,02859;0,0003222;0,0002718;0,00005736;0,00005708;1,356;4,896;4,912;0,4996;0,5006;0,03954;0,0207;0,001403;0,001404
16,92;18,5;0,0000278;0,000261;4,93e-7;4,93e-7;3,21;0,0457;0,0457;0,00000254;0,00000254;0,0359;0,000558;0,0000997;0,0000997;0,0249;0,002721;0,002721;0,00002275;0,00002275;4,632;0,2927;0,0132;0,0132;0,00075;0,000774;0,00004024;0,00004024;1,884;3,261;3,26;0,6176;0,6161;0,05316;0,02904;0,001665;0,001666
16,97;18,4;0,0000294;0,00099;5,92e-8;5,92e-8;3,4;0,0166;0,0166;1,88e-7;1,88e-7;0,0381;0,00212;0,000012;0,000012;0,0283;0,0009864;0,0009864;0,000003011;0,000003011;5,73;0,4342;0,004739;0,004739;0,00198;0,002328;0,0000311;0,0000311;2,016;2,347;2,35;0,672;0,672;0,0702;0,03192;0,001901;0,001904
17,02;16,5;0,0000238;0,00287;5,44e-9;5,44e-9;2,76;0,00458;0,00458;1,08e-8;1,08e-8;0,0308;0,00613;0,0000011;0,0000011;0,02472;0,0002726;0,0002726;3,04e-7;3,04e-7;5,79;0,7088;0,001306;0,001306;0,00504;0,00624;0,0000242;0,00002422;1,674;1,753;1,75;0,6244;0,624;0,099;0,02892;0,001755;0,001756
17,07;13,5;0,0000147;0,00633;3,81e-10;3,81e-10;1,7;0,000966;0,000966;5,42e-10;5,42e-10;0,0191;0,0135;7,7e-8;7,7e-8;0,0166;0,00005739;0,00005739;2,365e-8;2,365e-8;5,218;1,224;0,0002761;0,0002761;0,01068;0,0135;0,00001632;0,00001632;1,128;1,163;1,162;0,5696;0,568;0,1536;0,02466;0,001257;0,001256
17,12;11,3;0,00000695;0,0107;2,04e-11;2,04e-11;0,803;0,000156;0,000156;5,62e-11;5,62e-11;0,00899;0,0228;4,14e-9;4,14e-9;0,00864;0,000009272;0,000009272;1,418e-9;1,418e-9;4,736;1,907;0,00004441;0,00004441;0,01782;0,02262;0,000008799;0,000008792;0,69;0,6244;0,622;0,576;0,576;0,2286;0,0231;0,0006881;0,0006876
17,17;10,1;0,0000025;0,0137;8,46e-13;8,46e-13;0,289;0,0000191;0,0000191;1,68e-11;1,68e-11;0,00324;0,0294;1,78e-10;1,78e-10;0,003538;0,00000114;0,00000114;8,055e-11;8,055e-11;4,444;2,396;0,000005461;0,000005461;0,02286;0,02904;0,000003669;0,000003668;0,4506;0,2593;0,2592;0,6028;0,604;0,2838;0,02304;0,0002884;0,0002882
17,22;8,54;6,88e-7;0,0135;3,93e-14;3,93e-14;0,0795;0,0000018;0,0000018;6,03e-12;6,03e-12;0,00089;0,0289;1,01e-11;1,01e-11;0,001198;1,07e-7;1,07e-7;1,694e-11;1,694e-11;3,831;2,337;5,123e-7;5,123e-7;0,02244;0,02856;0,000001172;0,000001171;0,3228;0,08281;0,0828;0,5548;0,556;0,2754;0,02082;0,0000924;0,00009236
17,27;6,1;1,44e-7;0,0101;1,02e-14;1,02e-14;0,0167;1,29e-7;1,29e-7;2,38e-12;2,38e-12;0,000187;0,0216;2,52e-12;2,52e-12;0,0003728;7,659e-9;7,659e-9;1,064e-11;1,064e-11;2,756;1,749;3,668e-8;3,668e-8;0,01686;0,02142;2,86e-7;2,858e-7;0,2172;0,0202;0,02018;0,408;0,408;0,2058;0,01524;0,00002252;0,00002254
17,32;3,43;2,31e-8;0,00579;5,37e-15;5,37e-15;0,00267;7,05e-9;7,05e-9;1,02e-12;1,02e-12;0,0000299;0,0124;1,14e-12;1,14e-12;0,0001203;4,223e-10;4,223e-10;5,967e-12;5,967e-12;1,55;1,002;2,039e-9;2,039e-9;0,00966;0,01224;5,32e-8;5,336e-8;0,12;0,003764;0,003756;0,232;0,232;0,1176;0,00864;0,0000042;0,0000042
17,37;1,49;2,82e-9;0,00253;2,33e-15;2,33e-15;0,000326;2,99e-10;2,99e-10;4,02e-13;4,02e-13;0,00000365;0,00541;4,64e-13;4,64e-13;0,00003989;1,853e-11;1,853e-11;2,603e-12;2,603e-12;0,6735;0,4364;9,032e-11;9,032e-11;0,004212;0,005352;7,6e-9;7,588e-9;0,05202;0,000536;0,0005364;0,1014;0,1012;0,05148;0,003774;5,96e-7;5,972e-7
17,42;0,497;2,64e-10;0,000844;7,76e-16;7,76e-16;0,0000305;1,11e-11;1,11e-11;1,3e-13;1,3e-13;3,41e-7;0,0018;1,51e-13;1,51e-13;0,00001201;8,986e-13;8,986e-13;8,67e-13;8,67e-13;0,2242;0,1458;4,479e-12;4,479e-12;0,001404;0,001782;8,24e-10;8,244e-10;0,01728;0,000058;0,0000582;0,03384;0,03376;0,01716;0,00126;6,48e-8;6,484e-8
17,47;0,126;1,88e-11;0,000215;1,98e-16;1,98e-16;0,00000217;6,71e-13;6,71e-13;3,28e-14;3,28e-14;2,43e-8;0,000459;3,82e-14;3,82e-14;0,000002941;1,003e-13;1,003e-13;2,202e-13;2,202e-13;0,05721;0,037;4,904e-13;4,904e-13;0,0003576;0,0004542;6,84e-11;6,836e-11;0,004398;0,00000484;0,000004828;0,008584;0,0086;0,004368;0,0003198;5,4e-9;5,372e-9
17,52;0,0246;1,03e-12;0,0000417;3,84e-17;3,84e-17;1,18e-7;8,61e-14;8,61e-14;6,36e-15;6,36e-15;1,32e-9;0,0000893;7,4e-15;7,4e-15;5,666e-7;1,687e-14;1,687e-14;4,285e-14;4,285e-14;0,0111;0,007226;8,056e-14;8,056e-14;0,0000696;0,0000882;4,32e-12;4,32e-12;0,000852;3,052e-7;3,056e-7;0,001668;0,001668;0,000852;0,0000624;3,404e-10;3,416e-10
17,57;0,00364;4,32e-14;0,00000619;5,69e-18;5,69e-18;4,89e-9;1,28e-14;1,28e-14;9,42e-16;9,42e-16;5,48e-11;0,0000132;1,1e-15;1,1e-15;8,372e-8;2,501e-15;2,501e-15;6,347e-15;6,347e-15;0,001646;0,00107;1,183e-14;1,183e-14;0,00001032;0,00001308;2,088e-13;2,088e-13;0,0001266;1,476e-8;1,474e-8;0,0002474;0,0002476;0,000126;0,00000924;1,644e-11;1,644e-11
17,62;0,000412;1,44e-15;7,01e-7;6,44e-19;6,44e-19;1,55e-10;1,44e-15;1,44e-15;1,07e-16;1,07e-16;1,74e-12;0,0000015;1,24e-16;1,24e-16;9,465e-9;2,83e-16;2,83e-16;7,188e-16;7,188e-16;0,0001864;0,0001211;1,335e-15;1,335e-15;0,000001164;0,000001482;7,68e-15;7,708e-15;0,00001434;5,44e-10;5,432e-10;0,00002804;0,00002804;0,00001428;0,000001044;6,081e-13;6,064e-13
17,67;0,0000356;4,07e-17;6,06e-8;5,57e-20;5,57e-20;3,74e-12;1,25e-16;1,25e-16;9,21e-18;9,21e-18;4,25e-14;1,29e-7;1,07e-17;1,07e-17;8,181e-10;2,445e-17;2,445e-17;6,207e-17;6,207e-17;0,0000161;0,00001046;1,154e-16;1,154e-16;1,008e-7;1,278e-7;2,168e-16;2,17e-16;0,000001242;1,528e-11;1,528e-11;0,000002422;0,00000242;0,00000123;9e-8;1,709e-14;1,712e-14
17,72;0,00000235;5,48e-19;3,99e-9;3,67e-21;3,67e-21;3,18e-18;8,23e-18;8,23e-18;6,08e-19;6,08e-19;3,93e-17;8,54e-9;7,07e-19;7,07e-19;5,4e-11;1,613e-18;1,613e-18;4,105e-18;4,105e-18;0,000001062;6,9e-7;7,599e-18;7,599e-18;6,66e-9;8,46e-9;2,4e-20;2,4e-20;8,16e-8;2,894e-18;2,896e-18;1,596e-7;1,596e-7;8,1e-8;5,946e-9;2,49e-18;2,49e-18
17,77;1,18e-7;2,76e-20;2,01e-10;1,85e-22;1,85e-22;1,6e-19;4,15e-19;4,15e-19;3,06e-20;3,06e-20;1,98e-18;4,3e-10;3,56e-20;3,56e-20;2,72e-12;8,124e-20;8,124e-20;2,062e-19;2,062e-19;5,34e-8;3,466e-8;3,82e-19;3,82e-19;3,348e-10;4,254e-10;1,209e-21;1,208e-21;4,116e-9;1,456e-19;1,459e-19;8,04e-9;8,04e-9;4,092e-9;2,994e-10;1,254e-19;1,254e-19
17,82;4,55e-9;1,06e-21;7,73e-12;7,1e-24;7,1e-24;6,16e-21;1,59e-20;1,59e-20;1,18e-21;1,18e-21;7,6e-20;1,65e-11;1,37e-21;1,37e-21;1,044e-13;3,115e-21;3,115e-21;7,929e-21;7,929e-21;2,06e-9;1,335e-9;1,471e-20;1,471e-20;1,284e-11;1,632e-11;4,648e-23;4,636e-23;1,584e-10;5,592e-21;5,608e-21;3,092e-10;3,092e-10;1,572e-10;1,152e-11;4,8e-21;4,804e-21
17,87;1,33e-10;3,11e-23;2,27e-13;2,08e-25;2,08e-25;1,81e-22;4,67e-22;4,67e-22;3,45e-23;3,45e-23;2,23e-21;4,85e-13;4,01e-23;4,01e-23;3,06e-15;9,167e-23;9,167e-23;2,323e-22;2,323e-22;6,02e-11;3,922e-11;4,306e-22;4,306e-22;3,774e-13;4,794e-13;1,364e-24;1,36e-24;4,638e-12;1,644e-22;1,643e-22;9,06e-12;9,08e-12;4,608e-12;3,378e-13;1,412e-22;1,41e-22
17,92;0;0;0;0;0;0;0;0;0;0;0;0;0;0;0;0;0;0;0;0;0;0;0;0;0;0;0;0;0;0;0;0;0;0;0;0
17,97;0;0;0;0;0;0;0;0;0;0;0;0;0;0;0;0;0;0;0;0;0;0;0;0;0;0;0;0;0;0;0;0;0;0;0;0
18,02;0;0;0;0;0;0;0;0;0;0;0;0;0;0;0;0;0;0;0;0;0;0;0;0;0;0;0;0;0;0;0;0;0;0;0;0
18,07;0;0;0;0;0;0;0;0;0;0;0;0;0;0;0;0;0;0;0;0;0;0;0;0;0;0;0;0;0;0;0;0;0;0;0;0
18,12;1,52e-11;5,13e-23;7,09e-24;3,74e-16;3,74e-16;2,18e-21;1,15e-20;1,15e-20;4,57e-19;4,57e-19;6,49e-21;3,01e-21;6,59e-13;6,59e-13;5,528e-23;1,086e-15;1,086e-15;5,616e-15;5,616e-15;8,114e-21;1,361e-20;5,454e-12;5,454e-12;9e-22;3,984e-23;1,582e-15;1,58e-15;7,74e-19;1,042e-12;1,045e-12;2,024e-19;2,026e-19;4,098e-21;3,75e-20;9,94e-14;9,922e-14
18,17;6,37e-10;2,15e-21;2,97e-22;1,57e-14;1,57e-14;9,14e-20;4,82e-19;4,82e-19;1,91e-17;1,91e-17;2,72e-19;1,26e-19;2,76e-11;2,76e-11;2,316e-21;4,54e-14;4,54e-14;2,345e-13;2,345e-13;3,396e-19;5,705e-19;2,283e-10;2,283e-10;3,768e-20;1,668e-21;6,62e-14;6,594e-14;3,246e-17;4,38e-11;4,364e-11;8,48e-18;8,5e-18;1,716e-19;1,572e-18;4,168e-12;4,164e-12
18,22;2,04e-8;6,86e-20;9,48e-21;5e-13;5e-13;2,92e-18;1,54e-17;1,54e-17;6,12e-16;6,12e-16;8,69e-18;4,02e-18;8,81e-10;8,81e-10;7,39e-20;1,452e-12;1,452e-12;7,508e-12;7,508e-12;1,086e-17;1,82e-17;7,29e-9;7,29e-9;1,206e-18;5,334e-20;2,114e-12;2,114e-12;1,038e-15;1,396e-9;1,395e-9;2,71e-16;2,712e-16;5,484e-18;5,022e-17;1,328e-10;1,33e-10
18,27;4,97e-7;1,67e-18;2,31e-19;1,22e-11;1,22e-11;7,13e-17;3,76e-16;3,76e-16;1,49e-14;1,49e-14;2,12e-16;9,81e-17;2,15e-8;2,15e-8;1,804e-18;3,54e-11;3,54e-11;1,833e-10;1,833e-10;2,644e-16;4,445e-16;1,779e-7;1,779e-7;2,94e-17;1,302e-18;5,152e-11;5,174e-11;2,532e-14;3,408e-8;3,408e-8;6,62e-15;6,596e-15;1,338e-16;1,224e-15;3,244e-9;3,242e-9
18,32;0,00000925;3,12e-17;4,31e-18;2,27e-10;2,27e-10;1,33e-15;6,99e-15;6,99e-15;2,78e-13;2,78e-13;3,95e-15;1,83e-15;4e-7;4e-7;3,358e-17;6,6e-10;6,6e-10;3,415e-9;3,415e-9;4,924e-15;8,26e-15;0,000003304;0,000003304;5,472e-16;2,424e-17;9,6e-10;9,6e-10;4,716e-13;6,344e-7;6,35e-7;1,23e-13;1,23e-13;2,49e-15;2,28e-14;6,04e-8;6,048e-8
18,37;0,000131;4,43e-16;6,12e-17;3,23e-9;3,23e-9;1,89e-14;9,94e-14;9,94e-14;3,95e-12;3,95e-12;5,61e-14;2,6e-14;0,00000569;0,00000569;4,766e-16;9,38e-9;9,38e-9;4,855e-8;4,855e-8;6,996e-14;1,175e-13;0,000047;0,000047;7,8e-15;3,444e-16;1,362e-8;1,363e-8;6,72e-12;0,000009012;0,000009026;1,75e-12;1,748e-12;3,54e-14;3,24e-13;8,584e-7;8,586e-7
18,42;0,00143;4,8e-15;6,64e-16;3,5e-8;3,5e-8;2,05e-13;1,08e-12;1,08e-12;4,29e-11;4,29e-11;6,09e-13;2,82e-13;0,0000617;0,0000617;5,184e-15;1,016e-7;1,016e-7;5,266e-7;5,266e-7;7,596e-13;1,274e-12;0,0005108;0,0005108;8,46e-14;3,738e-15;1,48e-7;1,478e-7;7,26e-11;0,00009784;0,00009764;1,898e-11;1,9e-11;3,84e-13;3,516e-12;0,0000093;0,000009298
18,47;0,0118;3,98e-14;5,5e-15;2,9e-7;2,9e-7;1,7e-12;8,92e-12;8,92e-12;3,55e-10;3,55e-10;5,04e-12;2,33e-12;0,000511;0,000511;4,28e-14;8,42e-7;8,42e-7;0,000004361;0,000004361;6,278e-12;1,054e-11;0,004222;0,004222;6,96e-13;3,096e-14;0,000001224;0,000001225;6e-10;0,0008096;0,0008078;1,57e-10;1,574e-10;3,18e-12;2,91e-11;0,00007708;0,00007696
18,52;0,0746;2,51e-13;3,47e-14;0,00000183;0,00000183;1,07e-11;5,64e-11;5,64e-11;2,24e-9;2,24e-9;3,19e-11;1,47e-11;0,00323;0,00323;2,708e-13;0,00000532;0,00000532;0,00002756;0,00002756;3,972e-11;6,657e-11;0,02674;0,02674;4,416e-12;1,956e-13;0,000007744;0,000007742;3,804e-9;0,005124;0,005098;9,94e-10;9,92e-10;2,01e-11;1,842e-10;0,0004876;0,0004892
18,57;0,36;1,21e-12;1,68e-13;0,00000884;0,00000884;5,17e-11;2,72e-10;2,72e-10;1,08e-8;1,08e-8;1,54e-10;7,11e-11;0,0156;0,0156;1,306e-12;0,0000256;0,0000256;0,0001327;0,0001327;1,914e-10;3,209e-10;0,129;0,129;2,13e-11;9,42e-13;0,00003744;0,00003734;1,836e-8;0,02468;0,02467;4,794e-9;4,794e-9;9,72e-11;8,88e-10;0,00235;0,002348
18,62;1,32;4,47e-12;6,17e-13;0,0000325;0,0000325;1,9e-10;1e-9;1e-9;3,99e-8;3,99e-8;5,66e-10;2,62e-10;0,0573;0,0573;4,82e-12;0,0000944;0,0000944;0,0004896;0,0004896;7,054e-10;1,186e-9;0,4754;0,4754;7,86e-11;3,474e-12;0,0001376;0,0001376;6,78e-8;0,0908;0,09072;1,764e-8;1,764e-8;3,57e-10;3,27e-9;0,008656;0,008672
18,67;3,72;1,26e-11;1,73e-12;0,0000915;0,0000915;5,36e-10;2,81e-9;2,81e-9;1,12e-7;1,12e-7;1,59e-9;7,36e-10;0,161;0,161;1,352e-11;0,000266;0,000266;0,001374;0,001374;1,982e-9;3,328e-9;1,335;1,335;2,202e-10;9,78e-12;0,000386;0,0003866;1,902e-7;0,2554;0,2553;4,962e-8;4,962e-8;1,002e-9;9,18e-9;0,02432;0,02434
18,72;7,99;2,69e-11;3,72e-12;0,000196;0,000196;1,15e-9;6,03e-9;6,03e-9;2,4e-7;2,4e-7;3,41e-9;1,58e-9;0,346;0,346;2,902e-11;0,00057;0,00057;0,002942;0,002942;4,258e-9;7,14e-9;2,863;2,863;4,728e-10;2,094e-11;0,00083;0,0008276;4,08e-7;0,5472;0,5486;1,064e-7;1,066e-7;2,154e-9;1,974e-8;0,05224;0,05206
18,77;13,1;4,41e-11;6,09e-12;0,000321;0,000321;1,88e-9;9,88e-9;9,88e-9;3,94e-7;3,94e-7;5,59e-9;2,58e-9;0,566;0,566;4,758e-11;0,000932;0,000932;0,004834;0,004834;6,966e-9;1,169e-8;4,69;4,69;7,74e-10;3,432e-11;0,00136;0,001358;6,66e-7;0,8976;0,8984;1,744e-7;1,744e-7;3,528e-9;3,228e-8;0,08548;0,08542
18,82;16,4;5,51e-11;7,61e-12;0,000402;0,000402;2,35e-9;1,23e-8;1,23e-8;4,92e-7;4,92e-7;6,99e-9;3,23e-9;0,708;0,708;5,928e-11;0,001166;0,001166;0,006028;0,006028;8,698e-9;1,461e-8;5,864;5,864;9,66e-10;4,29e-11;0,001696;0,001699;8,34e-7;1,12;1,123;2,178e-7;2,178e-7;4,41e-9;4,038e-8;0,1068;0,1068
18,87;15,6;5,26e-11;7,26e-12;0,000383;0,000383;2,25e-9;1,18e-8;1,18e-8;4,7e-7;4,7e-7;6,67e-9;3,08e-9;0,675;0,675;5,674e-11;0,001112;0,001112;0,00576;0,00576;8,296e-9;1,395e-8;5,584;5,584;9,24e-10;4,092e-11;0,00162;0,001619;7,98e-7;1,07;1,071;2,078e-7;2,08e-7;4,206e-9;3,852e-8;0,102;0,1019
18,92;11,4;3,83e-11;5,29e-12;0,000279;0,000279;1,64e-9;8,58e-9;8,58e-9;3,42e-7;3,42e-7;4,86e-9;2,24e-9;0,492;0,492;4,122e-11;0,00081;0,00081;0,004197;0,004197;6,044e-9;1,015e-8;4,064;4,064;6,72e-10;2,982e-11;0,001182;0,001181;5,802e-7;0,7796;0,7776;1,516e-7;1,514e-7;3,066e-9;2,808e-8;0,0742;0,07428
18,97;6,32;2,13e-11;2,94e-12;0,000155;0,000155;9,1e-10;4,77e-9;4,77e-9;1,9e-7;1,9e-7;2,7e-9;1,25e-9;0,273;0,273;2,292e-11;0,00045;0,00045;0,002325;0,002325;3,364e-9;5,637e-9;2,264;2,264;3,738e-10;1,656e-11;0,0006552;0,0006548;3,228e-7;0,4324;0,432;8,42e-8;8,44e-8;1,704e-9;1,56e-8;0,04132;0,04124
19,02;2,68;9,04e-12;1,25e-12;0,0000658;0,0000658;3,86e-10;2,02e-9;2,02e-9;8,07e-8;8,07e-8;1,15e-9;5,29e-10;0,116;0,116;9,738e-12;0,0001912;0,0001912;0,0009894;0,0009894;1,424e-9;2,395e-9;0,9606;0,9606;1,59e-10;7,02e-12;0,000278;0,0002782;1,368e-7;0,1838;0,184;3,574e-8;3,574e-8;7,2e-10;6,6e-9;0,0175;0,01748
19,07;0,868;2,93e-12;4,04e-13;0,0000213;0,0000213;1,25e-10;6,55e-10;6,55e-10;2,62e-8;2,62e-8;3,71e-10;1,71e-10;0,0376;0,0376;3,146e-12;0,0000618;0,0000618;0,0003209;0,0003209;4,608e-10;7,75e-10;0,3112;0,3112;5,142e-11;2,28e-12;0,00009008;0,00009024;4,434e-8;0,05944;0,0596;1,156e-8;1,16e-8;2,34e-10;2,148e-9;0,00566;0,005652
19,12;0,215;7,24e-13;9,99e-14;0,00000527;0,00000527;3,09e-11;1,62e-10;1,62e-10;6,47e-9;6,47e-9;9,18e-11;4,24e-11;0,00928;0,00928;7,788e-13;0,0000153;0,0000153;0,0000792;0,0000792;1,141e-10;1,916e-10;0,07674;0,07674;1,272e-11;5,634e-13;0,00002226;0,00002226;1,098e-8;0,01472;0,01473;2,864e-9;2,864e-9;5,79e-11;5,304e-10;0,0014;0,001401
19,17;0,0405;1,37e-13;1,88e-14;9,94e-7;9,94e-7;5,84e-12;3,05e-11;3,05e-11;1,22e-9;1,22e-9;1,73e-11;8e-12;0,00175;0,00175;1,47e-13;0,00000288;0,00000288;0,00001494;0,00001494;2,154e-11;3,619e-11;0,0145;0,0145;2,4e-12;1,062e-13;0,000004204;0,000004202;2,07e-9;0,002778;0,002778;5,396e-10;5,402e-10;1,092e-11;1,002e-10;0,0002644;0,0002642
19,22;0,00583;1,97e-14;2,71e-15;1,43e-7;1,43e-7;8,41e-13;4,4e-12;4,4e-12;1,76e-10;1,76e-10;2,5e-12;1,15e-12;0,000252;0,000252;2,116e-14;4,16e-7;4,16e-7;0,00000216;0,00000216;3,106e-12;5,22e-12;0,002089;0,002089;3,456e-13;1,53e-14;6,056e-7;6,06e-7;2,982e-10;0,0004008;0,0004;7,8e-11;7,78e-11;1,572e-12;1,44e-11;0,00003812;0,00003808
19,27;0,000641;2,16e-15;2,98e-16;1,57e-8;1,57e-8;9,25e-14;4,83e-13;4,83e-13;1,93e-11;1,93e-11;2,74e-13;1,27e-13;0,0000277;0,0000277;2,328e-15;4,58e-8;4,58e-8;2,366e-7;2,366e-7;3,4e-13;5,731e-13;0,0002296;0,0002296;3,798e-14;1,686e-15;6,656e-8;6,638e-8;3,276e-11;0,00004392;0,00004406;8,56e-12;8,56e-12;1,728e-13;1,584e-12;0,000004176;0,000004186